keyword,post_url,post_username,comment_username,comment_profile_url,comment_text,comment_like_count,original_text,clean_text
mobil dinas gubernur kaltim,https://www.tiktok.com/@arteranews.id/video/7611460664074390804,@arteranews.id,@kmkm8468,https://www.tiktok.com/@kmkm8468,"Lebih heran lagi, masyarakat dan mahasiswa disana pada diam ga ada yg bersuara 2-27",1461,"Lebih heran lagi, masyarakat dan mahasiswa disana pada diam ga ada yg bersuara 2-27",lebih heran lagi masyarakat dan mahasiswa disana pada diam tidak ada yang bersuara 2 27
mobil dinas gubernur kaltim,https://www.tiktok.com/@arteranews.id/video/7611460664074390804,@arteranews.id,@sahidmridwan11,https://www.tiktok.com/@sahidmridwan11,"jgn di coblos lagi, cukup 1 periode 2-28",641,"jgn di coblos lagi, cukup 1 periode 2-28",jgn di coblos lagi cukup 1 periode 2 28
mobil dinas gubernur kaltim,https://www.tiktok.com/@arteranews.id/video/7611460664074390804,@arteranews.id,@wizzy_0104,https://www.tiktok.com/@wizzy_0104,udh muak bgt jadi WNI apalagi gubernur BANTEN.!🤣 2-27,378,udh muak bgt jadi WNI apalagi gubernur BANTEN.!🤣 2-27,udh muak banget jadi wni apalagi gubernur banten 2 27
mobil dinas gubernur kaltim,https://www.tiktok.com/@arteranews.id/video/7611460664074390804,@arteranews.id,@fox5treet,https://www.tiktok.com/@fox5treet,warga kaltim kemana?ngk protes? 2-28,17,warga kaltim kemana?ngk protes? 2-28,warga kaltim kemana ngk protes 2 28
mobil dinas gubernur kaltim,https://www.tiktok.com/@arteranews.id/video/7611460664074390804,@arteranews.id,@nurul_fg,https://www.tiktok.com/@nurul_fg,"Bukan klo mobil dinas platnya merah ya😁, kok ini putih 😬🫰🏻 semangat ya pak gubernurku🫶🏻 2-27",4,"Bukan klo mobil dinas platnya merah ya😁, kok ini putih 😬🫰🏻 semangat ya pak gubernurku🫶🏻 2-27",bukan kalau mobil dinas platnya merah ya kok ini putih semangat ya pak gubernurku 2 27
mobil dinas gubernur kaltim,https://www.tiktok.com/@arteranews.id/video/7611460664074390804,@arteranews.id,@agusprianto172,https://www.tiktok.com/@agusprianto172,"serius nanya, kok platnya putih? bukannya harusnya merah? terus yaa, INI RAKYAT KALTIM DIEM AJA SERIUS? KALIAN MUAK NGGA SI? 2-28",4,"serius nanya, kok platnya putih? bukannya harusnya merah? terus yaa, INI RAKYAT KALTIM DIEM AJA SERIUS? KALIAN MUAK NGGA SI? 2-28",serius nanya kok platnya putih bukannya harusnya merah terus yaa ini rakyat kaltim diem saja serius kalian muak ngga si 2 28
mobil dinas gubernur kaltim,https://www.tiktok.com/@arteranews.id/video/7611460664074390804,@arteranews.id,@hsisijsu,https://www.tiktok.com/@hsisijsu,kompak naik mobil Defender😂😂 2-28,9,kompak naik mobil Defender😂😂 2-28,kompak naik mobil defender 2 28
mobil dinas gubernur kaltim,https://www.tiktok.com/@arteranews.id/video/7611460664074390804,@arteranews.id,@jio.agriffa,https://www.tiktok.com/@jio.agriffa,pantes aja banyak orang yang pengen lepas dari Indonesia orang pejabat nya aja gini😂 2-28,10,pantes aja banyak orang yang pengen lepas dari Indonesia orang pejabat nya aja gini😂 2-28,pantes saja banyak orang yang pengen lepas dari indonesia orang pejabat nya saja gini 2 28
mobil dinas gubernur kaltim,https://www.tiktok.com/@arteranews.id/video/7611460664074390804,@arteranews.id,@trichardo0,https://www.tiktok.com/@trichardo0,buat apa jalan bagus 2-28,12,buat apa jalan bagus 2-28,buat apa jalan bagus 2 28
mobil dinas gubernur kaltim,https://www.tiktok.com/@arteranews.id/video/7611460664074390804,@arteranews.id,@hairul5333,https://www.tiktok.com/@hairul5333,Ayu ting ting naik grobak yg penting kita kopak .kocak bener deh jadi GUBERNUR🤣🤣 2-27,31,Ayu ting ting naik grobak yg penting kita kopak .kocak bener deh jadi GUBERNUR🤣🤣 2-27,ayu ting ting naik grobak yang penting kita kopak kocak bener deh jadi gubernur 2 27
mobil dinas gubernur kaltim,https://www.tiktok.com/@arteranews.id/video/7611460664074390804,@arteranews.id,@sem66002,https://www.tiktok.com/@sem66002,gubernur lol 2-28,2,gubernur lol 2-28,gubernur lol 2 28
mobil dinas gubernur kaltim,https://www.tiktok.com/@arteranews.id/video/7611460664074390804,@arteranews.id,@bayzz_190,https://www.tiktok.com/@bayzz_190,mobil butut 4-23,1,mobil butut 4-23,mobil butut 4 23
mobil dinas gubernur kaltim,https://www.tiktok.com/@arteranews.id/video/7611460664074390804,@arteranews.id,@komentator433,https://www.tiktok.com/@komentator433,pemimpin sekarang kagak ada yang mikir rakyat 2-28,50,pemimpin sekarang kagak ada yang mikir rakyat 2-28,pemimpin sekarang kagak ada yang mikir rakyat 2 28
mobil dinas gubernur kaltim,https://www.tiktok.com/@arteranews.id/video/7611460664074390804,@arteranews.id,@lukasusman01,https://www.tiktok.com/@lukasusman01,Menyala Gubernur Kaltim 🤣.... 3-5,0,Menyala Gubernur Kaltim 🤣.... 3-5,menyala gubernur kaltim 3 5
mobil dinas gubernur kaltim,https://www.tiktok.com/@arteranews.id/video/7611460664074390804,@arteranews.id,@sunride_21,https://www.tiktok.com/@sunride_21,"Harusnya rasain jadi warga, naik motor lewat situ, bukan duduk manis pake sopir 2-28",1,"Harusnya rasain jadi warga, naik motor lewat situ, bukan duduk manis pake sopir 2-28",harusnya rasain jadi warga naik motor lewat situ bukan duduk manis pake sopir 2 28
mobil dinas gubernur kaltim,https://www.tiktok.com/@arteranews.id/video/7611460664074390804,@arteranews.id,@alyasofi26,https://www.tiktok.com/@alyasofi26,diliatin banget kasta pejabat sama rakyatnya😭 yuk kpk bisa yukk 🙏 2-28,7,diliatin banget kasta pejabat sama rakyatnya😭 yuk kpk bisa yukk 🙏 2-28,diliatin banget kasta pejabat sama rakyatnya yuk kpk bisa yukk 2 28
mobil dinas gubernur kaltim,https://www.tiktok.com/@arteranews.id/video/7611460664074390804,@arteranews.id,@bayiik13,https://www.tiktok.com/@bayiik13,plat putih??? 3-1,2,plat putih??? 3-1,plat putih 3 1
mobil dinas gubernur kaltim,https://www.tiktok.com/@arteranews.id/video/7611460664074390804,@arteranews.id,@yulie_36,https://www.tiktok.com/@yulie_36,ayu tingting gmw naek grobak pak 3-26,2,ayu tingting gmw naek grobak pak 3-26,ayu tingting gmw naek grobak pak 3 26
mobil dinas gubernur kaltim,https://www.tiktok.com/@arteranews.id/video/7611460664074390804,@arteranews.id,@ujngar01_,https://www.tiktok.com/@ujngar01_,"benerin jalan lah kocak malah beli mobil baru,agak Laen emng pemain satu ini 2-28",2,"benerin jalan lah kocak malah beli mobil baru,agak Laen emng pemain satu ini 2-28",benerin jalan lah kocak malah beli mobil baru agak laen emng pemain satu ini 2 28
mobil dinas gubernur kaltim,https://www.tiktok.com/@arteranews.id/video/7611460664074390804,@arteranews.id,@rizalr_skidipapap,https://www.tiktok.com/@rizalr_skidipapap,kompak banget ngabisin duit rakyat 2-28,5,kompak banget ngabisin duit rakyat 2-28,kompak banget ngabisin duit rakyat 2 28
mobil dinas gubernur kaltim,https://www.tiktok.com/@detik.lebak/video/7612096372824608008,@detik.lebak,@mr.uloli,https://www.tiktok.com/@mr.uloli,8 miliar untuk aspal berapa kilo..? 3-1,2593,8 miliar untuk aspal berapa kilo..? 3-1,8 miliar untuk aspal berapa kilo 3 1
mobil dinas gubernur kaltim,https://www.tiktok.com/@detik.lebak/video/7612096372824608008,@detik.lebak,@catenzzo_store,https://www.tiktok.com/@catenzzo_store,indo ga akan maju kalo punya pemimpin seperti ini 3-1,2037,indo ga akan maju kalo punya pemimpin seperti ini 3-1,indo tidak akan maju kalo punya pemimpin seperti ini 3 1
mobil dinas gubernur kaltim,https://www.tiktok.com/@detik.lebak/video/7612096372824608008,@detik.lebak,@kattathey,https://www.tiktok.com/@kattathey,orang kaltim mana nih kok diem aja🤣 3-1,534,orang kaltim mana nih kok diem aja🤣 3-1,orang kaltim mana nih kok diem saja 3 1
mobil dinas gubernur kaltim,https://www.tiktok.com/@detik.lebak/video/7612096372824608008,@detik.lebak,@mahagraaaaa__,https://www.tiktok.com/@mahagraaaaa__,bro yang pake kendaraan apapun tetep berangkat 3-5,271,bro yang pake kendaraan apapun tetep berangkat 3-5,bro yang pake kendaraan apapun tetep berangkat 3 5
mobil dinas gubernur kaltim,https://www.tiktok.com/@detik.lebak/video/7612096372824608008,@detik.lebak,@aldo68307,https://www.tiktok.com/@aldo68307,pak presiden Prabowo Subianto kenapa diam saja 3-11,9,pak presiden Prabowo Subianto kenapa diam saja 3-11,pak presiden prabowo subianto kenapa diam saja 3 11
mobil dinas gubernur kaltim,https://www.tiktok.com/@detik.lebak/video/7612096372824608008,@detik.lebak,@alvin14572,https://www.tiktok.com/@alvin14572,gubernur kaltim utusan dari partai mana......? 3-1,30,gubernur kaltim utusan dari partai mana......? 3-1,gubernur kaltim utusan dari partai mana 3 1
mobil dinas gubernur kaltim,https://www.tiktok.com/@detik.lebak/video/7612096372824608008,@detik.lebak,@mas.langgg,https://www.tiktok.com/@mas.langgg,gubernur Kaltim kok di sandingin sama gubernur Jabar beda kelas jir🤣 3-1,238,gubernur Kaltim kok di sandingin sama gubernur Jabar beda kelas jir🤣 3-1,gubernur kaltim kok di sandingin sama gubernur jabar beda kelas jir 3 1
mobil dinas gubernur kaltim,https://www.tiktok.com/@detik.lebak/video/7612096372824608008,@detik.lebak,@fanz6953,https://www.tiktok.com/@fanz6953,tombol riset gubernur kaltim 3-6,11,tombol riset gubernur kaltim 3-6,tombol riset gubernur kaltim 3 6
mobil dinas gubernur kaltim,https://www.tiktok.com/@detik.lebak/video/7612096372824608008,@detik.lebak,@rezaramdani251,https://www.tiktok.com/@rezaramdani251,"masa mobilnya bagus yang naiknya jelek, jangan dong 😌 3-20",20,"masa mobilnya bagus yang naiknya jelek, jangan dong 😌 3-20",masa mobilnya bagus yang naiknya jelek jangan dong 3 20
mobil dinas gubernur kaltim,https://www.tiktok.com/@detik.lebak/video/7612096372824608008,@detik.lebak,@alviannn2,https://www.tiktok.com/@alviannn2,mana ni masyarakat Kaltim...👌 3-1,53,mana ni masyarakat Kaltim...👌 3-1,mana ni masyarakat kaltim 3 1
mobil dinas gubernur kaltim,https://www.tiktok.com/@detik.lebak/video/7612096372824608008,@detik.lebak,@tehpucukharum571,https://www.tiktok.com/@tehpucukharum571,"Mending gubernur gue , ladang ngonten pake benerin jalan 3-20",9,"Mending gubernur gue , ladang ngonten pake benerin jalan 3-20",mending gubernur gue ladang ngonten pake benerin jalan 3 20
mobil dinas gubernur kaltim,https://www.tiktok.com/@detik.lebak/video/7612096372824608008,@detik.lebak,@saikotravel0,https://www.tiktok.com/@saikotravel0,waduhhh ngabisin agaran 3-3,14,waduhhh ngabisin agaran 3-3,waduhhh ngabisin agaran 3 3
mobil dinas gubernur kaltim,https://www.tiktok.com/@detik.lebak/video/7612096372824608008,@detik.lebak,@maufaal320,https://www.tiktok.com/@maufaal320,gue di Kaltim Wak😭 3-27,1,gue di Kaltim Wak😭 3-27,gue di kaltim wak 3 27
mobil dinas gubernur kaltim,https://www.tiktok.com/@detik.lebak/video/7612096372824608008,@detik.lebak,@mart7401,https://www.tiktok.com/@mart7401,warwah Kalimantan 3-4,3,warwah Kalimantan 3-4,warwah kalimantan 3 4
mobil dinas gubernur kaltim,https://www.tiktok.com/@detik.lebak/video/7612096372824608008,@detik.lebak,@anglerboy009,https://www.tiktok.com/@anglerboy009,yg penting jalan di perbaiki kocak 🤣 3-11,2,yg penting jalan di perbaiki kocak 🤣 3-11,yang penting jalan di perbaiki kocak 3 11
mobil dinas gubernur kaltim,https://www.tiktok.com/@detik.lebak/video/7612096372824608008,@detik.lebak,@mahfudinabe,https://www.tiktok.com/@mahfudinabe,LEBIH KOPLAK NYA...TERPILIH😁😁😁 3-3,33,LEBIH KOPLAK NYA...TERPILIH😁😁😁 3-3,lebih koplak nya terpilih 3 3
mobil dinas gubernur kaltim,https://www.tiktok.com/@detik.lebak/video/7612096372824608008,@detik.lebak,@jodhashaim18,https://www.tiktok.com/@jodhashaim18,warga nya....bayar pajak .cuma buat d nikmati pejabat nya. 3-2,42,warga nya....bayar pajak .cuma buat d nikmati pejabat nya. 3-2,warga nya bayar pajak cuma buat d nikmati pejabat nya 3 2
mobil dinas gubernur kaltim,https://www.tiktok.com/@detik.lebak/video/7612096372824608008,@detik.lebak,@pawonbundnay,https://www.tiktok.com/@pawonbundnay,"Mobil 8 M, yg naik ala kadarnya😂 3-26",3,"Mobil 8 M, yg naik ala kadarnya😂 3-26",mobil 8 m yang naik ala kadarnya 3 26
mobil dinas gubernur kaltim,https://www.tiktok.com/@suka.otom0tif/video/7612478466214104328,@suka.otom0tif,@dexter.xixixi,https://www.tiktok.com/@dexter.xixixi,knp gak jalan nya aja yang di bnerin? 3-3,58,knp gak jalan nya aja yang di bnerin? 3-3,knp tidak jalan nya saja yang di bnerin 3 3
mobil dinas gubernur kaltim,https://www.tiktok.com/@suka.otom0tif/video/7612478466214104328,@suka.otom0tif,@aecs789,https://www.tiktok.com/@aecs789,"daripada beli tuh mobil mending benerin tuh jalan, kalo mau beli pun lu beli Ford raptor 1,5m dah bisa terabas² medan itu🗿 3-21",1,"daripada beli tuh mobil mending benerin tuh jalan, kalo mau beli pun lu beli Ford raptor 1,5m dah bisa terabas² medan itu🗿 3-21",daripada beli tuh mobil mending benerin tuh jalan kalo mau beli pun lu beli ford raptor 1 5m dah bisa terabas medan itu 3 21
mobil dinas gubernur kaltim,https://www.tiktok.com/@suka.otom0tif/video/7612478466214104328,@suka.otom0tif,@ardhinatan17,https://www.tiktok.com/@ardhinatan17,jalanya pak yg dibenerin😅 3-3,2,jalanya pak yg dibenerin😅 3-3,jalanya pak yang dibenerin 3 3
mobil dinas gubernur kaltim,https://www.tiktok.com/@suka.otom0tif/video/7612478466214104328,@suka.otom0tif,@kekedavodka,https://www.tiktok.com/@kekedavodka,"JALANNYA YG DIBANGUN 😭 bukan MOBILNYA yg bagus !! Klau jalan nya bagus , mobil ayla juga nyaman jalan di situ pakkkk 4-23",3,"JALANNYA YG DIBANGUN 😭 bukan MOBILNYA yg bagus !! Klau jalan nya bagus , mobil ayla juga nyaman jalan di situ pakkkk 4-23",jalannya yang dibangun bukan mobilnya yang bagus klau jalan nya bagus mobil ayla juga nyaman jalan di situ pakkkk 4 23
mobil dinas gubernur kaltim,https://www.tiktok.com/@suka.otom0tif/video/7612478466214104328,@suka.otom0tif,@ahmad.maulana2864,https://www.tiktok.com/@ahmad.maulana2864,jalan nya yang di bagusin. bukan mobil ny yang di bagusin. ngak ada bagus bagus nya jadi pemimpin 3-9,1,jalan nya yang di bagusin. bukan mobil ny yang di bagusin. ngak ada bagus bagus nya jadi pemimpin 3-9,jalan nya yang di bagusin bukan mobil ny yang di bagusin ngak ada bagus bagus nya jadi pemimpin 3 9
mobil dinas gubernur kaltim,https://www.tiktok.com/@suka.otom0tif/video/7612478466214104328,@suka.otom0tif,@sro.sahyd,https://www.tiktok.com/@sro.sahyd,kumaha piikirana etta Gub 3-2,0,kumaha piikirana etta Gub 3-2,kumaha piikirana etta gub 3 2
mobil dinas gubernur kaltim,https://www.tiktok.com/@suka.otom0tif/video/7612478466214104328,@suka.otom0tif,@solih_nigam,https://www.tiktok.com/@solih_nigam,sipaling Marwah😆 5-22,0,sipaling Marwah😆 5-22,sipaling marwah 5 22
mobil dinas gubernur kaltim,https://www.tiktok.com/@suka.otom0tif/video/7612478466214104328,@suka.otom0tif,@deionevan,https://www.tiktok.com/@deionevan,rakyat kalimantan timurnya diem2 aja. stuju kali 3-3,8,rakyat kalimantan timurnya diem2 aja. stuju kali 3-3,rakyat kalimantan timurnya diem2 saja stuju kali 3 3
mobil dinas gubernur kaltim,https://www.tiktok.com/@suka.otom0tif/video/7612478466214104328,@suka.otom0tif,@jumadimadie5,https://www.tiktok.com/@jumadimadie5,8.5 M mah jang jalan bae di bemeran pak 3-3,0,8.5 M mah jang jalan bae di bemeran pak 3-3,8 5 m mah jang jalan bae di bemeran pak 3 3
mobil dinas gubernur kaltim,https://www.tiktok.com/@suka.otom0tif/video/7612478466214104328,@suka.otom0tif,@bukanidaman_mu1,https://www.tiktok.com/@bukanidaman_mu1,nye nye nye nye 🤣 3-4,0,nye nye nye nye 🤣 3-4,nye nye nye nye 3 4
mobil dinas gubernur kaltim,https://www.tiktok.com/@suka.otom0tif/video/7612478466214104328,@suka.otom0tif,@reza.agustieawan,https://www.tiktok.com/@reza.agustieawan,"masa 8,5M 5-10",0,"masa 8,5M 5-10",masa 8 5m 5 10
mobil dinas gubernur kaltim,https://www.tiktok.com/@suka.otom0tif/video/7612478466214104328,@suka.otom0tif,@juleyha22,https://www.tiktok.com/@juleyha22,mobil mahal..jalan kaya selokan😁😁😁..liat noh JKN KDM BIKIN MASARAKAT BETAH DN LNCAR👌👌😁😁WLWVDIA SLLU SINDIR BPK AING GUBENUR KONTEN...NOH DIA AFA......PINGIN KETAWAA NGKAKKAKKK 3-22,0,mobil mahal..jalan kaya selokan😁😁😁..liat noh JKN KDM BIKIN MASARAKAT BETAH DN LNCAR👌👌😁😁WLWVDIA SLLU SINDIR BPK AING GUBENUR KONTEN...NOH DIA AFA......PINGIN KETAWAA NGKAKKAKKK 3-22,mobil mahal jalan kaya selokan liat noh jkn kdm bikin masarakat betah dn lncar wlwvdia sllu sindir bpk aing gubenur konten noh dia afa pingin ketawaa ngkakkakkk 3 22
mobil dinas gubernur kaltim,https://www.tiktok.com/@suka.otom0tif/video/7612478466214104328,@suka.otom0tif,@dstnbrgf,https://www.tiktok.com/@dstnbrgf,Harusnya jalanya yang di perbagus bukan mobilnya 3-15,0,Harusnya jalanya yang di perbagus bukan mobilnya 3-15,harusnya jalanya yang di perbagus bukan mobilnya 3 15
mobil dinas gubernur kaltim,https://www.tiktok.com/@suka.otom0tif/video/7612478466214104328,@suka.otom0tif,@oonxray,https://www.tiktok.com/@oonxray,kenapa ngak rubocon aja beli 3-20,0,kenapa ngak rubocon aja beli 3-20,kenapa ngak rubocon saja beli 3 20
mobil dinas gubernur kaltim,https://www.tiktok.com/@suka.otom0tif/video/7612478466214104328,@suka.otom0tif,@notimeforlove2005,https://www.tiktok.com/@notimeforlove2005,liat istrinya dlu 3-5,0,liat istrinya dlu 3-5,liat istrinya dlu 3 5
mobil dinas gubernur kaltim,https://www.tiktok.com/@suka.otom0tif/video/7612478466214104328,@suka.otom0tif,@renti_d,https://www.tiktok.com/@renti_d,Jalanya dibenarin 3-3,0,Jalanya dibenarin 3-3,jalanya dibenarin 3 3
mobil dinas gubernur kaltim,https://www.tiktok.com/@suka.otom0tif/video/7612478466214104328,@suka.otom0tif,@erwinpurnama885,https://www.tiktok.com/@erwinpurnama885,jalan nya di perbaiki biar bisa make avanza 4-7,0,jalan nya di perbaiki biar bisa make avanza 4-7,jalan nya di perbaiki biar bisa make avanza 4 7
mobil dinas gubernur kaltim,https://www.tiktok.com/@suka.otom0tif/video/7612478466214104328,@suka.otom0tif,@azim.aiman0,https://www.tiktok.com/@azim.aiman0,jalannya Cok yg di benerin bukan kendaraannya lol 3-22,0,jalannya Cok yg di benerin bukan kendaraannya lol 3-22,jalannya cok yang di benerin bukan kendaraannya lol 3 22
mobil dinas gubernur kaltim,https://www.tiktok.com/@suka.otom0tif/video/7612478466214104328,@suka.otom0tif,@bebensubandi723,https://www.tiktok.com/@bebensubandi723,wajar si jadinya kota ofrod 3-23,0,wajar si jadinya kota ofrod 3-23,wajar si jadinya kota ofrod 3 23
mobil dinas gubernur kaltim,https://www.tiktok.com/@suka.otom0tif/video/7612478466214104328,@suka.otom0tif,@udinjaya464,https://www.tiktok.com/@udinjaya464,iyaaa GK jalan nya aja di benarin 3-20,0,iyaaa GK jalan nya aja di benarin 3-20,iyaaa tidak jalan nya saja di benarin 3 20
mobil dinas gubernur kaltim,https://www.tiktok.com/@beritasatuofficial/video/7619163357022997780,@beritasatuofficial,@mi.zmi,https://www.tiktok.com/@mi.zmi,di tindak pak bukan disindir 3-20 40.4K,,di tindak pak bukan disindir 3-20 40.4K,di tindak pak bukan disindir 3 20 40 4k
mobil dinas gubernur kaltim,https://www.tiktok.com/@beritasatuofficial/video/7619163357022997780,@beritasatuofficial,@papisultan82,https://www.tiktok.com/@papisultan82,"curhat Mulu ini presiden, byk ngomong drpd tindakan 3-20",9225,"curhat Mulu ini presiden, byk ngomong drpd tindakan 3-20",curhat mulu ini presiden byk ngomong drpd tindakan 3 20
mobil dinas gubernur kaltim,https://www.tiktok.com/@beritasatuofficial/video/7619163357022997780,@beritasatuofficial,@sarusangelobilist,https://www.tiktok.com/@sarusangelobilist,700 jt jg udh mahal. pak 3-22,7,700 jt jg udh mahal. pak 3-22,700 jt jg udh mahal pak 3 22
mobil dinas gubernur kaltim,https://www.tiktok.com/@beritasatuofficial/video/7619163357022997780,@beritasatuofficial,@walencoklat,https://www.tiktok.com/@walencoklat,"kalo nyindir"" doang mah tetangga gue sehari"" itu pak. 3-20",1833,"kalo nyindir"" doang mah tetangga gue sehari"" itu pak. 3-20",kalo nyindir doang mah tetangga gue sehari itu pak 3 20
mobil dinas gubernur kaltim,https://www.tiktok.com/@beritasatuofficial/video/7619163357022997780,@beritasatuofficial,@user2781329788492,https://www.tiktok.com/@user2781329788492,ngomong aja tindakan a GK ada ... 3-20,746,ngomong aja tindakan a GK ada ... 3-20,ngomong saja tindakan a tidak ada 3 20
mobil dinas gubernur kaltim,https://www.tiktok.com/@beritasatuofficial/video/7619163357022997780,@beritasatuofficial,@ijun.adi,https://www.tiktok.com/@ijun.adi,"harusnya mobil2 pejabat dan mentri itu mobil avanza aja biar lebih merakyat, untuk apa yg mahal2 rakyat masi banyak yg lapar pak 3-20",7001,"harusnya mobil2 pejabat dan mentri itu mobil avanza aja biar lebih merakyat, untuk apa yg mahal2 rakyat masi banyak yg lapar pak 3-20",harusnya mobil2 pejabat dan mentri itu mobil avanza saja biar lebih merakyat untuk apa yang mahal2 rakyat masi banyak yang lapar pak 3 20
mobil dinas gubernur kaltim,https://www.tiktok.com/@beritasatuofficial/video/7619163357022997780,@beritasatuofficial,@wiidd.07_,https://www.tiktok.com/@wiidd.07_,"knp presiden naik mobil 700jt, sedangkan rakyatnya saja kredit motor listrik 3-21",1,"knp presiden naik mobil 700jt, sedangkan rakyatnya saja kredit motor listrik 3-21",knp presiden naik mobil 700jt sedangkan rakyatnya saja kredit motor listrik 3 21
mobil dinas gubernur kaltim,https://www.tiktok.com/@beritasatuofficial/video/7619163357022997780,@beritasatuofficial,@miozann_,https://www.tiktok.com/@miozann_,700 jt?? saya hanya motor 3 jt 3-22,6,700 jt?? saya hanya motor 3 jt 3-22,700 jt saya hanya motor 3 jt 3 22
mobil dinas gubernur kaltim,https://www.tiktok.com/@beritasatuofficial/video/7619163357022997780,@beritasatuofficial,@aditya.wiranata,https://www.tiktok.com/@aditya.wiranata,miris liat komen 3-20,2273,miris liat komen 3-20,miris liat komen 3 20
mobil dinas gubernur kaltim,https://www.tiktok.com/@beritasatuofficial/video/7619163357022997780,@beritasatuofficial,@temon_cio,https://www.tiktok.com/@temon_cio,Langsung aja sebut rudy mas'ud 3-20,4485,Langsung aja sebut rudy mas'ud 3-20,langsung saja sebut rudy mas ud 3 20
mobil dinas gubernur kaltim,https://www.tiktok.com/@beritasatuofficial/video/7619163357022997780,@beritasatuofficial,@anangjunisetia,https://www.tiktok.com/@anangjunisetia,ya allah 700 juta hanya? 3-21,8,ya allah 700 juta hanya? 3-21,ya allah 700 juta hanya 3 21
mobil dinas gubernur kaltim,https://www.tiktok.com/@beritasatuofficial/video/7619163357022997780,@beritasatuofficial,@riko.azura,https://www.tiktok.com/@riko.azura,ekspresi rakyat nya 3-20,289,ekspresi rakyat nya 3-20,ekspresi rakyat nya 3 20
mobil dinas gubernur kaltim,https://www.tiktok.com/@beritasatuofficial/video/7619163357022997780,@beritasatuofficial,@chocomaltman,https://www.tiktok.com/@chocomaltman,"puncak komedinya ""saya ajaa cuman 700jt dia malah 8m🤣"" 3-20",16,"puncak komedinya ""saya ajaa cuman 700jt dia malah 8m🤣"" 3-20",puncak komedinya saya ajaa cuman 700jt dia malah 8m 3 20
mobil dinas gubernur kaltim,https://www.tiktok.com/@beritasatuofficial/video/7619163357022997780,@beritasatuofficial,@bung_hew,https://www.tiktok.com/@bung_hew,tegur ❎ sindir✅ 3-20,668,tegur ❎ sindir✅ 3-20,tegur sindir 3 20
mobil dinas gubernur kaltim,https://www.tiktok.com/@beritasatuofficial/video/7619163357022997780,@beritasatuofficial,@beedvm,https://www.tiktok.com/@beedvm,"Pejabat itu mobilnya setarakan 200 jutaan saja, katanya efisiensi. 3-20",384,"Pejabat itu mobilnya setarakan 200 jutaan saja, katanya efisiensi. 3-20",pejabat itu mobilnya setarakan 200 jutaan saja katanya efisiensi 3 20
mobil dinas gubernur kaltim,https://www.tiktok.com/@beritasatuofficial/video/7619163357022997780,@beritasatuofficial,@sambyo83,https://www.tiktok.com/@sambyo83,[Stiker] gak usah ngomong pak... 3-20,27,[Stiker] gak usah ngomong pak... 3-20,stiker tidak usah ngomong pak 3 20
mobil dinas gubernur kaltim,https://www.tiktok.com/@beritasatuofficial/video/7619163357022997780,@beritasatuofficial,@klimissantuy,https://www.tiktok.com/@klimissantuy,MBG ga di sindir pak wo 3-20,54,MBG ga di sindir pak wo 3-20,mbg tidak di sindir pak wo 3 20
mobil dinas gubernur kaltim,https://www.tiktok.com/@beritasatuofficial/video/7619163357022997780,@beritasatuofficial,@latifa.azzahra322,https://www.tiktok.com/@latifa.azzahra322,itu bawahan anda pakk 3-20,54,itu bawahan anda pakk 3-20,itu bawahan anda pakk 3 20
mobil dinas gubernur kaltim,https://www.tiktok.com/@beritasatuofficial/video/7619163357022997780,@beritasatuofficial,@agensolo4,https://www.tiktok.com/@agensolo4,"lah lu kan presiden ,ya buat lah peraturan, jgn cm ngomong kosong 3-21",8,"lah lu kan presiden ,ya buat lah peraturan, jgn cm ngomong kosong 3-21",lah lu kan presiden ya buat lah peraturan jgn cm ngomong kosong 3 21
mobil dinas gubernur kaltim,https://www.tiktok.com/@beritasatuofficial/video/7619163357022997780,@beritasatuofficial,@asura11iow,https://www.tiktok.com/@asura11iow,BERAPA HEKTAR LAHAN PRABOWO 3-20,3,BERAPA HEKTAR LAHAN PRABOWO 3-20,berapa hektar lahan prabowo 3 20
mobil dinas gubernur kaltim,https://www.tiktok.com/@paramedis_army/video/7640251593434221845,@imchika21,@novi78144,https://www.tiktok.com/@novi78144,kyk ridwan Kamil jg y... 5-24,1,kyk ridwan Kamil jg y... 5-24,kyk ridwan kamil jg y 5 24
mobil dinas gubernur kaltim,https://www.tiktok.com/@paramedis_army/video/7640251593434221845,@imchika21,@user41181127915946,https://www.tiktok.com/@user41181127915946,hebat abang ini 5-27,1,hebat abang ini 5-27,hebat abang ini 5 27
mobil dinas gubernur kaltim,https://www.tiktok.com/@paramedis_army/video/7640251593434221845,@imchika21,@nurbinyahya,https://www.tiktok.com/@nurbinyahya,setujuuuuuu 5-16,2,setujuuuuuu 5-16,setujuuuuuu 5 16
mobil dinas gubernur kaltim,https://www.tiktok.com/@paramedis_army/video/7640251593434221845,@imchika21,@anandahumaira195,https://www.tiktok.com/@anandahumaira195,setuju7777777777777 5-16,0,setuju7777777777777 5-16,setuju7777777777777 5 16
mobil dinas gubernur kaltim,https://www.tiktok.com/@paramedis_army/video/7640251593434221845,@imchika21,@raja.mansur8,https://www.tiktok.com/@raja.mansur8,gasss aj pakkkk 5-17,0,gasss aj pakkkk 5-17,gasss aj pakkkk 5 17
mobil dinas gubernur kaltim,https://www.tiktok.com/@paramedis_army/video/7640251593434221845,@imchika21,@user660744906859,https://www.tiktok.com/@user660744906859,"seyuju,banget,,pak,tni,brafo, 5-16",0,"seyuju,banget,,pak,tni,brafo, 5-16",seyuju banget pak tni brafo 5 16
mobil dinas gubernur kaltim,https://www.tiktok.com/@paramedis_army/video/7640251593434221845,@imchika21,@al97present,https://www.tiktok.com/@al97present,Rudy mas’ud 5-17,1,Rudy mas’ud 5-17,rudy mas ud 5 17
mobil dinas gubernur kaltim,https://www.tiktok.com/@paramedis_army/video/7640251593434221845,@imchika21,@rafadavs2,https://www.tiktok.com/@rafadavs2,setuju pak 5-17,0,setuju pak 5-17,setuju pak 5 17
mobil dinas gubernur kaltim,https://www.tiktok.com/@paramedis_army/video/7640251593434221845,@imchika21,@sitirqfoppp,https://www.tiktok.com/@sitirqfoppp,setuju 5-18,1,setuju 5-18,setuju 5 18
mobil dinas gubernur kaltim,https://www.tiktok.com/@paramedis_army/video/7640251593434221845,@imchika21,@iis.winarti5,https://www.tiktok.com/@iis.winarti5,setujuuuuuuuu bingit 5-16,0,setujuuuuuuuu bingit 5-16,setujuuuuuuuu bingit 5 16
mobil dinas gubernur kaltim,https://www.tiktok.com/@paramedis_army/video/7640251593434221845,@imchika21,@oon.nurjanah16,https://www.tiktok.com/@oon.nurjanah16,setujuuuuuuui 5-17,0,setujuuuuuuui 5-17,setujuuuuuuui 5 17
mobil dinas gubernur kaltim,https://www.tiktok.com/@paramedis_army/video/7640251593434221845,@imchika21,@suwajidua,https://www.tiktok.com/@suwajidua,"setuju,777 5-16",0,"setuju,777 5-16",setuju 777 5 16
mobil dinas gubernur kaltim,https://www.tiktok.com/@paramedis_army/video/7640251593434221845,@imchika21,@daffa.80.zl.ss,https://www.tiktok.com/@daffa.80.zl.ss,s7 bgt 5-16,0,s7 bgt 5-16,s7 banget 5 16
mobil dinas gubernur kaltim,https://www.tiktok.com/@paramedis_army/video/7640251593434221845,@imchika21,@wati.065,https://www.tiktok.com/@wati.065,se 7777777 5-29,0,se 7777777 5-29,se 7777777 5 29
mobil dinas gubernur kaltim,https://www.tiktok.com/@paramedis_army/video/7640251593434221845,@imchika21,@maijah020,https://www.tiktok.com/@maijah020,srtuju 5-17,0,srtuju 5-17,srtuju 5 17
mobil dinas gubernur kaltim,https://www.tiktok.com/@paramedis_army/video/7640251593434221845,@imchika21,@charleswijaya.com,https://www.tiktok.com/@charleswijaya.com,[Stiker] 5-17,0,[Stiker] 5-17,stiker 5 17
mobil dinas gubernur kaltim,https://www.tiktok.com/@fans_pak_prabowo/video/7621100320243928341,@fans_pak_prabowo,@bara_andara,https://www.tiktok.com/@bara_andara,masak mobil bagus yg naik mukanya ala kadarnya.. jangan dong 3-26 30.1K,,masak mobil bagus yg naik mukanya ala kadarnya.. jangan dong 3-26 30.1K,masak mobil bagus yang naik mukanya ala kadarnya jangan dong 3 26 30 1k
mobil dinas gubernur kaltim,https://www.tiktok.com/@fans_pak_prabowo/video/7621100320243928341,@fans_pak_prabowo,@yogijuliana2,https://www.tiktok.com/@yogijuliana2,Bro yang tetap OTW 3-28,7317,Bro yang tetap OTW 3-28,bro yang tetap otw 3 28
mobil dinas gubernur kaltim,https://www.tiktok.com/@fans_pak_prabowo/video/7621100320243928341,@fans_pak_prabowo,@gun.awan339,https://www.tiktok.com/@gun.awan339,mau buatan Indonesia tapi mobil kdmp belinya di luar negeri,0,mau buatan Indonesia tapi mobil kdmp belinya di luar negeri,mau buatan indonesia tapi mobil kdmp belinya di luar negeri
mobil dinas gubernur kaltim,https://www.tiktok.com/@fans_pak_prabowo/video/7621100320243928341,@fans_pak_prabowo,@viona_octalani,https://www.tiktok.com/@viona_octalani,"banyak bgt PR pak Prabowo untuk memperbaiki keadaan Indonesia, tapi malah dihujat sma rakyat sendiri... 3-26",9363,"banyak bgt PR pak Prabowo untuk memperbaiki keadaan Indonesia, tapi malah dihujat sma rakyat sendiri... 3-26",banyak banget pr pak prabowo untuk memperbaiki keadaan indonesia tapi malah dihujat sma rakyat sendiri 3 26
mobil dinas gubernur kaltim,https://www.tiktok.com/@fans_pak_prabowo/video/7621100320243928341,@fans_pak_prabowo,@muhammadabdillah4915,https://www.tiktok.com/@muhammadabdillah4915,harga mobil maung 3-26,1369,harga mobil maung 3-26,harga mobil maung 3 26
mobil dinas gubernur kaltim,https://www.tiktok.com/@fans_pak_prabowo/video/7621100320243928341,@fans_pak_prabowo,@irpan_putra24,https://www.tiktok.com/@irpan_putra24,"masak mobil 8M dinaikin orang ala kadarnya, janganndong, kasihan mobilnya 3-26",5814,"masak mobil 8M dinaikin orang ala kadarnya, janganndong, kasihan mobilnya 3-26",masak mobil 8m dinaikin orang ala kadarnya janganndong kasihan mobilnya 3 26
mobil dinas gubernur kaltim,https://www.tiktok.com/@fans_pak_prabowo/video/7621100320243928341,@fans_pak_prabowo,@ihsankamal,https://www.tiktok.com/@ihsankamal,Mana akun gubernur kaltim ges coba d tag 3-26,398,Mana akun gubernur kaltim ges coba d tag 3-26,mana akun gubernur kaltim ges coba d tag 3 26
mobil dinas gubernur kaltim,https://www.tiktok.com/@fans_pak_prabowo/video/7621100320243928341,@fans_pak_prabowo,@reee.olve,https://www.tiktok.com/@reee.olve,Ala kadarnya jangan dong : 3-27,3161,Ala kadarnya jangan dong : 3-27,ala kadarnya jangan dong 3 27
mobil dinas gubernur kaltim,https://www.tiktok.com/@fans_pak_prabowo/video/7621100320243928341,@fans_pak_prabowo,@hafidh.alhanif,https://www.tiktok.com/@hafidh.alhanif,"@masa mobilnya bagus yang naiknya jelek jangan dong,jaga marwah mobilnya dong 3-25",3385,"@masa mobilnya bagus yang naiknya jelek jangan dong,jaga marwah mobilnya dong 3-25",mobilnya bagus yang naiknya jelek jangan dong jaga marwah mobilnya dong 3 25
mobil dinas gubernur kaltim,https://www.tiktok.com/@fans_pak_prabowo/video/7621100320243928341,@fans_pak_prabowo,@dannyfebrian01,https://www.tiktok.com/@dannyfebrian01,masa presiden ngurusin mobil orang😅😂 3-25,53,masa presiden ngurusin mobil orang😅😂 3-25,masa presiden ngurusin mobil orang 3 25
mobil dinas gubernur kaltim,https://www.tiktok.com/@fans_pak_prabowo/video/7621100320243928341,@fans_pak_prabowo,@_ikramb0,https://www.tiktok.com/@_ikramb0,masa mobilnya mewah yg naik jlk. jngan dong.. 3-27,1187,masa mobilnya mewah yg naik jlk. jngan dong.. 3-27,masa mobilnya mewah yang naik jlk jngan dong 3 27
mobil dinas gubernur kaltim,https://www.tiktok.com/@fans_pak_prabowo/video/7621100320243928341,@fans_pak_prabowo,@alvynn01_,https://www.tiktok.com/@alvynn01_,titik terendah di gosipin presiden 3-28,264,titik terendah di gosipin presiden 3-28,titik terendah di gosipin presiden 3 28
mobil dinas gubernur kaltim,https://www.tiktok.com/@fans_pak_prabowo/video/7621100320243928341,@fans_pak_prabowo,@perfume_senja,https://www.tiktok.com/@perfume_senja,"kemahalan 700 JT pak ,pake yg 15 juta kek semacam mobil sedan Timor yg murah 3-26",8,"kemahalan 700 JT pak ,pake yg 15 juta kek semacam mobil sedan Timor yg murah 3-26",kemahalan 700 jt pak pake yang 15 juta kek semacam mobil sedan timor yang murah 3 26
mobil dinas gubernur kaltim,https://www.tiktok.com/@fans_pak_prabowo/video/7621100320243928341,@fans_pak_prabowo,@sih.08_,https://www.tiktok.com/@sih.08_,kepala daerah kerjaanya apa mau tanyak . 3-26,272,kepala daerah kerjaanya apa mau tanyak . 3-26,kepala daerah kerjaanya apa mau tanyak 3 26
mobil dinas gubernur kaltim,https://www.tiktok.com/@fans_pak_prabowo/video/7621100320243928341,@fans_pak_prabowo,@anny24384,https://www.tiktok.com/@anny24384,tidak di pecat yach Pak😅😅😅 3-26,7,tidak di pecat yach Pak😅😅😅 3-26,tidak di pecat yach pak 3 26
mobil dinas gubernur kaltim,https://www.tiktok.com/@fans_pak_prabowo/video/7621100320243928341,@fans_pak_prabowo,@wahyou_di,https://www.tiktok.com/@wahyou_di,"makanya jgn kasi donk beli mobil 8m ,waduhhhh 3-25",28,"makanya jgn kasi donk beli mobil 8m ,waduhhhh 3-25",makanya jgn kasi donk beli mobil 8m waduhhhh 3 25
mobil dinas gubernur kaltim,https://www.tiktok.com/@fans_pak_prabowo/video/7621100320243928341,@fans_pak_prabowo,@habiebiemu,https://www.tiktok.com/@habiebiemu,Please Jaga Marwah ya guys 3-26,33,Please Jaga Marwah ya guys 3-26,please jaga marwah ya guys 3 26
mobil dinas gubernur kaltim,https://www.tiktok.com/@fans_pak_prabowo/video/7621100320243928341,@fans_pak_prabowo,@ijorsboyyy_,https://www.tiktok.com/@ijorsboyyy_,dijaga dong marwah mobilnya masa mobilnya bagus yg naik jelek 3-28,237,dijaga dong marwah mobilnya masa mobilnya bagus yg naik jelek 3-28,dijaga dong marwah mobilnya masa mobilnya bagus yang naik jelek 3 28
mobil dinas gubernur kaltim,https://www.tiktok.com/@fans_pak_prabowo/video/7621100320243928341,@fans_pak_prabowo,@wentzy90,https://www.tiktok.com/@wentzy90,[Stiker] gua yang punya mobil 9m aja biasa aja padahal 3-27,11,[Stiker] gua yang punya mobil 9m aja biasa aja padahal 3-27,stiker gua yang punya mobil 9m saja biasa saja padahal 3 27
mobil dinas gubernur kaltim,https://www.tiktok.com/@botakteras/video/7613416347250314517,@botakteras,@yusuframadhan741,https://www.tiktok.com/@yusuframadhan741,"bisa beli ini,juga pdhl 3-5",3390,"bisa beli ini,juga pdhl 3-5",bisa beli ini juga pdhl 3 5
mobil dinas gubernur kaltim,https://www.tiktok.com/@botakteras/video/7613416347250314517,@botakteras,@mannnnnnn_90s,https://www.tiktok.com/@mannnnnnn_90s,sekarang udah mulai masuk politik ye bang 3-4,3500,sekarang udah mulai masuk politik ye bang 3-4,sekarang udah mulai masuk politik ye bang 3 4
mobil dinas gubernur kaltim,https://www.tiktok.com/@botakteras/video/7613416347250314517,@botakteras,@mnurrahman20,https://www.tiktok.com/@mnurrahman20,"nah jalanya bang yg mau di lewatin mobil 8,5 m😳 3-5",542,"nah jalanya bang yg mau di lewatin mobil 8,5 m😳 3-5",nah jalanya bang yang mau di lewatin mobil 8 5 m 3 5
mobil dinas gubernur kaltim,https://www.tiktok.com/@botakteras/video/7613416347250314517,@botakteras,@coklatpahit4650,https://www.tiktok.com/@coklatpahit4650,"mobil dipakai gak nyaman karena jalan berlubang, solusinya : BAIKIN JALANNYA ❌ GANTI MOBIL ✅ 3-5",1126,"mobil dipakai gak nyaman karena jalan berlubang, solusinya : BAIKIN JALANNYA ❌ GANTI MOBIL ✅ 3-5",mobil dipakai tidak nyaman karena jalan berlubang solusinya baikin jalannya ganti mobil 3 5
mobil dinas gubernur kaltim,https://www.tiktok.com/@botakteras/video/7613416347250314517,@botakteras,@ana.safitri973,https://www.tiktok.com/@ana.safitri973,gubernur Kaltim SDH kaya sebelum jdi gubernur 3-5,8,gubernur Kaltim SDH kaya sebelum jdi gubernur 3-5,gubernur kaltim sdh kaya sebelum jdi gubernur 3 5
mobil dinas gubernur kaltim,https://www.tiktok.com/@botakteras/video/7613416347250314517,@botakteras,@yinnirl_1,https://www.tiktok.com/@yinnirl_1,tiktoknya gubernur kaltim apa? biar gw tag 3-5,177,tiktoknya gubernur kaltim apa? biar gw tag 3-5,tiktoknya gubernur kaltim apa biar gw tag 3 5
mobil dinas gubernur kaltim,https://www.tiktok.com/@botakteras/video/7613416347250314517,@botakteras,@dampoklr99,https://www.tiktok.com/@dampoklr99,kaltim kalau mlm cantiknyaaaa wee😍 3-5,5,kaltim kalau mlm cantiknyaaaa wee😍 3-5,kaltim kalau mlm cantiknyaaaa wee 3 5
mobil dinas gubernur kaltim,https://www.tiktok.com/@botakteras/video/7613416347250314517,@botakteras,@bakoel.susuuht,https://www.tiktok.com/@bakoel.susuuht,"Ford Ranger Raptor 3.0 1,5 M masih dapat kembalian😅 3-7",12,"Ford Ranger Raptor 3.0 1,5 M masih dapat kembalian😅 3-7",ford ranger raptor 3 0 1 5 m masih dapat kembalian 3 7
mobil dinas gubernur kaltim,https://www.tiktok.com/@botakteras/video/7613416347250314517,@botakteras,@jupanaasih,https://www.tiktok.com/@jupanaasih,"Kami emang harus naik mobil 8,5m kak liat aja kami disamarinda emang bangsawan 🙏 3-5",35,"Kami emang harus naik mobil 8,5m kak liat aja kami disamarinda emang bangsawan 🙏 3-5",kami emang harus naik mobil 8 5m kak liat saja kami disamarinda emang bangsawan 3 5
mobil dinas gubernur kaltim,https://www.tiktok.com/@botakteras/video/7613416347250314517,@botakteras,@akumalaikat24,https://www.tiktok.com/@akumalaikat24,"tolong jangan sampai redup kasus ini, kami sebagai warga kaltim sudah bersuara tapi tetap di abaikan 😭 3-5",135,"tolong jangan sampai redup kasus ini, kami sebagai warga kaltim sudah bersuara tapi tetap di abaikan 😭 3-5",tolong jangan sampai redup kasus ini kami sebagai warga kaltim sudah bersuara tapi tetap di abaikan 3 5
mobil dinas gubernur kaltim,https://www.tiktok.com/@botakteras/video/7613416347250314517,@botakteras,@niyazx20,https://www.tiktok.com/@niyazx20,aduh pulau gw 😂 3-4,531,aduh pulau gw 😂 3-4,aduh pulau gw 3 4
mobil dinas gubernur kaltim,https://www.tiktok.com/@botakteras/video/7613416347250314517,@botakteras,@lutzs1_0,https://www.tiktok.com/@lutzs1_0,"500 nya beli Triton,,,,8 nya benerin jalan tuh jalan 3-10",21,"500 nya beli Triton,,,,8 nya benerin jalan tuh jalan 3-10",500 nya beli triton 8 nya benerin jalan tuh jalan 3 10
mobil dinas gubernur kaltim,https://www.tiktok.com/@botakteras/video/7613416347250314517,@botakteras,@a.m.sangaji,https://www.tiktok.com/@a.m.sangaji,"Mobil 8,5 m nya dibawa jln"" ke ikn katanya mau di balikan eh malah ketahuan dibawa jln hebat pulau gue 3-5",191,"Mobil 8,5 m nya dibawa jln"" ke ikn katanya mau di balikan eh malah ketahuan dibawa jln hebat pulau gue 3-5",mobil 8 5 m nya dibawa jln ke ikn katanya mau di balikan eh malah ketahuan dibawa jln hebat pulau gue 3 5
mobil dinas gubernur kaltim,https://www.tiktok.com/@botakteras/video/7613416347250314517,@botakteras,@don2.sky,https://www.tiktok.com/@don2.sky,INGAT MARWA KATA NYA MARWA 😅 3-4,126,INGAT MARWA KATA NYA MARWA 😅 3-4,ingat marwa kata nya marwa 3 4
mobil dinas gubernur kaltim,https://www.tiktok.com/@botakteras/video/7613416347250314517,@botakteras,@bukan_siapasiapa865,https://www.tiktok.com/@bukan_siapasiapa865,"asli triton new ganteng bett, emg mitshubishi mau bikin mobilnya model dynamic shield 3-5",1,"asli triton new ganteng bett, emg mitshubishi mau bikin mobilnya model dynamic shield 3-5",asli triton new ganteng bett emg mitshubishi mau bikin mobilnya model dynamic shield 3 5
mobil dinas gubernur kaltim,https://www.tiktok.com/@botakteras/video/7613416347250314517,@botakteras,@iniirakaa,https://www.tiktok.com/@iniirakaa,"klo pake triton buat istrinya gk masuk bang, istri pak gubernurnya kan orang eropa bang 3-5",0,"klo pake triton buat istrinya gk masuk bang, istri pak gubernurnya kan orang eropa bang 3-5",kalau pake triton buat istrinya tidak masuk bang istri pak gubernurnya kan orang eropa bang 3 5
mobil dinas gubernur kaltim,https://www.tiktok.com/@botakteras/video/7613416347250314517,@botakteras,@segeeerde,https://www.tiktok.com/@segeeerde,"Triton double cabin,Hilux double cabin adlh mobil lapangan terbukti di kebun sawit jalan berlumpur,tanah liat,banjir bisa dilewati mbil tsb . 3-6",83,"Triton double cabin,Hilux double cabin adlh mobil lapangan terbukti di kebun sawit jalan berlumpur,tanah liat,banjir bisa dilewati mbil tsb . 3-6",triton double cabin hilux double cabin adlh mobil lapangan terbukti di kebun sawit jalan berlumpur tanah liat banjir bisa dilewati mbil tsb 3 6
mobil dinas gubernur kaltim,https://www.tiktok.com/@botakteras/video/7613416347250314517,@botakteras,@sndyrisky,https://www.tiktok.com/@sndyrisky,Pejabat naik mobil mewah rakyat nya jalan rusak parahh 3-4,82,Pejabat naik mobil mewah rakyat nya jalan rusak parahh 3-4,pejabat naik mobil mewah rakyat nya jalan rusak parahh 3 4
mobil dinas gubernur kaltim,https://www.tiktok.com/@metropolitan.id/video/7610646870599175445,@metropolitan.id,@caddd18,https://www.tiktok.com/@caddd18,"masa rakyatnya di kasih jalan ala kadarnya, jgn dongggg 2-25 150.2K",,"masa rakyatnya di kasih jalan ala kadarnya, jgn dongggg 2-25 150.2K",masa rakyatnya di kasih jalan ala kadarnya jgn dongggg 2 25 150 2k
mobil dinas gubernur kaltim,https://www.tiktok.com/@metropolitan.id/video/7610646870599175445,@metropolitan.id,@atmajagirimartopawiro,https://www.tiktok.com/@atmajagirimartopawiro,auranya kuat sekali .... apakah kalian tau aura apa ? 2-25 17.2K,,auranya kuat sekali .... apakah kalian tau aura apa ? 2-25 17.2K,auranya kuat sekali apakah kalian tau aura apa 2 25 17 2k
mobil dinas gubernur kaltim,https://www.tiktok.com/@metropolitan.id/video/7610646870599175445,@metropolitan.id,@akbarry,https://www.tiktok.com/@akbarry,kenapa jangan? 2-26 28.8K,,kenapa jangan? 2-26 28.8K,kenapa jangan 2 26 28 8k
mobil dinas gubernur kaltim,https://www.tiktok.com/@metropolitan.id/video/7610646870599175445,@metropolitan.id,@_xzx_8,https://www.tiktok.com/@_xzx_8,dimana2 jalan rusak di perbaiki bukanya malah update mobil🗿 2-25 71.4K,,dimana2 jalan rusak di perbaiki bukanya malah update mobil🗿 2-25 71.4K,dimana2 jalan rusak di perbaiki bukanya malah update mobil 2 25 71 4k
mobil dinas gubernur kaltim,https://www.tiktok.com/@metropolitan.id/video/7610646870599175445,@metropolitan.id,@productcorporate,https://www.tiktok.com/@productcorporate,Emang ada pemimpin yg mementingkan rakyat nya? 2-25,4303,Emang ada pemimpin yg mementingkan rakyat nya? 2-25,emang ada pemimpin yang mementingkan rakyat nya 2 25
mobil dinas gubernur kaltim,https://www.tiktok.com/@metropolitan.id/video/7610646870599175445,@metropolitan.id,@idazah200882,https://www.tiktok.com/@idazah200882,"masa iya mobilnya mewah yg naik jelek, jgn doong 3-1",1392,"masa iya mobilnya mewah yg naik jelek, jgn doong 3-1",masa iya mobilnya mewah yang naik jelek jgn doong 3 1
mobil dinas gubernur kaltim,https://www.tiktok.com/@metropolitan.id/video/7610646870599175445,@metropolitan.id,@eyiiiiiinnnnn,https://www.tiktok.com/@eyiiiiiinnnnn,bener pak jangan pakai mobil jelek kasian kan bapak bawa ratu sofia 2-26,5226,bener pak jangan pakai mobil jelek kasian kan bapak bawa ratu sofia 2-26,bener pak jangan pakai mobil jelek kasian kan bapak bawa ratu sofia 2 26
mobil dinas gubernur kaltim,https://www.tiktok.com/@metropolitan.id/video/7610646870599175445,@metropolitan.id,@rockin_style8,https://www.tiktok.com/@rockin_style8,“Jangan dong” ga tau kenapa kesel aja denger bagian itu ada yang ngerasa sama ga ??? 2-25,5398,“Jangan dong” ga tau kenapa kesel aja denger bagian itu ada yang ngerasa sama ga ??? 2-25,jangan dong tidak tau kenapa kesel saja denger bagian itu ada yang ngerasa sama tidak 2 25
mobil dinas gubernur kaltim,https://www.tiktok.com/@metropolitan.id/video/7610646870599175445,@metropolitan.id,@muh._ilhaam,https://www.tiktok.com/@muh._ilhaam,"benerin jalannya pak, bukan mengganti mobilnya, akalnya di pake pak🙏 2-26",9676,"benerin jalannya pak, bukan mengganti mobilnya, akalnya di pake pak🙏 2-26",benerin jalannya pak bukan mengganti mobilnya akalnya di pake pak 2 26
mobil dinas gubernur kaltim,https://www.tiktok.com/@metropolitan.id/video/7610646870599175445,@metropolitan.id,@kujiro.co,https://www.tiktok.com/@kujiro.co,ngomong penting ❌ penting ngomong ✅ 2-25,15K,ngomong penting ❌ penting ngomong ✅ 2-25,ngomong penting penting ngomong 2 25
mobil dinas gubernur kaltim,https://www.tiktok.com/@metropolitan.id/video/7610646870599175445,@metropolitan.id,@user116829135,https://www.tiktok.com/@user116829135,bilang aja gengsi pakai mobil murah 2-25,3561,bilang aja gengsi pakai mobil murah 2-25,bilang saja gengsi pakai mobil murah 2 25
mobil dinas gubernur kaltim,https://www.tiktok.com/@metropolitan.id/video/7610646870599175445,@metropolitan.id,@ibnu17490,https://www.tiktok.com/@ibnu17490,kpk periksa ini orang udah 1 THN memimpin TDK ada perkembangan 2-27,902,kpk periksa ini orang udah 1 THN memimpin TDK ada perkembangan 2-27,kpk periksa ini orang udah 1 thn memimpin tidak ada perkembangan 2 27
mobil dinas gubernur kaltim,https://www.tiktok.com/@metropolitan.id/video/7610646870599175445,@metropolitan.id,@permenj4he,https://www.tiktok.com/@permenj4he,mas gibran pke zenix pak 😂😂 2-25,464,mas gibran pke zenix pak 😂😂 2-25,mas gibran pke zenix pak 2 25
mobil dinas gubernur kaltim,https://www.tiktok.com/@metropolitan.id/video/7610646870599175445,@metropolitan.id,@generalkontraktor1,https://www.tiktok.com/@generalkontraktor1,"mobil a range rover autobiography...8.5 M,coba klo dana segitu buat bangun jalan rusak! 2-25",1043,"mobil a range rover autobiography...8.5 M,coba klo dana segitu buat bangun jalan rusak! 2-25",mobil a range rover autobiography 8 5 m coba kalau dana segitu buat bangun jalan rusak 2 25
mobil dinas gubernur kaltim,https://www.tiktok.com/@metropolitan.id/video/7610646870599175445,@metropolitan.id,@locoloco767,https://www.tiktok.com/@locoloco767,ikutin aja lah alurnya😌 2-26,854,ikutin aja lah alurnya😌 2-26,ikutin saja lah alurnya 2 26
mobil dinas gubernur kaltim,https://www.tiktok.com/@metropolitan.id/video/7610646870599175445,@metropolitan.id,@jumparli.sihotang,https://www.tiktok.com/@jumparli.sihotang,rakyat daerah mana yang tidak beruntung itu 2-25,419,rakyat daerah mana yang tidak beruntung itu 2-25,rakyat daerah mana yang tidak beruntung itu 2 25
mobil dinas gubernur kaltim,https://www.tiktok.com/@metropolitan.id/video/7610646870599175445,@metropolitan.id,@jawad666999,https://www.tiktok.com/@jawad666999,"ngapain range rover autobiography anjir, ya hilux aja atau ford predator 2-26",344,"ngapain range rover autobiography anjir, ya hilux aja atau ford predator 2-26",ngapain range rover autobiography anjir ya hilux saja atau ford predator 2 26
mobil dinas gubernur kaltim,https://www.tiktok.com/@metropolitan.id/video/7610646870599175445,@metropolitan.id,@yoonisya_,https://www.tiktok.com/@yoonisya_,ga suka sama bapak ini 2-26,1398,ga suka sama bapak ini 2-26,tidak suka sama bapak ini 2 26
mobil dinas gubernur kaltim,https://www.tiktok.com/@metropolitan.id/video/7610646870599175445,@metropolitan.id,@jangan.perna.bosan,https://www.tiktok.com/@jangan.perna.bosan,iya btul itu pak masa gubernur Kaltim mobil ya jelek jaaaaangan dooong lebih baik jalan2 di Kaltim aja yang jelak dan rusak kalo mobil harus bagus 2-25,2224,iya btul itu pak masa gubernur Kaltim mobil ya jelek jaaaaangan dooong lebih baik jalan2 di Kaltim aja yang jelak dan rusak kalo mobil harus bagus 2-25,iya btul itu pak masa gubernur kaltim mobil ya jelek jaaaaangan dooong lebih baik jalan2 di kaltim saja yang jelak dan rusak kalo mobil harus bagus 2 25
mobil dinas gubernur kaltim,https://www.tiktok.com/@metropolitan.id/video/7610646870599175445,@metropolitan.id,@putraaval3,https://www.tiktok.com/@putraaval3,kalian kadang suka kesel ga sih dengan cara ngomongnya 2-25,308,kalian kadang suka kesel ga sih dengan cara ngomongnya 2-25,kalian kadang suka kesel tidak sih dengan cara ngomongnya 2 25
mobil dinas gubernur kaltim,https://www.tiktok.com/@lensanalarcom/video/7610698043981090068,@lensanalarcom,@insancell83,https://www.tiktok.com/@insancell83,mobil nya bgus jlannya juga lebih bgus 2-25,4,mobil nya bgus jlannya juga lebih bgus 2-25,mobil nya bgus jlannya juga lebih bgus 2 25
mobil dinas gubernur kaltim,https://www.tiktok.com/@lensanalarcom/video/7610698043981090068,@lensanalarcom,@2k.vinzo,https://www.tiktok.com/@2k.vinzo,8.5 milyar bisa bangun jalan itu pak 2-25,6,8.5 milyar bisa bangun jalan itu pak 2-25,8 5 milyar bisa bangun jalan itu pak 2 25
mobil dinas gubernur kaltim,https://www.tiktok.com/@lensanalarcom/video/7610698043981090068,@lensanalarcom,@bongkrex3,https://www.tiktok.com/@bongkrex3,lebih tangguh hiluk dobel cabin🤣🤣 2-27,1,lebih tangguh hiluk dobel cabin🤣🤣 2-27,lebih tangguh hiluk dobel cabin 2 27
mobil dinas gubernur kaltim,https://www.tiktok.com/@lensanalarcom/video/7610698043981090068,@lensanalarcom,@orb_dark,https://www.tiktok.com/@orb_dark,"8.5 m bisa buat perbaiki jalan dulu pak bukan mobilnya yg sesuaikan jalannya, pakai mobil dinas yg lama dulu kalau memang betul2 mau mengabdi untuk masyarakat utamakan kepentingan rakyat apa yg dibutuhkan untuk bisa meningkatkan daerah & kemampuan ekonomi masyarakat. 2-26",0,"8.5 m bisa buat perbaiki jalan dulu pak bukan mobilnya yg sesuaikan jalannya, pakai mobil dinas yg lama dulu kalau memang betul2 mau mengabdi untuk masyarakat utamakan kepentingan rakyat apa yg dibutuhkan untuk bisa meningkatkan daerah & kemampuan ekonomi masyarakat. 2-26",8 5 m bisa buat perbaiki jalan dulu pak bukan mobilnya yang sesuaikan jalannya pakai mobil dinas yang lama dulu kalau memang betul2 mau mengabdi untuk masyarakat utamakan kepentingan rakyat apa yang dibutuhkan untuk bisa meningkatkan daerah kemampuan ekonomi masyarakat 2 26
mobil dinas gubernur kaltim,https://www.tiktok.com/@lensanalarcom/video/7610698043981090068,@lensanalarcom,@susi.afifah5,https://www.tiktok.com/@susi.afifah5,jalannya pak benerin bukan mobil mu tuh yg mahal jalannya amburadul 2-26,0,jalannya pak benerin bukan mobil mu tuh yg mahal jalannya amburadul 2-26,jalannya pak benerin bukan mobil mu tuh yang mahal jalannya amburadul 2 26
mobil dinas gubernur kaltim,https://www.tiktok.com/@lensanalarcom/video/7610698043981090068,@lensanalarcom,@bagloeg5,https://www.tiktok.com/@bagloeg5,mobil mahal jalan nya murahan 2-28,0,mobil mahal jalan nya murahan 2-28,mobil mahal jalan nya murahan 2 28
mobil dinas gubernur kaltim,https://www.tiktok.com/@lensanalarcom/video/7610698043981090068,@lensanalarcom,@biu.biu44,https://www.tiktok.com/@biu.biu44,sigra masih lewat itu 2-25,0,sigra masih lewat itu 2-25,sigra masih lewat itu 2 25
mobil dinas gubernur kaltim,https://www.tiktok.com/@lensanalarcom/video/7610698043981090068,@lensanalarcom,@kingawurpermana,https://www.tiktok.com/@kingawurpermana,marwah kok di mobil. di jalanan pak. 3-2,0,marwah kok di mobil. di jalanan pak. 3-2,marwah kok di mobil di jalanan pak 3 2
mobil dinas gubernur kaltim,https://www.tiktok.com/@lensanalarcom/video/7610698043981090068,@lensanalarcom,@tatolor,https://www.tiktok.com/@tatolor,itu yg belakang mobil biasa bisa lewat 3-1,0,itu yg belakang mobil biasa bisa lewat 3-1,itu yang belakang mobil biasa bisa lewat 3 1
mobil dinas gubernur kaltim,https://www.tiktok.com/@lensanalarcom/video/7610698043981090068,@lensanalarcom,@kt04204,https://www.tiktok.com/@kt04204,semewah apa mobilmu kl masuk jln di kaltim tak akan tembus bila ban nya pakai tipe AT kaltim coba anda perjalanan kluarkota samarinda mau arah timur utara dan barat 1jm perjalan anda pasti menghadapi jln berlubang di padahal itu jln propinsi.. 2-25,0,semewah apa mobilmu kl masuk jln di kaltim tak akan tembus bila ban nya pakai tipe AT kaltim coba anda perjalanan kluarkota samarinda mau arah timur utara dan barat 1jm perjalan anda pasti menghadapi jln berlubang di padahal itu jln propinsi.. 2-25,semewah apa mobilmu kalau masuk jln di kaltim tak akan tembus bila ban nya pakai tipe at kaltim coba anda perjalanan kluarkota samarinda mau arah timur utara dan barat 1jm perjalan anda pasti menghadapi jln berlubang di padahal itu jln propinsi 2 25
mobil dinas gubernur kaltim,https://www.tiktok.com/@beritakukar/video/7613011166838738196,@beritakukar,@roby_kushatanto,https://www.tiktok.com/@roby_kushatanto,plat nya kok gak ada di samsat online ya...apa saya yg salah 3-4,94,plat nya kok gak ada di samsat online ya...apa saya yg salah 3-4,plat nya kok tidak ada di samsat online ya apa saya yang salah 3 4
mobil dinas gubernur kaltim,https://www.tiktok.com/@beritakukar/video/7613011166838738196,@beritakukar,@dedy805859,https://www.tiktok.com/@dedy805859,ko Mendagri diam saja....😎🤔 3-4,54,ko Mendagri diam saja....😎🤔 3-4,ko mendagri diam saja 3 4
mobil dinas gubernur kaltim,https://www.tiktok.com/@beritakukar/video/7613011166838738196,@beritakukar,@mas_syailen,https://www.tiktok.com/@mas_syailen,"yang di krmbalikan warna item, yang lalu lalang warna putih 😭😭 3-4",0,"yang di krmbalikan warna item, yang lalu lalang warna putih 😭😭 3-4",yang di krmbalikan warna item yang lalu lalang warna putih 3 4
mobil dinas gubernur kaltim,https://www.tiktok.com/@beritakukar/video/7613011166838738196,@beritakukar,@lacthedemond,https://www.tiktok.com/@lacthedemond,sudah terbiasa liat mobil dinas di ganti plat biasa karna tetangga gua juga gitu udh di tegor juga ya percuma ga di denger alesannya pergi Dinas luar kota 3-4,1,sudah terbiasa liat mobil dinas di ganti plat biasa karna tetangga gua juga gitu udh di tegor juga ya percuma ga di denger alesannya pergi Dinas luar kota 3-4,sudah terbiasa liat mobil dinas di ganti plat biasa karna tetangga gua juga gitu udh di tegor juga ya percuma tidak di denger alesannya pergi dinas luar kota 3 4
mobil dinas gubernur kaltim,https://www.tiktok.com/@beritakukar/video/7613011166838738196,@beritakukar,@sangmantan898,https://www.tiktok.com/@sangmantan898,emang kpk berani menyelidiki masalah ini oh tidak 🤣🤣🤣 3-4,6,emang kpk berani menyelidiki masalah ini oh tidak 🤣🤣🤣 3-4,emang kpk berani menyelidiki masalah ini oh tidak 3 4
mobil dinas gubernur kaltim,https://www.tiktok.com/@beritakukar/video/7613011166838738196,@beritakukar,@useramp86moors,https://www.tiktok.com/@useramp86moors,kpk jgn tinggal diam 3-4,34,kpk jgn tinggal diam 3-4,kpk jgn tinggal diam 3 4
mobil dinas gubernur kaltim,https://www.tiktok.com/@beritakukar/video/7613011166838738196,@beritakukar,@scrane32,https://www.tiktok.com/@scrane32,"DPRD,GUBERNUR, SEKDA dan KOMINFO sepertinya pandai berAKTING masalah MOBIL 8,6 M. 3-4",2,"DPRD,GUBERNUR, SEKDA dan KOMINFO sepertinya pandai berAKTING masalah MOBIL 8,6 M. 3-4",dprd gubernur sekda dan kominfo sepertinya pandai berakting masalah mobil 8 6 m 3 4
mobil dinas gubernur kaltim,https://www.tiktok.com/@beritakukar/video/7613011166838738196,@beritakukar,@tukangkayuulin_ok,https://www.tiktok.com/@tukangkayuulin_ok,"jangan jangn tertipu kita kelihatan di kembalikan padahal ndak bisa di balikin, jadi di taruh di jakarta, krn mungkin ada yg jangal... jd tdk bisa di kembalikan... 3-4",0,"jangan jangn tertipu kita kelihatan di kembalikan padahal ndak bisa di balikin, jadi di taruh di jakarta, krn mungkin ada yg jangal... jd tdk bisa di kembalikan... 3-4",jangan jangn tertipu kita kelihatan di kembalikan padahal ndak bisa di balikin jadi di taruh di jakarta karena mungkin ada yang jangal jd tidak bisa di kembalikan 3 4
mobil dinas gubernur kaltim,https://www.tiktok.com/@beritakukar/video/7613011166838738196,@beritakukar,@opyetea7,https://www.tiktok.com/@opyetea7,Mkya Seluruh Rakyat Indo Stop bayar Pajak. Apapun itu.💪🙏 3-4,11,Mkya Seluruh Rakyat Indo Stop bayar Pajak. Apapun itu.💪🙏 3-4,mkya seluruh rakyat indo stop bayar pajak apapun itu 3 4
mobil dinas gubernur kaltim,https://www.tiktok.com/@beritakukar/video/7613011166838738196,@beritakukar,@manwar3660,https://www.tiktok.com/@manwar3660,sepertinya malah tambah seru permainan baru dimulai 3-4,59,sepertinya malah tambah seru permainan baru dimulai 3-4,sepertinya malah tambah seru permainan baru dimulai 3 4
mobil dinas gubernur kaltim,https://www.tiktok.com/@beritakukar/video/7613011166838738196,@beritakukar,@dannylamoren,https://www.tiktok.com/@dannylamoren,KPK diam2 aja.. sudah dpt amplop coklat 3-4,23,KPK diam2 aja.. sudah dpt amplop coklat 3-4,kpk diam2 saja sudah dpt amplop coklat 3 4
mobil dinas gubernur kaltim,https://www.tiktok.com/@beritakukar/video/7613011166838738196,@beritakukar,@sabay.sabaruddin,https://www.tiktok.com/@sabay.sabaruddin,pemalsuan no polisi itu pidana 3-5,1,pemalsuan no polisi itu pidana 3-5,pemalsuan no polisi itu pidana 3 5
mobil dinas gubernur kaltim,https://www.tiktok.com/@beritakukar/video/7613011166838738196,@beritakukar,@raja_gavi,https://www.tiktok.com/@raja_gavi,😂😂😂 dikibulin pejabat pemprov n gubernurnya warga kaltim. 3-4,90,😂😂😂 dikibulin pejabat pemprov n gubernurnya warga kaltim. 3-4,dikibulin pejabat pemprov n gubernurnya warga kaltim 3 4
mobil dinas gubernur kaltim,https://www.tiktok.com/@beritakukar/video/7613011166838738196,@beritakukar,@fachry939,https://www.tiktok.com/@fachry939,liatin itu ad terdaftr d kpk atau tdk 3-4,6,liatin itu ad terdaftr d kpk atau tdk 3-4,liatin itu ad terdaftr d kpk atau tidak 3 4
mobil dinas gubernur kaltim,https://www.tiktok.com/@beritakukar/video/7613011166838738196,@beritakukar,@saifulbaqa12,https://www.tiktok.com/@saifulbaqa12,semua pandai bersilat lidah gubernurx ketua dprx sekdax smpai kasix jg bgtu 3-4,20,semua pandai bersilat lidah gubernurx ketua dprx sekdax smpai kasix jg bgtu 3-4,semua pandai bersilat lidah gubernurx ketua dprx sekdax smpai kasix jg bgtu 3 4
mobil dinas gubernur kaltim,https://www.tiktok.com/@beritakukar/video/7613011166838738196,@beritakukar,@papa.r3672,https://www.tiktok.com/@papa.r3672,Real.... kita ini sebenarnya sedang dijajah orang kita sendiri. 3-5,4,Real.... kita ini sebenarnya sedang dijajah orang kita sendiri. 3-5,real kita ini sebenarnya sedang dijajah orang kita sendiri 3 5
mobil dinas gubernur kaltim,https://www.tiktok.com/@beritakukar/video/7613011166838738196,@beritakukar,@anhari_li,https://www.tiktok.com/@anhari_li,"alasan saja lembali padahal tetap dipakai, kpk periksa guburnur kkn itu 3-4",1,"alasan saja lembali padahal tetap dipakai, kpk periksa guburnur kkn itu 3-4",alasan saja lembali padahal tetap dipakai kpk periksa guburnur kkn itu 3 4
mobil dinas gubernur kaltim,https://www.tiktok.com/@beritakukar/video/7613011166838738196,@beritakukar,@hettyrosita,https://www.tiktok.com/@hettyrosita,seru permainan baru gub Kaltim 🤣🤣 3-4,1,seru permainan baru gub Kaltim 🤣🤣 3-4,seru permainan baru gub kaltim 3 4
mobil dinas gubernur kaltim,https://www.tiktok.com/@beritakukar/video/7613011166838738196,@beritakukar,@mafioso3648,https://www.tiktok.com/@mafioso3648,wkwkkw warga KALTIM kena prank 3-4,1,wkwkkw warga KALTIM kena prank 3-4,wkwkkw warga kaltim kena prank 3 4
mobil dinas gubernur kaltim,https://www.tiktok.com/@beritakukar/video/7613011166838738196,@beritakukar,@champred0,https://www.tiktok.com/@champred0,di kira rakyat gampang di bodohi.... 3-5,1,di kira rakyat gampang di bodohi.... 3-5,di kira rakyat gampang di bodohi 3 5
mobil dinas gubernur kaltim,https://www.tiktok.com/@jollyroger.strawhat/video/7614678060616404245,@jollyroger.strawhat,@yelou0211,https://www.tiktok.com/@yelou0211,mobil mewah jln di jln lumpur🤣🤣 5-6,1,mobil mewah jln di jln lumpur🤣🤣 5-6,mobil mewah jln di jln lumpur 5 6
mobil dinas gubernur kaltim,https://www.tiktok.com/@jollyroger.strawhat/video/7614678060616404245,@jollyroger.strawhat,@mesiskahutagaol98,https://www.tiktok.com/@mesiskahutagaol98,menjijikkkkkan 5-5,2,menjijikkkkkan 5-5,menjijikkkkkan 5 5
mobil dinas gubernur kaltim,https://www.tiktok.com/@jollyroger.strawhat/video/7614678060616404245,@jollyroger.strawhat,@achmad.malik40,https://www.tiktok.com/@achmad.malik40,jangan dipilih lagil 5-24,0,jangan dipilih lagil 5-24,jangan dipilih lagil 5 24
mobil dinas gubernur kaltim,https://www.tiktok.com/@jollyroger.strawhat/video/7614678060616404245,@jollyroger.strawhat,@mr.phoe_,https://www.tiktok.com/@mr.phoe_,mobil dilembalikan lemana..... uangnya mana.... 5-24,0,mobil dilembalikan lemana..... uangnya mana.... 5-24,mobil dilembalikan lemana uangnya mana 5 24
mobil dinas gubernur kaltim,https://www.tiktok.com/@jollyroger.strawhat/video/7614678060616404245,@jollyroger.strawhat,@ditgdhog,https://www.tiktok.com/@ditgdhog,dana pribadi blok 3-8,0,dana pribadi blok 3-8,dana pribadi blok 3 8
mobil dinas gubernur kaltim,https://www.tiktok.com/@themis.law3/video/7612442626234633480,@themis.law3,@eenjii641,https://www.tiktok.com/@eenjii641,"masa mobil bagus yang naik jelek, jaga dong marwah mobilnya 3-23 36.7K",,"masa mobil bagus yang naik jelek, jaga dong marwah mobilnya 3-23 36.7K",masa mobil bagus yang naik jelek jaga dong marwah mobilnya 3 23 36 7k
mobil dinas gubernur kaltim,https://www.tiktok.com/@themis.law3/video/7612442626234633480,@themis.law3,@iwanjane,https://www.tiktok.com/@iwanjane,Kenape lo usap hidung? 3-6,9566,Kenape lo usap hidung? 3-6,kenape lo usap hidung 3 6
mobil dinas gubernur kaltim,https://www.tiktok.com/@themis.law3/video/7612442626234633480,@themis.law3,@faradilaayaa,https://www.tiktok.com/@faradilaayaa,"mobil 8,5m yg naik jelek, marwah mobilnya gak dijaga 🥹 5-9",4930,"mobil 8,5m yg naik jelek, marwah mobilnya gak dijaga 🥹 5-9",mobil 8 5m yang naik jelek marwah mobilnya tidak dijaga 5 9
mobil dinas gubernur kaltim,https://www.tiktok.com/@themis.law3/video/7612442626234633480,@themis.law3,@misbah.al.maliki,https://www.tiktok.com/@misbah.al.maliki,stop membuli..!! kalian TDK tau tentang rudi mas’ud kalian hanya melihat sisi buruknya saja..padahal sisi baiknya tidak ada... 4-27,397,stop membuli..!! kalian TDK tau tentang rudi mas’ud kalian hanya melihat sisi buruknya saja..padahal sisi baiknya tidak ada... 4-27,stop membuli kalian tidak tau tentang rudi mas ud kalian hanya melihat sisi buruknya saja padahal sisi baiknya tidak ada 4 27
mobil dinas gubernur kaltim,https://www.tiktok.com/@themis.law3/video/7612442626234633480,@themis.law3,@sandira.pasaribu,https://www.tiktok.com/@sandira.pasaribu,"masaaa iya mobilnya,, 8,5m jalannya rusak,,,, jangannn ,, dongg jaga marwah mobil nya 4-23",2448,"masaaa iya mobilnya,, 8,5m jalannya rusak,,,, jangannn ,, dongg jaga marwah mobil nya 4-23",masaaa iya mobilnya 8 5m jalannya rusak jangannn dongg jaga marwah mobil nya 4 23
mobil dinas gubernur kaltim,https://www.tiktok.com/@themis.law3/video/7612442626234633480,@themis.law3,@putri.almahyra25,https://www.tiktok.com/@putri.almahyra25,ngomongnya pinter bgt 😭 5-10,152,ngomongnya pinter bgt 😭 5-10,ngomongnya pinter banget 5 10
mobil dinas gubernur kaltim,https://www.tiktok.com/@themis.law3/video/7612442626234633480,@themis.law3,@setodyantara,https://www.tiktok.com/@setodyantara,iyain aja deh.. 🗿 3-21,1290,iyain aja deh.. 🗿 3-21,iyain saja deh 3 21
mobil dinas gubernur kaltim,https://www.tiktok.com/@themis.law3/video/7612442626234633480,@themis.law3,@artful0_0,https://www.tiktok.com/@artful0_0,"8,5 M benerin jalan tu bisa berkilo-kilo meter 4-13",396,"8,5 M benerin jalan tu bisa berkilo-kilo meter 4-13",8 5 m benerin jalan tu bisa berkilo kilo meter 4 13
mobil dinas gubernur kaltim,https://www.tiktok.com/@themis.law3/video/7612442626234633480,@themis.law3,@_beeyyyyy,https://www.tiktok.com/@_beeyyyyy,dulu yg milih siapa sih😂 4-29,51,dulu yg milih siapa sih😂 4-29,dulu yang milih siapa sih 4 29
mobil dinas gubernur kaltim,https://www.tiktok.com/@themis.law3/video/7612442626234633480,@themis.law3,@mapleleafdiary,https://www.tiktok.com/@mapleleafdiary,public speaking nya sangat bagusss 4-26,12,public speaking nya sangat bagusss 4-26,public speaking nya sangat bagusss 4 26
mobil dinas gubernur kaltim,https://www.tiktok.com/@themis.law3/video/7612442626234633480,@themis.law3,@frzyy95,https://www.tiktok.com/@frzyy95,iq gubernur Kaltim kira kira berapa ya??🤔🤔 3-7,211,iq gubernur Kaltim kira kira berapa ya??🤔🤔 3-7,iq gubernur kaltim kira kira berapa ya 3 7
mobil dinas gubernur kaltim,https://www.tiktok.com/@themis.law3/video/7612442626234633480,@themis.law3,@tetehaniliyani,https://www.tiktok.com/@tetehaniliyani,daripada buat mobilnya mending buat benerrin jalan nya x ya 😂😂😂 3-6,3435,daripada buat mobilnya mending buat benerrin jalan nya x ya 😂😂😂 3-6,daripada buat mobilnya mending buat benerrin jalan nya x ya 3 6
mobil dinas gubernur kaltim,https://www.tiktok.com/@themis.law3/video/7612442626234633480,@themis.law3,@natte094,https://www.tiktok.com/@natte094,gw aja malu sama pemerintah gw sendiri di kaltim😂 3-22,72,gw aja malu sama pemerintah gw sendiri di kaltim😂 3-22,gw saja malu sama pemerintah gw sendiri di kaltim 3 22
mobil dinas gubernur kaltim,https://www.tiktok.com/@themis.law3/video/7612442626234633480,@themis.law3,@gabygeboy858,https://www.tiktok.com/@gabygeboy858,"mobil dipikirn penampilan no 1,kerja no sekian, 3-6",554,"mobil dipikirn penampilan no 1,kerja no sekian, 3-6",mobil dipikirn penampilan no 1 kerja no sekian 3 6
mobil dinas gubernur kaltim,https://www.tiktok.com/@themis.law3/video/7612442626234633480,@themis.law3,@sergiofernando921,https://www.tiktok.com/@sergiofernando921,"Masa iya mobilnya mahal dan bagus tapi yg naiknya jelek, jangan dong jaga marwah mobilnya 5-20",16,"Masa iya mobilnya mahal dan bagus tapi yg naiknya jelek, jangan dong jaga marwah mobilnya 5-20",masa iya mobilnya mahal dan bagus tapi yang naiknya jelek jangan dong jaga marwah mobilnya 5 20
mobil dinas gubernur kaltim,https://www.tiktok.com/@themis.law3/video/7612442626234633480,@themis.law3,@liiann314,https://www.tiktok.com/@liiann314,"Mobil dinas apa kalau boleh tau yg seharga 8,5M ? Yg sportnya aja berkisaran 1M-5M itu udah bagus banget loh,kalau jenis sedan/jeep 8,5M apa yaah ?? 🤔🤔 3-6",60,"Mobil dinas apa kalau boleh tau yg seharga 8,5M ? Yg sportnya aja berkisaran 1M-5M itu udah bagus banget loh,kalau jenis sedan/jeep 8,5M apa yaah ?? 🤔🤔 3-6",mobil dinas apa kalau boleh tau yang seharga 8 5m yang sportnya saja berkisaran 1m 5m itu udah bagus banget loh kalau jenis sedan jeep 8 5m apa yaah 3 6
mobil dinas gubernur kaltim,https://www.tiktok.com/@themis.law3/video/7612442626234633480,@themis.law3,@telusurisaja2,https://www.tiktok.com/@telusurisaja2,masak iya masak iya.. !!!!! marwahnya bukan di mobil pak.. ke sejahteraan rakyat kalimantan tuh marwah nya pak .. 3-6,1699,masak iya masak iya.. !!!!! marwahnya bukan di mobil pak.. ke sejahteraan rakyat kalimantan tuh marwah nya pak .. 3-6,masak iya masak iya marwahnya bukan di mobil pak ke sejahteraan rakyat kalimantan tuh marwah nya pak 3 6
mobil dinas gubernur kaltim,https://www.tiktok.com/@themis.law3/video/7612442626234633480,@themis.law3,@maya.yes21,https://www.tiktok.com/@maya.yes21,masa mobil mewah yg naik jelek jaga donk marwah mobilnya 3-22,98,masa mobil mewah yg naik jelek jaga donk marwah mobilnya 3-22,masa mobil mewah yang naik jelek jaga donk marwah mobilnya 3 22
mobil dinas gubernur kaltim,https://www.tiktok.com/@tikuskokberdasi/video/7613343929244618005,@mata_publik_,@user1758633159158sohib,https://www.tiktok.com/@user1758633159158sohib,KALIMANTAN TIMUR SALAH PILIH GUBERNUR.... 3-6,55,KALIMANTAN TIMUR SALAH PILIH GUBERNUR.... 3-6,kalimantan timur salah pilih gubernur 3 6
mobil dinas gubernur kaltim,https://www.tiktok.com/@tikuskokberdasi/video/7613343929244618005,@mata_publik_,@efendiwahi,https://www.tiktok.com/@efendiwahi,copot gubernur ini...ajak DPRD utk demo 3-6,21,copot gubernur ini...ajak DPRD utk demo 3-6,copot gubernur ini ajak dprd untuk demo 3 6
mobil dinas gubernur kaltim,https://www.tiktok.com/@tikuskokberdasi/video/7613343929244618005,@mata_publik_,@barry.gallen,https://www.tiktok.com/@barry.gallen,DPRD pasti sudah mengkaji dan menyetujui anggaran ini. Jadi secara administrasi pasti sudah aman 3-4,9,DPRD pasti sudah mengkaji dan menyetujui anggaran ini. Jadi secara administrasi pasti sudah aman 3-4,dprd pasti sudah mengkaji dan menyetujui anggaran ini jadi secara administrasi pasti sudah aman 3 4
mobil dinas gubernur kaltim,https://www.tiktok.com/@tikuskokberdasi/video/7613343929244618005,@mata_publik_,@tristan_cakra,https://www.tiktok.com/@tristan_cakra,"Kaltim sekarang levelnya sudah internasional, fasilitasnya ya harus menyesuaikan standar global 3-4",2,"Kaltim sekarang levelnya sudah internasional, fasilitasnya ya harus menyesuaikan standar global 3-4",kaltim sekarang levelnya sudah internasional fasilitasnya ya harus menyesuaikan standar global 3 4
mobil dinas gubernur kaltim,https://www.tiktok.com/@tikuskokberdasi/video/7613343929244618005,@mata_publik_,@jewawut13,https://www.tiktok.com/@jewawut13,masyarakat kaltim bangga punya gubernur itu pastinya 3-6,0,masyarakat kaltim bangga punya gubernur itu pastinya 3-6,masyarakat kaltim bangga punya gubernur itu pastinya 3 6
mobil dinas gubernur kaltim,https://www.tiktok.com/@tikuskokberdasi/video/7613343929244618005,@mata_publik_,@rafael.seidqi,https://www.tiktok.com/@rafael.seidqi,Gubernur itu representasi daerah 3-4,2,Gubernur itu representasi daerah 3-4,gubernur itu representasi daerah 3 4
mobil dinas gubernur kaltim,https://www.tiktok.com/@tikuskokberdasi/video/7613343929244618005,@mata_publik_,@budi64_,https://www.tiktok.com/@budi64_,kayanya nyesel banget tuh yang pilih Dia jadi gubernur 😳😳😳😳😳 3-7,2,kayanya nyesel banget tuh yang pilih Dia jadi gubernur 😳😳😳😳😳 3-7,kayanya nyesel banget tuh yang pilih dia jadi gubernur 3 7
mobil dinas gubernur kaltim,https://www.tiktok.com/@tikuskokberdasi/video/7613343929244618005,@mata_publik_,@paman.sam38,https://www.tiktok.com/@paman.sam38,"salah pilih gubernur, logika nya dmna ya, jalan rusak malah beli mobil mewah, bukan jalan nya yg di betulin 3-7",1,"salah pilih gubernur, logika nya dmna ya, jalan rusak malah beli mobil mewah, bukan jalan nya yg di betulin 3-7",salah pilih gubernur logika nya dmna ya jalan rusak malah beli mobil mewah bukan jalan nya yang di betulin 3 7
mobil dinas gubernur kaltim,https://www.tiktok.com/@tikuskokberdasi/video/7613343929244618005,@mata_publik_,@bunda.tegas,https://www.tiktok.com/@bunda.tegas,kalau takut daerahnya kelihatan miskin... perbaiki dulu jalannya... 3-7,12,kalau takut daerahnya kelihatan miskin... perbaiki dulu jalannya... 3-7,kalau takut daerahnya kelihatan miskin perbaiki dulu jalannya 3 7
mobil dinas gubernur kaltim,https://www.tiktok.com/@tikuskokberdasi/video/7613343929244618005,@mata_publik_,@ddy_agus,https://www.tiktok.com/@ddy_agus,"Kalau memang sudah waktunya peremajaan sesuai aturan, ya silakan saja dilakukan 3-4",1,"Kalau memang sudah waktunya peremajaan sesuai aturan, ya silakan saja dilakukan 3-4",kalau memang sudah waktunya peremajaan sesuai aturan ya silakan saja dilakukan 3 4
mobil dinas gubernur kaltim,https://www.tiktok.com/@tikuskokberdasi/video/7613343929244618005,@mata_publik_,@pakiwan1970,https://www.tiktok.com/@pakiwan1970,"rakyat Kaltim jangan protes dan kritik suara kalian sudah di beli dan bayar,! 3-4",1,"rakyat Kaltim jangan protes dan kritik suara kalian sudah di beli dan bayar,! 3-4",rakyat kaltim jangan protes dan kritik suara kalian sudah di beli dan bayar 3 4
mobil dinas gubernur kaltim,https://www.tiktok.com/@tikuskokberdasi/video/7613343929244618005,@mata_publik_,@aski.slto2,https://www.tiktok.com/@aski.slto2,malu sama Jawa barat jalan dah di benerin walaupun belum 100% 3-6,5,malu sama Jawa barat jalan dah di benerin walaupun belum 100% 3-6,malu sama jawa barat jalan dah di benerin walaupun belum 100 3 6
mobil dinas gubernur kaltim,https://www.tiktok.com/@tikuskokberdasi/video/7613343929244618005,@mata_publik_,@priambodobagas29,https://www.tiktok.com/@priambodobagas29,pemimpij yg mirip raja louis 14 di prancis ini 3-5,2,pemimpij yg mirip raja louis 14 di prancis ini 3-5,pemimpij yang mirip raja louis 14 di prancis ini 3 5
mobil dinas gubernur kaltim,https://www.tiktok.com/@tikuskokberdasi/video/7613343929244618005,@mata_publik_,@rumani.garmun,https://www.tiktok.com/@rumani.garmun,kpk perlu chek ni duit rakyat buat mewah2 an tp jlnan ampun 3-7,1,kpk perlu chek ni duit rakyat buat mewah2 an tp jlnan ampun 3-7,kpk perlu chek ni duit rakyat buat mewah2 an tapi jlnan ampun 3 7
mobil dinas gubernur kaltim,https://www.tiktok.com/@tikuskokberdasi/video/7613343929244618005,@mata_publik_,@zorocodet71,https://www.tiktok.com/@zorocodet71,"Mana dipikirinnya, mikir kenyamanan sorang 3-30",1,"Mana dipikirinnya, mikir kenyamanan sorang 3-30",mana dipikirinnya mikir kenyamanan sorang 3 30
mobil dinas gubernur kaltim,https://www.tiktok.com/@tikuskokberdasi/video/7613343929244618005,@mata_publik_,@harta_tahta_umroh,https://www.tiktok.com/@harta_tahta_umroh,MOBIL PRESIDEN AJA GA SEGITU😂 3-5,2,MOBIL PRESIDEN AJA GA SEGITU😂 3-5,mobil presiden saja tidak segitu 3 5
mobil dinas gubernur kaltim,https://www.tiktok.com/@tikuskokberdasi/video/7613343929244618005,@mata_publik_,@jiu.an.112233,https://www.tiktok.com/@jiu.an.112233,klu gini kan uda keliatan kan 🤣🤣🤣 3-7,3,klu gini kan uda keliatan kan 🤣🤣🤣 3-7,klu gini kan uda keliatan kan 3 7
mobil dinas gubernur kaltim,https://www.tiktok.com/@tikuskokberdasi/video/7613343929244618005,@mata_publik_,@feriferdiansyah1987,https://www.tiktok.com/@feriferdiansyah1987,"logikanya, harusnya jalan dlu di benerin baru beli mobil.. bapak anti mainstream pak,beda dr yg lain.. mungkin si bapak nya pengen coba jalan off-road.. 🤣🤣🤣🤣 3-7",0,"logikanya, harusnya jalan dlu di benerin baru beli mobil.. bapak anti mainstream pak,beda dr yg lain.. mungkin si bapak nya pengen coba jalan off-road.. 🤣🤣🤣🤣 3-7",logikanya harusnya jalan dlu di benerin baru beli mobil bapak anti mainstream pak beda dari yang lain mungkin si bapak nya pengen coba jalan off road 3 7
mobil dinas gubernur kaltim,https://www.tiktok.com/@tikuskokberdasi/video/7613343929244618005,@mata_publik_,@irone4403,https://www.tiktok.com/@irone4403,salam .... nggarong lanjut 😎 3-6,1,salam .... nggarong lanjut 😎 3-6,salam nggarong lanjut 3 6
mobil dinas gubernur kaltim,https://www.tiktok.com/@f.405_/video/7612591026666048789,@f.405_,@damarwulan2450,https://www.tiktok.com/@damarwulan2450,"kalau mau ngangkat Marwah masyrkat Kaltim jalannya di benerin , masyarakat nya di sejahterkn begitu bos..bukan mobil dinas mu saja yg yg di mewAhin... 3-3",90,"kalau mau ngangkat Marwah masyrkat Kaltim jalannya di benerin , masyarakat nya di sejahterkn begitu bos..bukan mobil dinas mu saja yg yg di mewAhin... 3-3",kalau mau ngangkat marwah masyrkat kaltim jalannya di benerin masyarakat nya di sejahterkn begitu bos bukan mobil dinas mu saja yang yang di mewahin 3 3
mobil dinas gubernur kaltim,https://www.tiktok.com/@f.405_/video/7612591026666048789,@f.405_,@irian2019,https://www.tiktok.com/@irian2019,saya salut sama masyarakat Kaltim sangat sayang sama gubernurnya 3-7,7,saya salut sama masyarakat Kaltim sangat sayang sama gubernurnya 3-7,saya salut sama masyarakat kaltim sangat sayang sama gubernurnya 3 7
mobil dinas gubernur kaltim,https://www.tiktok.com/@f.405_/video/7612591026666048789,@f.405_,@enipp70,https://www.tiktok.com/@enipp70,"8,5 milyar bs utk perbaikan jln pak 3-25",13,"8,5 milyar bs utk perbaikan jln pak 3-25",8 5 milyar bs untuk perbaikan jln pak 3 25
mobil dinas gubernur kaltim,https://www.tiktok.com/@f.405_/video/7612591026666048789,@f.405_,@fauzanov_azimov,https://www.tiktok.com/@fauzanov_azimov,marwahnya kamu 3-27,2,marwahnya kamu 3-27,marwahnya kamu 3 27
mobil dinas gubernur kaltim,https://www.tiktok.com/@f.405_/video/7612591026666048789,@f.405_,@man.maulana27,https://www.tiktok.com/@man.maulana27,pak utk jaga marwah tuh kaltim itu bikin maju kaltim bikin warga kaltim itu sejahteta perekonomian kaltim lbh baik lg bkn beli mobil itu see bkn jaga marwah kaltim 4-24,3,pak utk jaga marwah tuh kaltim itu bikin maju kaltim bikin warga kaltim itu sejahteta perekonomian kaltim lbh baik lg bkn beli mobil itu see bkn jaga marwah kaltim 4-24,pak untuk jaga marwah tuh kaltim itu bikin maju kaltim bikin warga kaltim itu sejahteta perekonomian kaltim lbh baik lg bkn beli mobil itu see bkn jaga marwah kaltim 4 24
mobil dinas gubernur kaltim,https://www.tiktok.com/@f.405_/video/7612591026666048789,@f.405_,@madonkbeliyau,https://www.tiktok.com/@madonkbeliyau,wkwkwkkwk kaltim mmpunyai marwah jalanna rusak.... 3-3,5,wkwkwkkwk kaltim mmpunyai marwah jalanna rusak.... 3-3,wkwkwkkwk kaltim mmpunyai marwah jalanna rusak 3 3
mobil dinas gubernur kaltim,https://www.tiktok.com/@f.405_/video/7612591026666048789,@f.405_,@qadrie38,https://www.tiktok.com/@qadrie38,kalau saya jadi gerbur pasti saya betulkan jalan.. dri pada beli mobil mewah.. pakai mobil avzra cukup la 3-7,2,kalau saya jadi gerbur pasti saya betulkan jalan.. dri pada beli mobil mewah.. pakai mobil avzra cukup la 3-7,kalau saya jadi gerbur pasti saya betulkan jalan dri pada beli mobil mewah pakai mobil avzra cukup la 3 7
mobil dinas gubernur kaltim,https://www.tiktok.com/@f.405_/video/7612591026666048789,@f.405_,@penemu_rengginang0,https://www.tiktok.com/@penemu_rengginang0,"bagus lah, mumpung jadi pejabat, kapan lagi , kesempatan gak datang dua kali😂😂😂 3-2",17,"bagus lah, mumpung jadi pejabat, kapan lagi , kesempatan gak datang dua kali😂😂😂 3-2",bagus lah mumpung jadi pejabat kapan lagi kesempatan tidak datang dua kali 3 2
mobil dinas gubernur kaltim,https://www.tiktok.com/@f.405_/video/7612591026666048789,@f.405_,@junaida.ida319,https://www.tiktok.com/@junaida.ida319,pakaian nya istrinya seperti putri Diana 3-11,2,pakaian nya istrinya seperti putri Diana 3-11,pakaian nya istrinya seperti putri diana 3 11
mobil dinas gubernur kaltim,https://www.tiktok.com/@f.405_/video/7612591026666048789,@f.405_,@chandrah76,https://www.tiktok.com/@chandrah76,"KLO bisa Marwah jalan egk apa""yg penting gaya mobil dinas nya 3-25",2,"KLO bisa Marwah jalan egk apa""yg penting gaya mobil dinas nya 3-25",kalau bisa marwah jalan egk apa yang penting gaya mobil dinas nya 3 25
mobil dinas gubernur kaltim,https://www.tiktok.com/@f.405_/video/7612591026666048789,@f.405_,@army16556,https://www.tiktok.com/@army16556,GEMES NGELIHAT NYA... IH GK TAU MAU KOMEN APA. SI MARWAH. AKU PANGGIL DIA SI MARWAH AJ LAH 3-27,2,GEMES NGELIHAT NYA... IH GK TAU MAU KOMEN APA. SI MARWAH. AKU PANGGIL DIA SI MARWAH AJ LAH 3-27,gemes ngelihat nya ih tidak tau mau komen apa si marwah aku panggil dia si marwah aj lah 3 27
mobil dinas gubernur kaltim,https://www.tiktok.com/@f.405_/video/7612591026666048789,@f.405_,@tradingpvpsistemasi,https://www.tiktok.com/@tradingpvpsistemasi,marwah apa pak kerja mu jg apa 3-5,2,marwah apa pak kerja mu jg apa 3-5,marwah apa pak kerja mu jg apa 3 5
mobil dinas gubernur kaltim,https://www.tiktok.com/@f.405_/video/7612591026666048789,@f.405_,@masndung07,https://www.tiktok.com/@masndung07,jln dlu pak di perbaiki klo masalah mobil gampang katakn rental dlu panjero lah klo mau nijau capek deh 🤦‍♂️ 3-12,4,jln dlu pak di perbaiki klo masalah mobil gampang katakn rental dlu panjero lah klo mau nijau capek deh 🤦‍♂️ 3-12,jln dlu pak di perbaiki kalau masalah mobil gampang katakn rental dlu panjero lah kalau mau nijau capek deh 3 12
mobil dinas gubernur kaltim,https://www.tiktok.com/@f.405_/video/7612591026666048789,@f.405_,@vyxen061,https://www.tiktok.com/@vyxen061,cara ngomong nya manis ya 3-4,3,cara ngomong nya manis ya 3-4,cara ngomong nya manis ya 3 4
mobil dinas gubernur kaltim,https://www.tiktok.com/@f.405_/video/7612591026666048789,@f.405_,@ibu.priyo,https://www.tiktok.com/@ibu.priyo,"Lah gpp bang mobil jelek yg penting msh bisa d pake asal wilayahnya baik rapih jlnnya bagus & rakyatnya Senang hidupnya, pasti yg bagus kan para pejabatnya jg bnr g sih 5-12",1,"Lah gpp bang mobil jelek yg penting msh bisa d pake asal wilayahnya baik rapih jlnnya bagus & rakyatnya Senang hidupnya, pasti yg bagus kan para pejabatnya jg bnr g sih 5-12",lah gpp bang mobil jelek yang penting msh bisa d pake asal wilayahnya baik rapih jlnnya bagus rakyatnya senang hidupnya pasti yang bagus kan para pejabatnya jg bnr g sih 5 12
mobil dinas gubernur kaltim,https://www.tiktok.com/@f.405_/video/7612591026666048789,@f.405_,@astika_giri,https://www.tiktok.com/@astika_giri,mantap pak Gubernur KDM. emang top 3-25,3,mantap pak Gubernur KDM. emang top 3-25,mantap pak gubernur kdm emang top 3 25
mobil dinas gubernur kaltim,https://www.tiktok.com/@f.405_/video/7612591026666048789,@f.405_,@aly.cross07,https://www.tiktok.com/@aly.cross07,marwah siapa pak.... marwah kaltim adalah masyarakatnya sejahtera pemimpinnya amanah pembangunan infrastruktur bagus..janji ditepati. 3-2,3,marwah siapa pak.... marwah kaltim adalah masyarakatnya sejahtera pemimpinnya amanah pembangunan infrastruktur bagus..janji ditepati. 3-2,marwah siapa pak marwah kaltim adalah masyarakatnya sejahtera pemimpinnya amanah pembangunan infrastruktur bagus janji ditepati 3 2
mobil dinas gubernur kaltim,https://www.tiktok.com/@f.405_/video/7612591026666048789,@f.405_,@gendut_85,https://www.tiktok.com/@gendut_85,"mobil pribadi, paham kan 3-4",1,"mobil pribadi, paham kan 3-4",mobil pribadi paham kan 3 4
mobil dinas gubernur kaltim,https://www.tiktok.com/@f.405_/video/7612591026666048789,@f.405_,@nunuk.nurmawati,https://www.tiktok.com/@nunuk.nurmawati,betul pak mumpung masih menjabat .kpan LG minta ke rakyat kalau pas nggk menjabat 🤭 3-6,1,betul pak mumpung masih menjabat .kpan LG minta ke rakyat kalau pas nggk menjabat 🤭 3-6,betul pak mumpung masih menjabat kpan lg minta ke rakyat kalau pas nggk menjabat 3 6
mobil dinas gubernur kaltim,https://www.tiktok.com/@media_indonesia/video/7611183349964524821,@media_indonesia,@pemerhatikalaucocokjadi,https://www.tiktok.com/@pemerhatikalaucocokjadi,kebaya aja tp over power bgt cantiknya 2-27,26K,kebaya aja tp over power bgt cantiknya 2-27,kebaya saja tapi over power banget cantiknya 2 27
mobil dinas gubernur kaltim,https://www.tiktok.com/@media_indonesia/video/7611183349964524821,@media_indonesia,@bakol_cilik03,https://www.tiktok.com/@bakol_cilik03,Ibu wapres kita sederhana sekali 2-27,3850,Ibu wapres kita sederhana sekali 2-27,ibu wapres kita sederhana sekali 2 27
mobil dinas gubernur kaltim,https://www.tiktok.com/@media_indonesia/video/7611183349964524821,@media_indonesia,@anindanie12,https://www.tiktok.com/@anindanie12,berasa kate middleton bgt dah 2-26 35.2K,,berasa kate middleton bgt dah 2-26 35.2K,berasa kate middleton banget dah 2 26 35 2k
mobil dinas gubernur kaltim,https://www.tiktok.com/@media_indonesia/video/7611183349964524821,@media_indonesia,@ovi.yoon.noona,https://www.tiktok.com/@ovi.yoon.noona,ga ada fashion stylishnya kaah😭 2-27 30.9K,,ga ada fashion stylishnya kaah😭 2-27 30.9K,tidak ada fashion stylishnya kaah 2 27 30 9k
mobil dinas gubernur kaltim,https://www.tiktok.com/@media_indonesia/video/7611183349964524821,@media_indonesia,@user365855489,https://www.tiktok.com/@user365855489,ini yg di resident evil kan ya 2-27,1412,ini yg di resident evil kan ya 2-27,ini yang di resident evil kan ya 2 27
mobil dinas gubernur kaltim,https://www.tiktok.com/@media_indonesia/video/7611183349964524821,@media_indonesia,@shanapuri,https://www.tiktok.com/@shanapuri,lagi maen ratu ratuan 🙈 2-27 16.1K,,lagi maen ratu ratuan 🙈 2-27 16.1K,lagi maen ratu ratuan 2 27 16 1k
mobil dinas gubernur kaltim,https://www.tiktok.com/@media_indonesia/video/7611183349964524821,@media_indonesia,@moutya25,https://www.tiktok.com/@moutya25,Ibu Maaf fashion nya ke sering Aku liat di kota tua jakarta 😌🙏🏻 2-27,9216,Ibu Maaf fashion nya ke sering Aku liat di kota tua jakarta 😌🙏🏻 2-27,ibu maaf fashion nya ke sering aku liat di kota tua jakarta 2 27
mobil dinas gubernur kaltim,https://www.tiktok.com/@media_indonesia/video/7611183349964524821,@media_indonesia,@vil4aaa_,https://www.tiktok.com/@vil4aaa_,Aura ngabisin duit kuat banget lagi wkwkwk 2-27,6961,Aura ngabisin duit kuat banget lagi wkwkwk 2-27,aura ngabisin duit kuat banget lagi wkwkwk 2 27
mobil dinas gubernur kaltim,https://www.tiktok.com/@media_indonesia/video/7611183349964524821,@media_indonesia,@siswantiismid1,https://www.tiktok.com/@siswantiismid1,Cantikkan gubernur kami 🤩 2-27,1390,Cantikkan gubernur kami 🤩 2-27,cantikkan gubernur kami 2 27
mobil dinas gubernur kaltim,https://www.tiktok.com/@media_indonesia/video/7611183349964524821,@media_indonesia,@titakumara01,https://www.tiktok.com/@titakumara01,warga kaltim yang sabar yak😭 2-27,4332,warga kaltim yang sabar yak😭 2-27,warga kaltim yang sabar yak 2 27
mobil dinas gubernur kaltim,https://www.tiktok.com/@media_indonesia/video/7611183349964524821,@media_indonesia,@azsra2010,https://www.tiktok.com/@azsra2010,dy mau jadi ap sih sbnernya😭😭 2-27,195,dy mau jadi ap sih sbnernya😭😭 2-27,dy mau jadi ap sih sbnernya 2 27
mobil dinas gubernur kaltim,https://www.tiktok.com/@media_indonesia/video/7611183349964524821,@media_indonesia,@lidiayolanda24,https://www.tiktok.com/@lidiayolanda24,aku yg org samarinda aja kekk malu 2-27,1352,aku yg org samarinda aja kekk malu 2-27,aku yang org samarinda saja kekk malu 2 27
mobil dinas gubernur kaltim,https://www.tiktok.com/@media_indonesia/video/7611183349964524821,@media_indonesia,@valata_nia,https://www.tiktok.com/@valata_nia,"jodoh adalah cerminan, gua percaya banget sama tuh kata kata kali ini🗿 2-27",513,"jodoh adalah cerminan, gua percaya banget sama tuh kata kata kali ini🗿 2-27",jodoh adalah cerminan gua percaya banget sama tuh kata kata kali ini 2 27
mobil dinas gubernur kaltim,https://www.tiktok.com/@media_indonesia/video/7611183349964524821,@media_indonesia,@aadiioos62,https://www.tiktok.com/@aadiioos62,ngampung bgt 2-27,208,ngampung bgt 2-27,ngampung banget 2 27
mobil dinas gubernur kaltim,https://www.tiktok.com/@media_indonesia/video/7611183349964524821,@media_indonesia,@xuxicarls,https://www.tiktok.com/@xuxicarls,dikira ini era Bridgerton kali😭 2-27,716,dikira ini era Bridgerton kali😭 2-27,dikira ini era bridgerton kali 2 27
mobil dinas gubernur kaltim,https://www.tiktok.com/@media_indonesia/video/7611183349964524821,@media_indonesia,@yaelahbeb,https://www.tiktok.com/@yaelahbeb,Dia ikutin sherly tjoanda ya? 2-27,4,Dia ikutin sherly tjoanda ya? 2-27,dia ikutin sherly tjoanda ya 2 27
mobil dinas gubernur kaltim,https://www.tiktok.com/@media_indonesia/video/7611183349964524821,@media_indonesia,@neccakhere,https://www.tiktok.com/@neccakhere,Ntar waktu berbuka ajak gw balik ke sini lagi ya gimuys. Masih menjalankan ibadah puasa soalanya 2-27,373,Ntar waktu berbuka ajak gw balik ke sini lagi ya gimuys. Masih menjalankan ibadah puasa soalanya 2-27,ntar waktu berbuka ajak gw balik ke sini lagi ya gimuys masih menjalankan ibadah puasa soalanya 2 27
mobil dinas gubernur kaltim,https://www.tiktok.com/@media_indonesia/video/7611183349964524821,@media_indonesia,@tantyhernand,https://www.tiktok.com/@tantyhernand,ada yg tau wafer nisin? 😭 2-27,113,ada yg tau wafer nisin? 😭 2-27,ada yang tau wafer nisin 2 27
mobil dinas gubernur kaltim,https://www.tiktok.com/@media_indonesia/video/7611183349964524821,@media_indonesia,@boudjang_desa,https://www.tiktok.com/@boudjang_desa,ngampung 2-27,74,ngampung 2-27,ngampung 2 27
mobil dinas gubernur kaltim,https://www.tiktok.com/@media_indonesia/video/7611183349964524821,@media_indonesia,@bigbearr23,https://www.tiktok.com/@bigbearr23,Kode minta tolong bukan sih? 2-27,18,Kode minta tolong bukan sih? 2-27,kode minta tolong bukan sih 2 27
mobil dinas gubernur kaltim,https://www.tiktok.com/@ae_affiliat/video/7612919691111107848,@ae_affiliat,@outofthebox404,https://www.tiktok.com/@outofthebox404,"sibuk jaga marwah, rakyatnya hampir jadi arwah 3-3",1167,"sibuk jaga marwah, rakyatnya hampir jadi arwah 3-3",sibuk jaga marwah rakyatnya hampir jadi arwah 3 3
mobil dinas gubernur kaltim,https://www.tiktok.com/@ae_affiliat/video/7612919691111107848,@ae_affiliat,@enal_epponabbas,https://www.tiktok.com/@enal_epponabbas,jujur saya kelahiran Kaltim.. sangat malu dengan hujatan warga net... kpan yah punya pemimpin kaya KDM... 3-4,365,jujur saya kelahiran Kaltim.. sangat malu dengan hujatan warga net... kpan yah punya pemimpin kaya KDM... 3-4,jujur saya kelahiran kaltim sangat malu dengan hujatan warga net kpan yah punya pemimpin kaya kdm 3 4
mobil dinas gubernur kaltim,https://www.tiktok.com/@ae_affiliat/video/7612919691111107848,@ae_affiliat,@anifamufida,https://www.tiktok.com/@anifamufida,pemimpin seperti ini kok malah di pilih ... kasian rakyat lagi lagi tertipu 3-5,56,pemimpin seperti ini kok malah di pilih ... kasian rakyat lagi lagi tertipu 3-5,pemimpin seperti ini kok malah di pilih kasian rakyat lagi lagi tertipu 3 5
mobil dinas gubernur kaltim,https://www.tiktok.com/@ae_affiliat/video/7612919691111107848,@ae_affiliat,@noviaaa72_,https://www.tiktok.com/@noviaaa72_,KPK mana 3-3,107,KPK mana 3-3,kpk mana 3 3
mobil dinas gubernur kaltim,https://www.tiktok.com/@ae_affiliat/video/7612919691111107848,@ae_affiliat,@kokosalim23,https://www.tiktok.com/@kokosalim23,menjaga marwah keluarganya 😂 3-3,218,menjaga marwah keluarganya 😂 3-3,menjaga marwah keluarganya 3 3
mobil dinas gubernur kaltim,https://www.tiktok.com/@ae_affiliat/video/7612919691111107848,@ae_affiliat,@dhewspt,https://www.tiktok.com/@dhewspt,"@🌍:🤣🤣🤣🤣 GUBERNUR KALTIM Rudy Mas'ud, ISTRI GUBERNUR KALTIM Sarifah Suraidah (Anggota DPR RI), KETUA DPRD KALTIM Hasan Mas'ud, WALIKOTA BALIKPAPAN Rahmad Mas'ud, KETUA KADIM Putri Amanda Nurrahmadi (KATANYA KEPONAKAN), MANTAN BUPATI PENAJAM PASER UTARA Abdul Gafur Mas'ud (OTT KPK).... 3-5",18,"@🌍:🤣🤣🤣🤣 GUBERNUR KALTIM Rudy Mas'ud, ISTRI GUBERNUR KALTIM Sarifah Suraidah (Anggota DPR RI), KETUA DPRD KALTIM Hasan Mas'ud, WALIKOTA BALIKPAPAN Rahmad Mas'ud, KETUA KADIM Putri Amanda Nurrahmadi (KATANYA KEPONAKAN), MANTAN BUPATI PENAJAM PASER UTARA Abdul Gafur Mas'ud (OTT KPK).... 3-5",gubernur kaltim rudy mas ud istri gubernur kaltim sarifah suraidah anggota dpr ri ketua dprd kaltim hasan mas ud walikota balikpapan rahmad mas ud ketua kadim putri amanda nurrahmadi katanya keponakan mantan bupati penajam paser utara abdul gafur mas ud ott kpk 3 5
mobil dinas gubernur kaltim,https://www.tiktok.com/@ae_affiliat/video/7612919691111107848,@ae_affiliat,@muhammd_daffa5,https://www.tiktok.com/@muhammd_daffa5,"org Kaltim asli cuma Diam ngk mau koment apa""👍 3-4",25,"org Kaltim asli cuma Diam ngk mau koment apa""👍 3-4",org kaltim asli cuma diam ngk mau koment apa 3 4
mobil dinas gubernur kaltim,https://www.tiktok.com/@ae_affiliat/video/7612919691111107848,@ae_affiliat,@wiwin3084,https://www.tiktok.com/@wiwin3084,cukup 1 priode z ya 3-4,6,cukup 1 priode z ya 3-4,cukup 1 priode z ya 3 4
mobil dinas gubernur kaltim,https://www.tiktok.com/@ae_affiliat/video/7612919691111107848,@ae_affiliat,@petrus_dmofers,https://www.tiktok.com/@petrus_dmofers,media lokalnya mana? 3-4,2,media lokalnya mana? 3-4,media lokalnya mana 3 4
mobil dinas gubernur kaltim,https://www.tiktok.com/@ae_affiliat/video/7612919691111107848,@ae_affiliat,@hajicicik,https://www.tiktok.com/@hajicicik,yg pentg istrix bajux mahal2😂😂😂 3-5,3,yg pentg istrix bajux mahal2😂😂😂 3-5,yang pentg istrix bajux mahal2 3 5
mobil dinas gubernur kaltim,https://www.tiktok.com/@ae_affiliat/video/7612919691111107848,@ae_affiliat,@paanebharra,https://www.tiktok.com/@paanebharra,kasian warga kalimantan punya pemimpin seperti ini🥺🥺😭😭 3-5,12,kasian warga kalimantan punya pemimpin seperti ini🥺🥺😭😭 3-5,kasian warga kalimantan punya pemimpin seperti ini 3 5
mobil dinas gubernur kaltim,https://www.tiktok.com/@ae_affiliat/video/7612919691111107848,@ae_affiliat,@ugiesy54967,https://www.tiktok.com/@ugiesy54967,emang siapa sih gubernur kaltim. (kebingungan) 3-4,2,emang siapa sih gubernur kaltim. (kebingungan) 3-4,emang siapa sih gubernur kaltim kebingungan 3 4
mobil dinas gubernur kaltim,https://www.tiktok.com/@ae_affiliat/video/7612919691111107848,@ae_affiliat,@umi.maimunah1,https://www.tiktok.com/@umi.maimunah1,"pikiraranya gubernur Kaltim lgi rusak ,,sm kyk jln nya 3-4",41,"pikiraranya gubernur Kaltim lgi rusak ,,sm kyk jln nya 3-4",pikiraranya gubernur kaltim lgi rusak sama kyk jln nya 3 4
mobil dinas gubernur kaltim,https://www.tiktok.com/@ae_affiliat/video/7612919691111107848,@ae_affiliat,@klik_fb,https://www.tiktok.com/@klik_fb,sudah nampak lebih mementingkan diri sendiri dari pada rakyat 3-4,14,sudah nampak lebih mementingkan diri sendiri dari pada rakyat 3-4,sudah nampak lebih mementingkan diri sendiri dari pada rakyat 3 4
mobil dinas gubernur kaltim,https://www.tiktok.com/@ae_affiliat/video/7612919691111107848,@ae_affiliat,@ulynapitu,https://www.tiktok.com/@ulynapitu,mobilnya SDH di kembalikan...beliau Baru nyadar rakyat Kaltim msh bnyak di garis kemiskinan 3-4,3,mobilnya SDH di kembalikan...beliau Baru nyadar rakyat Kaltim msh bnyak di garis kemiskinan 3-4,mobilnya sdh di kembalikan beliau baru nyadar rakyat kaltim msh bnyak di garis kemiskinan 3 4
mobil dinas gubernur kaltim,https://www.tiktok.com/@ae_affiliat/video/7612919691111107848,@ae_affiliat,@w.19_b1o,https://www.tiktok.com/@w.19_b1o,BAWA2 KATA MARWAH ....🤣🤣 3-4,16,BAWA2 KATA MARWAH ....🤣🤣 3-4,bawa2 kata marwah 3 4
mobil dinas gubernur kaltim,https://www.tiktok.com/@ae_affiliat/video/7612919691111107848,@ae_affiliat,@m.panjaitan.86,https://www.tiktok.com/@m.panjaitan.86,marwah sampai segitu yang nama nya marwah ya🤣🤣🤣 3-3,16,marwah sampai segitu yang nama nya marwah ya🤣🤣🤣 3-3,marwah sampai segitu yang nama nya marwah ya 3 3
mobil dinas gubernur kaltim,https://www.tiktok.com/@ae_affiliat/video/7612919691111107848,@ae_affiliat,@ajol15,https://www.tiktok.com/@ajol15,si gubernur tukang makan marwah😂😅. 3-4,19,si gubernur tukang makan marwah😂😅. 3-4,si gubernur tukang makan marwah 3 4
mobil dinas gubernur kaltim,https://www.tiktok.com/@ae_affiliat/video/7612919691111107848,@ae_affiliat,@zainal.habdi,https://www.tiktok.com/@zainal.habdi,jln dari alrah ke kubar. rusak parah. kasian driver pemburu dolar tetkendala 3-4,8,jln dari alrah ke kubar. rusak parah. kasian driver pemburu dolar tetkendala 3-4,jln dari alrah ke kubar rusak parah kasian driver pemburu dolar tetkendala 3 4
mobil dinas gubernur kaltim,https://www.tiktok.com/@keadilanfiktif/video/7615447599402798357,@keadilanfiktif,@riyangriyang8,https://www.tiktok.com/@riyangriyang8,KPK mana 3-13,9,KPK mana 3-13,kpk mana 3 13
mobil dinas gubernur kaltim,https://www.tiktok.com/@keadilanfiktif/video/7615447599402798357,@keadilanfiktif,@ajo.tarigan,https://www.tiktok.com/@ajo.tarigan,"bukan kau saja gubenur, lihatlah mobil dinas gubenur lain 3-27",0,"bukan kau saja gubenur, lihatlah mobil dinas gubenur lain 3-27",bukan kau saja gubenur lihatlah mobil dinas gubenur lain 3 27
mobil dinas gubernur kaltim,https://www.tiktok.com/@keadilanfiktif/video/7615447599402798357,@keadilanfiktif,@wongkutai1331,https://www.tiktok.com/@wongkutai1331,Tanya sama Partai Pengusung nya 3-10,1,Tanya sama Partai Pengusung nya 3-10,tanya sama partai pengusung nya 3 10
mobil dinas gubernur kaltim,https://www.tiktok.com/@keadilanfiktif/video/7615447599402798357,@keadilanfiktif,@esdawetrizqi,https://www.tiktok.com/@esdawetrizqi,"Marwah itu dari pola pikir untuk masyarakat nya,gimana cara nya'masyarakat nya sejahtera.kalo mobil itu nama nya menyenangkan diri sendiri,dan untuk pribadi. 3-28",1,"Marwah itu dari pola pikir untuk masyarakat nya,gimana cara nya'masyarakat nya sejahtera.kalo mobil itu nama nya menyenangkan diri sendiri,dan untuk pribadi. 3-28",marwah itu dari pola pikir untuk masyarakat nya gimana cara nya masyarakat nya sejahtera kalo mobil itu nama nya menyenangkan diri sendiri dan untuk pribadi 3 28
mobil dinas gubernur kaltim,https://www.tiktok.com/@keadilanfiktif/video/7615447599402798357,@keadilanfiktif,@saidahida1804,https://www.tiktok.com/@saidahida1804,mana suaranya KPK 4-21,1,mana suaranya KPK 4-21,mana suaranya kpk 4 21
mobil dinas gubernur kaltim,https://www.tiktok.com/@keadilanfiktif/video/7615447599402798357,@keadilanfiktif,@meghan0972,https://www.tiktok.com/@meghan0972,publik kaltim kemane ya 3-10,8,publik kaltim kemane ya 3-10,publik kaltim kemane ya 3 10
mobil dinas gubernur kaltim,https://www.tiktok.com/@keadilanfiktif/video/7615447599402798357,@keadilanfiktif,@mamahhucun,https://www.tiktok.com/@mamahhucun,Wooohhh... 3-22,1,Wooohhh... 3-22,wooohhh 3 22
mobil dinas gubernur kaltim,https://www.tiktok.com/@keadilanfiktif/video/7615447599402798357,@keadilanfiktif,@yog7188,https://www.tiktok.com/@yog7188,apalah artinya hidup mewah kalau di atas penderitaan rakyatnya. 3-29,0,apalah artinya hidup mewah kalau di atas penderitaan rakyatnya. 3-29,apalah artinya hidup mewah kalau di atas penderitaan rakyatnya 3 29
mobil dinas gubernur kaltim,https://www.tiktok.com/@keadilanfiktif/video/7615447599402798357,@keadilanfiktif,@sofieyanayana,https://www.tiktok.com/@sofieyanayana,kpk lagi tidur 5-4,0,kpk lagi tidur 5-4,kpk lagi tidur 5 4
mobil dinas gubernur kaltim,https://www.tiktok.com/@keadilanfiktif/video/7615447599402798357,@keadilanfiktif,@nazir.ziran,https://www.tiktok.com/@nazir.ziran,"KPK,,,mana,,? 3-10",7,"KPK,,,mana,,? 3-10",kpk mana 3 10
mobil dinas gubernur kaltim,https://www.tiktok.com/@keadilanfiktif/video/7615447599402798357,@keadilanfiktif,@heny_rosiana,https://www.tiktok.com/@heny_rosiana,untuk mobil dinas sdh dibalikkan 4-11,0,untuk mobil dinas sdh dibalikkan 4-11,untuk mobil dinas sdh dibalikkan 4 11
mobil dinas gubernur kaltim,https://www.tiktok.com/@keadilanfiktif/video/7615447599402798357,@keadilanfiktif,@myst_xr,https://www.tiktok.com/@myst_xr,mmg terlalu berlebihan pembelian mobil yg mahal mengingat infrastruktur msh amboradul 3-12,0,mmg terlalu berlebihan pembelian mobil yg mahal mengingat infrastruktur msh amboradul 3-12,mmg terlalu berlebihan pembelian mobil yang mahal mengingat infrastruktur msh amboradul 3 12
mobil dinas gubernur kaltim,https://www.tiktok.com/@keadilanfiktif/video/7615447599402798357,@keadilanfiktif,@userblackhole0,https://www.tiktok.com/@userblackhole0,jalan jalan kabupaten saja masih lumpur 4-1,0,jalan jalan kabupaten saja masih lumpur 4-1,jalan jalan kabupaten saja masih lumpur 4 1
mobil dinas gubernur kaltim,https://www.tiktok.com/@keadilanfiktif/video/7615447599402798357,@keadilanfiktif,@agusagus46002,https://www.tiktok.com/@agusagus46002,sudah pecat sajah 4-20,0,sudah pecat sajah 4-20,sudah pecat sajah 4 20
mobil dinas gubernur kaltim,https://www.tiktok.com/@keadilanfiktif/video/7615447599402798357,@keadilanfiktif,@toni.ton43,https://www.tiktok.com/@toni.ton43,"di desa saya juga ada yg sekeluarga, mulai dari kades, sekdes, bendahara, rt,BPD, kaur, dusun 4-12",0,"di desa saya juga ada yg sekeluarga, mulai dari kades, sekdes, bendahara, rt,BPD, kaur, dusun 4-12",di desa saya juga ada yang sekeluarga mulai dari kades sekdes bendahara rt bpd kaur dusun 4 12
mobil dinas gubernur kaltim,https://www.tiktok.com/@keadilanfiktif/video/7615447599402798357,@keadilanfiktif,@rifki.febrian91,https://www.tiktok.com/@rifki.febrian91,oh maaf saya pak Saya udah bikin kayak gitu maaf saya pak 3-24,0,oh maaf saya pak Saya udah bikin kayak gitu maaf saya pak 3-24,oh maaf saya pak saya udah bikin kayak gitu maaf saya pak 3 24
mobil dinas gubernur kaltim,https://www.tiktok.com/@keadilanfiktif/video/7615447599402798357,@keadilanfiktif,@ekaherman3,https://www.tiktok.com/@ekaherman3,Betul Beliau Memang Pantas TerPilih👍Dgn Ketekunan Dan Ketulusan Hati Membangun Kaltim Maju Dan BerJaya🔥🔥 4-16,0,Betul Beliau Memang Pantas TerPilih👍Dgn Ketekunan Dan Ketulusan Hati Membangun Kaltim Maju Dan BerJaya🔥🔥 4-16,betul beliau memang pantas terpilih dengan ketekunan dan ketulusan hati membangun kaltim maju dan berjaya 4 16
mobil dinas gubernur kaltim,https://www.tiktok.com/@tripol.co/video/7642126377168293141,@mamak.hafsoh,@jhafar_93,https://www.tiktok.com/@jhafar_93,[Stiker] maaf ka salah pencet 5-22,879,[Stiker] maaf ka salah pencet 5-22,stiker maaf ka salah pencet 5 22
mobil dinas gubernur kaltim,https://www.tiktok.com/@tripol.co/video/7642126377168293141,@mamak.hafsoh,@nugrohohamid,https://www.tiktok.com/@nugrohohamid,beliau sudah kaya sebelum jadi Gubernur....beliau orang baik... 5-23,26,beliau sudah kaya sebelum jadi Gubernur....beliau orang baik... 5-23,beliau sudah kaya sebelum jadi gubernur beliau orang baik 5 23
mobil dinas gubernur kaltim,https://www.tiktok.com/@tripol.co/video/7642126377168293141,@mamak.hafsoh,@rom82761,https://www.tiktok.com/@rom82761,tetap amanah pak gubernur,0,tetap amanah pak gubernur,tetap amanah pak gubernur
mobil dinas gubernur kaltim,https://www.tiktok.com/@tripol.co/video/7642126377168293141,@mamak.hafsoh,@kicau_229,https://www.tiktok.com/@kicau_229,lagu Ter enak sepanjang masa 😂 5-23,438,lagu Ter enak sepanjang masa 😂 5-23,lagu ter enak sepanjang masa 5 23
mobil dinas gubernur kaltim,https://www.tiktok.com/@tripol.co/video/7642126377168293141,@mamak.hafsoh,@sabriazis307,https://www.tiktok.com/@sabriazis307,"saya orang Sulawesi Selatan, tapi soal kerja gubernur Kalimantan Timur . betul kerja nya nyata . pembangunan mulai dari infrastruktur dan Listrik sdah mulai masuk ke pelosok .. contohnya saja jembatan Nibung di kabupaten Kutai Timur , jembatan yang menghubungkan 2 kabupaten (Kutai Timur ke Berau ) dan menghubungkan ke provinsi Kalimantan Utara . Pemerintah Kalimantan Timur punya tantangan dan rintangan tersendiri, itu makanya pembangunan sedikit terhambat . untuk pekerjaan saya rasa tetap berjalan dengan baik , saya orang Sulawesi cukup merasa kan hasil kerja pemerintahan Kalimantan Timur. 5-23",17,"saya orang Sulawesi Selatan, tapi soal kerja gubernur Kalimantan Timur . betul kerja nya nyata . pembangunan mulai dari infrastruktur dan Listrik sdah mulai masuk ke pelosok .. contohnya saja jembatan Nibung di kabupaten Kutai Timur , jembatan yang menghubungkan 2 kabupaten (Kutai Timur ke Berau ) dan menghubungkan ke provinsi Kalimantan Utara . Pemerintah Kalimantan Timur punya tantangan dan rintangan tersendiri, itu makanya pembangunan sedikit terhambat . untuk pekerjaan saya rasa tetap berjalan dengan baik , saya orang Sulawesi cukup merasa kan hasil kerja pemerintahan Kalimantan Timur. 5-23",saya orang sulawesi selatan tapi soal kerja gubernur kalimantan timur betul kerja nya nyata pembangunan mulai dari infrastruktur dan listrik sdah mulai masuk ke pelosok contohnya saja jembatan nibung di kabupaten kutai timur jembatan yang menghubungkan 2 kabupaten kutai timur ke berau dan menghubungkan ke provinsi kalimantan utara pemerintah kalimantan timur punya tantangan dan rintangan tersendiri itu makanya pembangunan sedikit terhambat untuk pekerjaan saya rasa tetap berjalan dengan baik saya orang sulawesi cukup merasa kan hasil kerja pemerintahan kalimantan timur 5 23
mobil dinas gubernur kaltim,https://www.tiktok.com/@tripol.co/video/7642126377168293141,@mamak.hafsoh,@hestysetyaningrum11,https://www.tiktok.com/@hestysetyaningrum11,"pengen kenalan sama pencipta lagunya, cuma mau bilang kalo lagunya KEREN BANGET😁 5-23",237,"pengen kenalan sama pencipta lagunya, cuma mau bilang kalo lagunya KEREN BANGET😁 5-23",pengen kenalan sama pencipta lagunya cuma mau bilang kalo lagunya keren banget 5 23
mobil dinas gubernur kaltim,https://www.tiktok.com/@tripol.co/video/7642126377168293141,@mamak.hafsoh,@user2117861420815,https://www.tiktok.com/@user2117861420815,mirip dikit 5-21,537,mirip dikit 5-21,mirip dikit 5 21
mobil dinas gubernur kaltim,https://www.tiktok.com/@tripol.co/video/7642126377168293141,@mamak.hafsoh,@linahastaririn1,https://www.tiktok.com/@linahastaririn1,KTP ku kaltim tapi aku tinggal di jatim ya Allah podo ae. pingin pindah ke maluku aja rasanya 5-23,84,KTP ku kaltim tapi aku tinggal di jatim ya Allah podo ae. pingin pindah ke maluku aja rasanya 5-23,ktp ku kaltim tapi aku tinggal di jatim ya allah podo ae pingin pindah ke maluku saja rasanya 5 23
mobil dinas gubernur kaltim,https://www.tiktok.com/@tripol.co/video/7642126377168293141,@mamak.hafsoh,@rsy3_,https://www.tiktok.com/@rsy3_,[Stiker] ke mirip 5-23,25,[Stiker] ke mirip 5-23,stiker ke mirip 5 23
mobil dinas gubernur kaltim,https://www.tiktok.com/@tripol.co/video/7642126377168293141,@mamak.hafsoh,@lino_no67,https://www.tiktok.com/@lino_no67,sudah turun belum sih😭 5-22,78,sudah turun belum sih😭 5-22,sudah turun belum sih 5 22
mobil dinas gubernur kaltim,https://www.tiktok.com/@tripol.co/video/7642126377168293141,@mamak.hafsoh,@asimarohana859,https://www.tiktok.com/@asimarohana859,Herannya.. koq dia se PD itu yaaa... 😁😁 5-23,34,Herannya.. koq dia se PD itu yaaa... 😁😁 5-23,herannya koq dia se pd itu yaaa 5 23
mobil dinas gubernur kaltim,https://www.tiktok.com/@tripol.co/video/7642126377168293141,@mamak.hafsoh,@al_ghaly,https://www.tiktok.com/@al_ghaly,lagunya enak bgt didengernya. ini logat bahasa mana ya 5-24,11,lagunya enak bgt didengernya. ini logat bahasa mana ya 5-24,lagunya enak banget didengernya ini logat bahasa mana ya 5 24
mobil dinas gubernur kaltim,https://www.tiktok.com/@tripol.co/video/7642126377168293141,@mamak.hafsoh,@user5636847829710,https://www.tiktok.com/@user5636847829710,"saya orang Sumatra, tapi kalau dilihat tidak ada yg salah dengan gubernur dan istrinya...",1,"saya orang Sumatra, tapi kalau dilihat tidak ada yg salah dengan gubernur dan istrinya...",saya orang sumatra tapi kalau dilihat tidak ada yang salah dengan gubernur dan istrinya
mobil dinas gubernur kaltim,https://www.tiktok.com/@tripol.co/video/7642126377168293141,@mamak.hafsoh,@queenkhaw7,https://www.tiktok.com/@queenkhaw7,ini lagu nyampe ga sih ke Bu gubernur kaltim😅 5-29,3,ini lagu nyampe ga sih ke Bu gubernur kaltim😅 5-29,ini lagu nyampe tidak sih ke bu gubernur kaltim 5 29
mobil dinas gubernur kaltim,https://www.tiktok.com/@tripol.co/video/7642126377168293141,@mamak.hafsoh,@rofie_pratama,https://www.tiktok.com/@rofie_pratama,"Mau tanya, siapa yg pilih gubernur itu ?? gubernur kaltim ?? 5-27",1,"Mau tanya, siapa yg pilih gubernur itu ?? gubernur kaltim ?? 5-27",mau tanya siapa yang pilih gubernur itu gubernur kaltim 5 27
mobil dinas gubernur kaltim,https://www.tiktok.com/@tripol.co/video/7642126377168293141,@mamak.hafsoh,@anak.papani,https://www.tiktok.com/@anak.papani,yg ciptakan lagu ini siapa asalana yaa 5-24,6,yg ciptakan lagu ini siapa asalana yaa 5-24,yang ciptakan lagu ini siapa asalana yaa 5 24
mobil dinas gubernur kaltim,https://www.tiktok.com/@tripol.co/video/7642126377168293141,@mamak.hafsoh,@rahma.wati5721,https://www.tiktok.com/@rahma.wati5721,😍😍😍 tetap sehat 💪💪💪 sukses slalu Bpk KDM 🤲🤲🤲👍👍👍 5-22,174,😍😍😍 tetap sehat 💪💪💪 sukses slalu Bpk KDM 🤲🤲🤲👍👍👍 5-22,tetap sehat sukses slalu bpk kdm 5 22
mobil dinas gubernur kaltim,https://www.tiktok.com/@tripol.co/video/7642126377168293141,@mamak.hafsoh,@user6722517437228,https://www.tiktok.com/@user6722517437228,lagi hapalin lagunya😁😁 5-24,3,lagi hapalin lagunya😁😁 5-24,lagi hapalin lagunya 5 24
mobil dinas gubernur kaltim,https://www.tiktok.com/@tripol.co/video/7642126377168293141,@mamak.hafsoh,@ir.edi..s,https://www.tiktok.com/@ir.edi..s,Anda Pribadi terbaik Pak Gub..jalan terus Pak Gub..sehat kii selalu 🤲 5-21,4,Anda Pribadi terbaik Pak Gub..jalan terus Pak Gub..sehat kii selalu 🤲 5-21,anda pribadi terbaik pak gub jalan terus pak gub sehat kii selalu 5 21
mobil dinas gubernur kaltim,https://www.tiktok.com/@tripol.co/video/7642126377168293141,@mamak.hafsoh,@lani.12300,https://www.tiktok.com/@lani.12300,cuman tau KDM yg paling oke 5-24,21,cuman tau KDM yg paling oke 5-24,cuman tau kdm yang paling oke 5 24
mobil dinas gubernur kaltim,https://www.tiktok.com/@libra.pahing1/video/7611302313097153813,@libra.pahing1,@aries_05044,https://www.tiktok.com/@aries_05044,kok bisa jadi gubernur ya? 2-28,2,kok bisa jadi gubernur ya? 2-28,kok bisa jadi gubernur ya 2 28
mobil dinas gubernur kaltim,https://www.tiktok.com/@libra.pahing1/video/7611302313097153813,@libra.pahing1,@rajo_lenggang66,https://www.tiktok.com/@rajo_lenggang66,beginilah pejabat negeri konoha yg tamak ! 2-27,44,beginilah pejabat negeri konoha yg tamak ! 2-27,beginilah pejabat negeri konoha yang tamak 2 27
mobil dinas gubernur kaltim,https://www.tiktok.com/@libra.pahing1/video/7611302313097153813,@libra.pahing1,@akhira.bali,https://www.tiktok.com/@akhira.bali,pola pikir terbalik nih pak Gubernur... bukan mobil yg canggih yg dibeli tp sarana dan prasarana jalan dibangun...biar mobil inova bisa kok lalui 2-27,1,pola pikir terbalik nih pak Gubernur... bukan mobil yg canggih yg dibeli tp sarana dan prasarana jalan dibangun...biar mobil inova bisa kok lalui 2-27,pola pikir terbalik nih pak gubernur bukan mobil yang canggih yang dibeli tapi sarana dan prasarana jalan dibangun biar mobil inova bisa kok lalui 2 27
mobil dinas gubernur kaltim,https://www.tiktok.com/@libra.pahing1/video/7611302313097153813,@libra.pahing1,@bunbunfina,https://www.tiktok.com/@bunbunfina,Moral pejabat indo begini amaat 2-27,6,Moral pejabat indo begini amaat 2-27,moral pejabat indo begini amaat 2 27
mobil dinas gubernur kaltim,https://www.tiktok.com/@libra.pahing1/video/7611302313097153813,@libra.pahing1,@warni.com123,https://www.tiktok.com/@warni.com123,knpa gk jalan.a aja yg di perbaiki 2-27,13,knpa gk jalan.a aja yg di perbaiki 2-27,knpa tidak jalan a saja yang di perbaiki 2 27
mobil dinas gubernur kaltim,https://www.tiktok.com/@libra.pahing1/video/7611302313097153813,@libra.pahing1,@sandi_21.21,https://www.tiktok.com/@sandi_21.21,bibirnya itu nah 2-27,4,bibirnya itu nah 2-27,bibirnya itu nah 2 27
mobil dinas gubernur kaltim,https://www.tiktok.com/@libra.pahing1/video/7611302313097153813,@libra.pahing1,@febryaffandy,https://www.tiktok.com/@febryaffandy,"masa iya, jalannya rusak pak😂 3-3",2,"masa iya, jalannya rusak pak😂 3-3",masa iya jalannya rusak pak 3 3
mobil dinas gubernur kaltim,https://www.tiktok.com/@libra.pahing1/video/7611302313097153813,@libra.pahing1,@doxa43,https://www.tiktok.com/@doxa43,jalan Kaltim rusak pake mobil mall 2-27,1,jalan Kaltim rusak pake mobil mall 2-27,jalan kaltim rusak pake mobil mall 2 27
mobil dinas gubernur kaltim,https://www.tiktok.com/@libra.pahing1/video/7611302313097153813,@libra.pahing1,@aaavannolin,https://www.tiktok.com/@aaavannolin,"setujuu Bang, pejabatnya LAgi NGIMPIIIIIIII 2-28",1,"setujuu Bang, pejabatnya LAgi NGIMPIIIIIIII 2-28",setujuu bang pejabatnya lagi ngimpiiiiiiii 2 28
mobil dinas gubernur kaltim,https://www.tiktok.com/@libra.pahing1/video/7611302313097153813,@libra.pahing1,@mrking135cc,https://www.tiktok.com/@mrking135cc,gugup dia🤭 2-27,3,gugup dia🤭 2-27,gugup dia 2 27
mobil dinas gubernur kaltim,https://www.tiktok.com/@libra.pahing1/video/7611302313097153813,@libra.pahing1,@user3248820325143,https://www.tiktok.com/@user3248820325143,lebih cerdas Abang ini 👍 2-27,8,lebih cerdas Abang ini 👍 2-27,lebih cerdas abang ini 2 27
mobil dinas gubernur kaltim,https://www.tiktok.com/@libra.pahing1/video/7611302313097153813,@libra.pahing1,@gerimis.mengundan040,https://www.tiktok.com/@gerimis.mengundan040,harap2 di panggil SMA kpk 2-27,1,harap2 di panggil SMA kpk 2-27,harap2 di panggil sma kpk 2 27
mobil dinas gubernur kaltim,https://www.tiktok.com/@libra.pahing1/video/7611302313097153813,@libra.pahing1,@aplikasicuangacor,https://www.tiktok.com/@aplikasicuangacor,"Coba pakai mobil sigra aja pak, sisa nya buat benerin jalan 2-27",1,"Coba pakai mobil sigra aja pak, sisa nya buat benerin jalan 2-27",coba pakai mobil sigra saja pak sisa nya buat benerin jalan 2 27
mobil dinas gubernur kaltim,https://www.tiktok.com/@libra.pahing1/video/7611302313097153813,@libra.pahing1,@user7018003714081,https://www.tiktok.com/@user7018003714081,"era Konoha,rakyat bayar pajak. 2-27",1,"era Konoha,rakyat bayar pajak. 2-27",era konoha rakyat bayar pajak 2 27
mobil dinas gubernur kaltim,https://www.tiktok.com/@libra.pahing1/video/7611302313097153813,@libra.pahing1,@jadijariyah,https://www.tiktok.com/@jadijariyah,warganya kok diam saja😂 2-27,1,warganya kok diam saja😂 2-27,warganya kok diam saja 2 27
mobil dinas gubernur kaltim,https://www.tiktok.com/@libra.pahing1/video/7611302313097153813,@libra.pahing1,@cablack008,https://www.tiktok.com/@cablack008,Gak di pusat gak di pedesaan pejabatnya sama pemikirannya pada kebalik semua..! 2-27,2,Gak di pusat gak di pedesaan pejabatnya sama pemikirannya pada kebalik semua..! 2-27,tidak di pusat tidak di pedesaan pejabatnya sama pemikirannya pada kebalik semua 2 27
mobil dinas gubernur kaltim,https://www.tiktok.com/@libra.pahing1/video/7611302313097153813,@libra.pahing1,@.fatimah6972,https://www.tiktok.com/@.fatimah6972,q now komen.sehat selalu yg buat story 2-27,1,q now komen.sehat selalu yg buat story 2-27,q now komen sehat selalu yang buat story 2 27
mobil dinas gubernur kaltim,https://www.tiktok.com/@libra.pahing1/video/7611302313097153813,@libra.pahing1,@kingsamurai79,https://www.tiktok.com/@kingsamurai79,Pejabat bawahan itu mencobtoh atasannya. 2-27,3,Pejabat bawahan itu mencobtoh atasannya. 2-27,pejabat bawahan itu mencobtoh atasannya 2 27
mobil dinas gubernur kaltim,https://www.tiktok.com/@libra.pahing1/video/7611302313097153813,@libra.pahing1,@nanang_hendrian,https://www.tiktok.com/@nanang_hendrian,Pajero kan bisa tuh🤣 3-5,1,Pajero kan bisa tuh🤣 3-5,pajero kan bisa tuh 3 5
mobil dinas gubernur kaltim,https://www.tiktok.com/@kutai.dailynews/video/7609068555455253780,@kutai.dailynews,@adi.putra5509,https://www.tiktok.com/@adi.putra5509,"8,5 m dr pada beli mobil mewah jlnnya aja di benerin duit segitu cukup bwt perbaikan jln 2-26",1,"8,5 m dr pada beli mobil mewah jlnnya aja di benerin duit segitu cukup bwt perbaikan jln 2-26",8 5 m dari pada beli mobil mewah jlnnya saja di benerin duit segitu cukup bwt perbaikan jln 2 26
mobil dinas gubernur kaltim,https://www.tiktok.com/@kutai.dailynews/video/7609068555455253780,@kutai.dailynews,@dwifidiansari,https://www.tiktok.com/@dwifidiansari,beli sdri lah kalo yg shrga gtu..msa pake uang rakyat... 2-22,1,beli sdri lah kalo yg shrga gtu..msa pake uang rakyat... 2-22,beli sdri lah kalo yang shrga gtu msa pake uang rakyat 2 22
mobil dinas gubernur kaltim,https://www.tiktok.com/@kutai.dailynews/video/7609068555455253780,@kutai.dailynews,@arif2291,https://www.tiktok.com/@arif2291,ko Gk risih yaa naiknya padahal kan Rakyat 🤣 2-22,1,ko Gk risih yaa naiknya padahal kan Rakyat 🤣 2-22,ko tidak risih yaa naiknya padahal kan rakyat 2 22
mobil dinas gubernur kaltim,https://www.tiktok.com/@kutai.dailynews/video/7609068555455253780,@kutai.dailynews,,,Kutai Daily News · Kreator gimana menrut kalian? apakah pantas? 2-21,0,Kutai Daily News · Kreator gimana menrut kalian? apakah pantas? 2-21,kutai daily news kreator gimana menrut kalian apakah pantas 2 21
mobil dinas gubernur kaltim,https://www.tiktok.com/@kutai.dailynews/video/7609068555455253780,@kutai.dailynews,@yourbaenextdoor,https://www.tiktok.com/@yourbaenextdoor,gengsi & ingin bermewah2 pake uang apbd 2-23,2,gengsi & ingin bermewah2 pake uang apbd 2-23,gengsi ingin bermewah2 pake uang apbd 2 23
mobil dinas gubernur kaltim,https://www.tiktok.com/@kutai.dailynews/video/7609068555455253780,@kutai.dailynews,@ammy.id,https://www.tiktok.com/@ammy.id,"Kalo alasan si Gubernur itu biar Kaltim terlihat hebat atau bermarwah, buktikan dg kerja nyata, makmurkan warganya, majukan daerahnya dan jangan korupsi. Bukan dg bergaya pake mobil mewah dari duit rakyat. 2-23",1,"Kalo alasan si Gubernur itu biar Kaltim terlihat hebat atau bermarwah, buktikan dg kerja nyata, makmurkan warganya, majukan daerahnya dan jangan korupsi. Bukan dg bergaya pake mobil mewah dari duit rakyat. 2-23",kalo alasan si gubernur itu biar kaltim terlihat hebat atau bermarwah buktikan dg kerja nyata makmurkan warganya majukan daerahnya dan jangan korupsi bukan dg bergaya pake mobil mewah dari duit rakyat 2 23
mobil dinas gubernur kaltim,https://www.tiktok.com/@kutai.dailynews/video/7609068555455253780,@kutai.dailynews,@mustofingah0,https://www.tiktok.com/@mustofingah0,mau mobil mahal maupun mobil murah bagi rakyat ga ngaruh.yg penting kerjanya untuk rakyat.aneh....aneh....bukanya mikir rakyatnya gmn malah mikirin Marwah jdi pejabat. 2-26,0,mau mobil mahal maupun mobil murah bagi rakyat ga ngaruh.yg penting kerjanya untuk rakyat.aneh....aneh....bukanya mikir rakyatnya gmn malah mikirin Marwah jdi pejabat. 2-26,mau mobil mahal maupun mobil murah bagi rakyat tidak ngaruh yang penting kerjanya untuk rakyat aneh aneh bukanya mikir rakyatnya gmn malah mikirin marwah jdi pejabat 2 26
mobil dinas gubernur kaltim,https://www.tiktok.com/@kutai.dailynews/video/7609068555455253780,@kutai.dailynews,@ar035614,https://www.tiktok.com/@ar035614,ku tunggu mobil ini lewat depan rumah...mw ikut numpang...pengen ngerasaain gimana sich rasa nya mobil 8M 😅😅 2-25,0,ku tunggu mobil ini lewat depan rumah...mw ikut numpang...pengen ngerasaain gimana sich rasa nya mobil 8M 😅😅 2-25,ku tunggu mobil ini lewat depan rumah mw ikut numpang pengen ngerasaain gimana sich rasa nya mobil 8m 2 25
mobil dinas gubernur kaltim,https://www.tiktok.com/@kutai.dailynews/video/7609068555455253780,@kutai.dailynews,@user8134762508136,https://www.tiktok.com/@user8134762508136,belikan KTM aja Ndak perlu mobil ini karena gubernurnya gengsian 2-23,0,belikan KTM aja Ndak perlu mobil ini karena gubernurnya gengsian 2-23,belikan ktm saja ndak perlu mobil ini karena gubernurnya gengsian 2 23
mobil dinas gubernur kaltim,https://www.tiktok.com/@kutai.dailynews/video/7609068555455253780,@kutai.dailynews,@allif_damar,https://www.tiktok.com/@allif_damar,ganti panther aja 🤣🤣 2-21,0,ganti panther aja 🤣🤣 2-21,ganti panther saja 2 21
mobil dinas gubernur kaltim,https://www.tiktok.com/@kutai.dailynews/video/7609068555455253780,@kutai.dailynews,@crg_fishing2,https://www.tiktok.com/@crg_fishing2,"beli alpard bawa ke @prorockengineering jadi tangguh, nyaman. 2-23",0,"beli alpard bawa ke @prorockengineering jadi tangguh, nyaman. 2-23",beli alpard bawa ke jadi tangguh nyaman 2 23
mobil dinas gubernur kaltim,https://www.tiktok.com/@politikdotin/video/7612142044219231508,@politikdotin,@irdianto96,https://www.tiktok.com/@irdianto96,ini pemimpin² nya kaltim dari luar semua kah 3-8,1,ini pemimpin² nya kaltim dari luar semua kah 3-8,ini pemimpin nya kaltim dari luar semua kah 3 8
mobil dinas gubernur kaltim,https://www.tiktok.com/@politikdotin/video/7612142044219231508,@politikdotin,@user9227352992,https://www.tiktok.com/@user9227352992,mobiL eLittt jaLan suLitt.... 3-1,23,mobiL eLittt jaLan suLitt.... 3-1,mobil elittt jalan sulitt 3 1
mobil dinas gubernur kaltim,https://www.tiktok.com/@politikdotin/video/7612142044219231508,@politikdotin,@riwifitriadi2,https://www.tiktok.com/@riwifitriadi2,"Andai mobilnya bisa bicara, GUA INI MOBIL MEWAH LOOO BUKAN TRAKTOR, kok di bawak ke lumpur 😅😅😅 3-6",1,"Andai mobilnya bisa bicara, GUA INI MOBIL MEWAH LOOO BUKAN TRAKTOR, kok di bawak ke lumpur 😅😅😅 3-6",andai mobilnya bisa bicara gua ini mobil mewah looo bukan traktor kok di bawak ke lumpur 3 6
mobil dinas gubernur kaltim,https://www.tiktok.com/@politikdotin/video/7612142044219231508,@politikdotin,@dud......nak4,https://www.tiktok.com/@dud......nak4,cerminan seorang pemimpin ketika rakyatnya sedang susah🙏 4-23,2,cerminan seorang pemimpin ketika rakyatnya sedang susah🙏 4-23,cerminan seorang pemimpin ketika rakyatnya sedang susah 4 23
mobil dinas gubernur kaltim,https://www.tiktok.com/@politikdotin/video/7612142044219231508,@politikdotin,@arifsasono88,https://www.tiktok.com/@arifsasono88,jalannya yg di perbaikin bukan mbil nyaa 3-3,2,jalannya yg di perbaikin bukan mbil nyaa 3-3,jalannya yang di perbaikin bukan mbil nyaa 3 3
mobil dinas gubernur kaltim,https://www.tiktok.com/@politikdotin/video/7612142044219231508,@politikdotin,@eka.yuliana161,https://www.tiktok.com/@eka.yuliana161,bukan mobil yang di mahal mahalin Boss ku tapi infrastruktur jalan yang di bagusin🙏🙏🙏 3-3,4,bukan mobil yang di mahal mahalin Boss ku tapi infrastruktur jalan yang di bagusin🙏🙏🙏 3-3,bukan mobil yang di mahal mahalin boss ku tapi infrastruktur jalan yang di bagusin 3 3
mobil dinas gubernur kaltim,https://www.tiktok.com/@politikdotin/video/7612142044219231508,@politikdotin,@ahmad.lestari2,https://www.tiktok.com/@ahmad.lestari2,lucu ya klo lihat pejabat jaman skrg bukan jln nya yang diperbaiki malah mobil dinasnya yang dimahalin 3-3,5,lucu ya klo lihat pejabat jaman skrg bukan jln nya yang diperbaiki malah mobil dinasnya yang dimahalin 3-3,lucu ya kalau lihat pejabat jaman sekarang bukan jln nya yang diperbaiki malah mobil dinasnya yang dimahalin 3 3
mobil dinas gubernur kaltim,https://www.tiktok.com/@politikdotin/video/7612142044219231508,@politikdotin,@user_nada.a.s_17,https://www.tiktok.com/@user_nada.a.s_17,mobil 8.5 gak mampu liwatin jalan berlumpur 3-8,0,mobil 8.5 gak mampu liwatin jalan berlumpur 3-8,mobil 8 5 tidak mampu liwatin jalan berlumpur 3 8
mobil dinas gubernur kaltim,https://www.tiktok.com/@politikdotin/video/7612142044219231508,@politikdotin,@adam.rizkiyan,https://www.tiktok.com/@adam.rizkiyan,"Harusnya jalan yg di perbaiki, bukan mobil yg wah 3-3",0,"Harusnya jalan yg di perbaiki, bukan mobil yg wah 3-3",harusnya jalan yang di perbaiki bukan mobil yang wah 3 3
mobil dinas gubernur kaltim,https://www.tiktok.com/@politikdotin/video/7612142044219231508,@politikdotin,@the_korehcok,https://www.tiktok.com/@the_korehcok,[Stiker] 3-23,0,[Stiker] 3-23,stiker 3 23
mobil dinas gubernur kaltim,https://www.tiktok.com/@politikdotin/video/7612142044219231508,@politikdotin,@anggajulian207,https://www.tiktok.com/@anggajulian207,"8,5m kalo pake buat nambal jalan lumayan tuh 3-5",0,"8,5m kalo pake buat nambal jalan lumayan tuh 3-5",8 5m kalo pake buat nambal jalan lumayan tuh 3 5
mobil dinas gubernur kaltim,https://www.tiktok.com/@politikdotin/video/7612142044219231508,@politikdotin,@papabotuna,https://www.tiktok.com/@papabotuna,senang di atas penderitaan masyarakat 3-7,0,senang di atas penderitaan masyarakat 3-7,senang di atas penderitaan masyarakat 3 7
mobil dinas gubernur kaltim,https://www.tiktok.com/@politikdotin/video/7612142044219231508,@politikdotin,@hendra_kc,https://www.tiktok.com/@hendra_kc,untuk lewatin Medan yang sulit mobil harus support kak..😂 4-22,0,untuk lewatin Medan yang sulit mobil harus support kak..😂 4-22,untuk lewatin medan yang sulit mobil harus support kak 4 22
mobil dinas gubernur kaltim,https://www.tiktok.com/@politikdotin/video/7612142044219231508,@politikdotin,@aox27_,https://www.tiktok.com/@aox27_,"8,5 M mending belanja hotmix 3-29",0,"8,5 M mending belanja hotmix 3-29",8 5 m mending belanja hotmix 3 29
mobil dinas gubernur kaltim,https://www.tiktok.com/@politikdotin/video/7612142044219231508,@politikdotin,@budiy316,https://www.tiktok.com/@budiy316,mobil elit jalan sulit 3-8,0,mobil elit jalan sulit 3-8,mobil elit jalan sulit 3 8
mobil dinas gubernur kaltim,https://www.tiktok.com/@politikdotin/video/7612142044219231508,@politikdotin,@b21bb2,https://www.tiktok.com/@b21bb2,uang 8.5 klu dibangunkan jln cor lebar lebih berguna untuk rakyat 3-30,0,uang 8.5 klu dibangunkan jln cor lebar lebih berguna untuk rakyat 3-30,uang 8 5 klu dibangunkan jln cor lebar lebih berguna untuk rakyat 3 30
mobil dinas gubernur kaltim,https://www.tiktok.com/@politikdotin/video/7612142044219231508,@politikdotin,@akmall623,https://www.tiktok.com/@akmall623,kaya jaman Belanda KLO kata engong sayamh 3-8,0,kaya jaman Belanda KLO kata engong sayamh 3-8,kaya jaman belanda kalau kata engong sayamh 3 8
mobil dinas gubernur kaltim,https://www.tiktok.com/@politikdotin/video/7612142044219231508,@politikdotin,@badut_penghibur200,https://www.tiktok.com/@badut_penghibur200,info judul lagi nya😁 3-10,0,info judul lagi nya😁 3-10,info judul lagi nya 3 10
mobil dinas gubernur kaltim,https://www.tiktok.com/@politikdotin/video/7612142044219231508,@politikdotin,@frezky_al,https://www.tiktok.com/@frezky_al,era tahun berapa ini 🗿 3-5,0,era tahun berapa ini 🗿 3-5,era tahun berapa ini 3 5
mobil dinas gubernur kaltim,https://www.tiktok.com/@aditya.yudono/video/7611491873559039252,@aditya.yudono,@panglima_kijang_kencana,https://www.tiktok.com/@panglima_kijang_kencana,"Wajar aja dia menikmati peselitas itu. Kerna dia juga berjuang berdarah darah berkorban harta benda"" baru bisa duduk jadi gubernur kaltim. Jadi kita jangan membuli dan menghujat nya kawan. Seharusnya kita dukung beliau agar maksimal membangun kaltim. Juga kita jaga marwah nama baik wibawa gubernur kita kaltim dan keluarga besarnya yang jadi pejabat di Kaltim. DIA JUGA BERBUAT SEPERTI ITU BUAT MASRAKAT KITA KALTIM. MENG""ANGKAT MARWAH WIBAWA DAN MENGENALKAN KALTIM YANG KAYA RAYA PERLU DI TAMPIL KE SELURUH PEJABAT INDONESIA. 2-28",0,"Wajar aja dia menikmati peselitas itu. Kerna dia juga berjuang berdarah darah berkorban harta benda"" baru bisa duduk jadi gubernur kaltim. Jadi kita jangan membuli dan menghujat nya kawan. Seharusnya kita dukung beliau agar maksimal membangun kaltim. Juga kita jaga marwah nama baik wibawa gubernur kita kaltim dan keluarga besarnya yang jadi pejabat di Kaltim. DIA JUGA BERBUAT SEPERTI ITU BUAT MASRAKAT KITA KALTIM. MENG""ANGKAT MARWAH WIBAWA DAN MENGENALKAN KALTIM YANG KAYA RAYA PERLU DI TAMPIL KE SELURUH PEJABAT INDONESIA. 2-28",wajar saja dia menikmati peselitas itu kerna dia juga berjuang berdarah darah berkorban harta benda baru bisa duduk jadi gubernur kaltim jadi kita jangan membuli dan menghujat nya kawan seharusnya kita dukung beliau agar maksimal membangun kaltim juga kita jaga marwah nama baik wibawa gubernur kita kaltim dan keluarga besarnya yang jadi pejabat di kaltim dia juga berbuat seperti itu buat masrakat kita kaltim meng angkat marwah wibawa dan mengenalkan kaltim yang kaya raya perlu di tampil ke seluruh pejabat indonesia 2 28
mobil dinas gubernur kaltim,https://www.tiktok.com/@aditya.yudono/video/7611491873559039252,@aditya.yudono,@bintang.timur126,https://www.tiktok.com/@bintang.timur126,info sanak saudara 😂😂😂 2-27,0,info sanak saudara 😂😂😂 2-27,info sanak saudara 2 27
mobil dinas gubernur kaltim,https://www.tiktok.com/@aditya.yudono/video/7611491873559039252,@aditya.yudono,@mandra7799_,https://www.tiktok.com/@mandra7799_,Salah pilih Kawal ku🤣🤣🤣 2-27,1,Salah pilih Kawal ku🤣🤣🤣 2-27,salah pilih kawal ku 2 27
mobil dinas gub kaltim,https://www.tiktok.com/@ashepsayfullq/video/7608021220088433936,@ashepsayfullq,@atepsahripin,https://www.tiktok.com/@atepsahripin,ganti saja gubernur kaltim itu 2-18,290,ganti saja gubernur kaltim itu 2-18,ganti saja gubernur kaltim itu 2 18
mobil dinas gub kaltim,https://www.tiktok.com/@ashepsayfullq/video/7608021220088433936,@ashepsayfullq,@fachry939,https://www.tiktok.com/@fachry939,tukar tambah sama KDM bs ngk ya 2-18,26,tukar tambah sama KDM bs ngk ya 2-18,tukar tambah sama kdm bs ngk ya 2 18
mobil dinas gub kaltim,https://www.tiktok.com/@ashepsayfullq/video/7608021220088433936,@ashepsayfullq,@rahmat4157,https://www.tiktok.com/@rahmat4157,untung gbrnur ku Bapa aing 2-18,82,untung gbrnur ku Bapa aing 2-18,untung gbrnur ku bapa aing 2 18
mobil dinas gub kaltim,https://www.tiktok.com/@ashepsayfullq/video/7608021220088433936,@ashepsayfullq,@ririnfebriani952,https://www.tiktok.com/@ririnfebriani952,"bener bngt KA,suami sy skrng JD lurah di kota serang Banten, Alhamdulillah amanah.klw memang mikirin diri sendiri mungkin keluarga kami sudah kaya tp yg kami pikirkan itu kesejahteraan masyarakat kami KA Alhamdulillah dpt respon baik dari warga dn juga pimpinan kami,dari mulai camat dn walikota acungi jempol untuk kinerja suami sy.kami sll bersyukur apapun yg didapat oleh suami sy asalkan halal🙏maaf bukan munafik tp itu lebih tenang ke diri kita krn selain jd pemimpin kelurahan tp kamipun ingin hidup tenang tanpa ada hujatan apapun terutama🙏 3-5",1,"bener bngt KA,suami sy skrng JD lurah di kota serang Banten, Alhamdulillah amanah.klw memang mikirin diri sendiri mungkin keluarga kami sudah kaya tp yg kami pikirkan itu kesejahteraan masyarakat kami KA Alhamdulillah dpt respon baik dari warga dn juga pimpinan kami,dari mulai camat dn walikota acungi jempol untuk kinerja suami sy.kami sll bersyukur apapun yg didapat oleh suami sy asalkan halal🙏maaf bukan munafik tp itu lebih tenang ke diri kita krn selain jd pemimpin kelurahan tp kamipun ingin hidup tenang tanpa ada hujatan apapun terutama🙏 3-5",bener bngt ka suami sy skrng jd lurah di kota serang banten alhamdulillah amanah klw memang mikirin diri sendiri mungkin keluarga kami sudah kaya tapi yang kami pikirkan itu kesejahteraan masyarakat kami ka alhamdulillah dpt respon baik dari warga dn juga pimpinan kami dari mulai camat dn walikota acungi jempol untuk kinerja suami sy kami sll bersyukur apapun yang didapat oleh suami sy asalkan halal maaf bukan munafik tapi itu lebih tenang ke diri kita karena selain jd pemimpin kelurahan tapi kamipun ingin hidup tenang tanpa ada hujatan apapun terutama 3 5
mobil dinas gub kaltim,https://www.tiktok.com/@ashepsayfullq/video/7608021220088433936,@ashepsayfullq,@user4050227010443,https://www.tiktok.com/@user4050227010443,perlu dipriksa 2-18,12,perlu dipriksa 2-18,perlu dipriksa 2 18
mobil dinas gub kaltim,https://www.tiktok.com/@ashepsayfullq/video/7608021220088433936,@ashepsayfullq,@dedy.suhardy7,https://www.tiktok.com/@dedy.suhardy7,malah infonya bulan depan mau beli pesawat jed pribadi katanya buat putar putar kaltim 😂😂 2-19,11,malah infonya bulan depan mau beli pesawat jed pribadi katanya buat putar putar kaltim 😂😂 2-19,malah infonya bulan depan mau beli pesawat jed pribadi katanya buat putar putar kaltim 2 19
mobil dinas gub kaltim,https://www.tiktok.com/@ashepsayfullq/video/7608021220088433936,@ashepsayfullq,@marthametan4,https://www.tiktok.com/@marthametan4,ganti aja 2-18,10,ganti aja 2-18,ganti saja 2 18
mobil dinas gub kaltim,https://www.tiktok.com/@ashepsayfullq/video/7608021220088433936,@ashepsayfullq,@kumatul,https://www.tiktok.com/@kumatul,Kalo medan jalan nya rusak yg di bangun yaa jalan nya bkn beli mobil nya 2-25,2,Kalo medan jalan nya rusak yg di bangun yaa jalan nya bkn beli mobil nya 2-25,kalo medan jalan nya rusak yang di bangun yaa jalan nya bkn beli mobil nya 2 25
mobil dinas gub kaltim,https://www.tiktok.com/@ashepsayfullq/video/7608021220088433936,@ashepsayfullq,@labontely,https://www.tiktok.com/@labontely,Cukup 1 periode saja... 2-22,6,Cukup 1 periode saja... 2-22,cukup 1 periode saja 2 22
mobil dinas gub kaltim,https://www.tiktok.com/@ashepsayfullq/video/7608021220088433936,@ashepsayfullq,@papi.utomo,https://www.tiktok.com/@papi.utomo,cukup satu periode aja orang .. 2-25,4,cukup satu periode aja orang .. 2-25,cukup satu periode saja orang 2 25
mobil dinas gub kaltim,https://www.tiktok.com/@ashepsayfullq/video/7608021220088433936,@ashepsayfullq,@kemaszaa,https://www.tiktok.com/@kemaszaa,mahalan mobil gub kaltim ketimbang mobil presiden 2-25,2,mahalan mobil gub kaltim ketimbang mobil presiden 2-25,mahalan mobil gub kaltim ketimbang mobil presiden 2 25
mobil dinas gub kaltim,https://www.tiktok.com/@ashepsayfullq/video/7608021220088433936,@ashepsayfullq,@sarwiyana4,https://www.tiktok.com/@sarwiyana4,pakai mobil ambulance aja 2-27,3,pakai mobil ambulance aja 2-27,pakai mobil ambulance saja 2 27
mobil dinas gub kaltim,https://www.tiktok.com/@ashepsayfullq/video/7608021220088433936,@ashepsayfullq,@afni.al.randi,https://www.tiktok.com/@afni.al.randi,Jln aj blm di benerin 2-26,2,Jln aj blm di benerin 2-26,jln aj blm di benerin 2 26
mobil dinas gub kaltim,https://www.tiktok.com/@ashepsayfullq/video/7608021220088433936,@ashepsayfullq,@rara86477,https://www.tiktok.com/@rara86477,Cek kpk 2-26,2,Cek kpk 2-26,cek kpk 2 26
mobil dinas gub kaltim,https://www.tiktok.com/@ashepsayfullq/video/7608021220088433936,@ashepsayfullq,@deafajar_,https://www.tiktok.com/@deafajar_,lapor KPK lsg turun 2-18,18,lapor KPK lsg turun 2-18,lapor kpk lsg turun 2 18
mobil dinas gub kaltim,https://www.tiktok.com/@ashepsayfullq/video/7608021220088433936,@ashepsayfullq,@ajshdh128,https://www.tiktok.com/@ajshdh128,"semoga uang pribadinya bisa di gunakan untuk halnyg lebih bermanfaat buat rakyatnya,,klo ga bisa apa gunanya jadi pemimpin 2-18",2,"semoga uang pribadinya bisa di gunakan untuk halnyg lebih bermanfaat buat rakyatnya,,klo ga bisa apa gunanya jadi pemimpin 2-18",semoga uang pribadinya bisa di gunakan untuk halnyg lebih bermanfaat buat rakyatnya kalau tidak bisa apa gunanya jadi pemimpin 2 18
mobil dinas gub kaltim,https://www.tiktok.com/@ashepsayfullq/video/7608021220088433936,@ashepsayfullq,@orang.orang212,https://www.tiktok.com/@orang.orang212,gubenur. Kaltim harus. belajar dari. Usman. bin Affan. . dia pemimpin yg. takut. rakyatnya ada yg lapar . 3-6,1,gubenur. Kaltim harus. belajar dari. Usman. bin Affan. . dia pemimpin yg. takut. rakyatnya ada yg lapar . 3-6,gubenur kaltim harus belajar dari usman bin affan dia pemimpin yang takut rakyatnya ada yang lapar 3 6
mobil dinas gub kaltim,https://www.tiktok.com/@ashepsayfullq/video/7608021220088433936,@ashepsayfullq,@joe_hans703,https://www.tiktok.com/@joe_hans703,gubernur aing anggaran buat beli mobil dinas aja malah dihapus 2-18,8,gubernur aing anggaran buat beli mobil dinas aja malah dihapus 2-18,gubernur aing anggaran buat beli mobil dinas saja malah dihapus 2 18
mobil dinas gub kaltim,https://www.tiktok.com/@ashepsayfullq/video/7608021220088433936,@ashepsayfullq,@wattimena4,https://www.tiktok.com/@wattimena4,gaya tdk sesuai dgn kinerja 3-20,0,gaya tdk sesuai dgn kinerja 3-20,gaya tidak sesuai dengan kinerja 3 20
mobil dinas kaltim,https://www.tiktok.com/@sigit_sugiana/video/7612287428258237704,@sigit_sugiana,@madi.study,https://www.tiktok.com/@madi.study,suara apa itu dari dalam mobil? 😂 3-2,280,suara apa itu dari dalam mobil? 😂 3-2,suara apa itu dari dalam mobil 3 2
mobil dinas kaltim,https://www.tiktok.com/@sigit_sugiana/video/7612287428258237704,@sigit_sugiana,@sihab_azzmi,https://www.tiktok.com/@sihab_azzmi,"tolong jgn cela pemimpin kami, beliau sangat menjaga marwah kaltim 3-24",4,"tolong jgn cela pemimpin kami, beliau sangat menjaga marwah kaltim 3-24",tolong jgn cela pemimpin kami beliau sangat menjaga marwah kaltim 3 24
mobil dinas kaltim,https://www.tiktok.com/@sigit_sugiana/video/7612287428258237704,@sigit_sugiana,@user27430282221177,https://www.tiktok.com/@user27430282221177,Malunya aku sebagai warga Kaltim...Setiap buka medsos Kaltim yg d bully🙈🤭🤦🥱🤣🤣🤣 3-5,20,Malunya aku sebagai warga Kaltim...Setiap buka medsos Kaltim yg d bully🙈🤭🤦🥱🤣🤣🤣 3-5,malunya aku sebagai warga kaltim setiap buka medsos kaltim yang d bully 3 5
mobil dinas kaltim,https://www.tiktok.com/@sigit_sugiana/video/7612287428258237704,@sigit_sugiana,@muhammadhelmi7482,https://www.tiktok.com/@muhammadhelmi7482,abang kalau ngomong suka benar😁 3-2,612,abang kalau ngomong suka benar😁 3-2,abang kalau ngomong suka benar 3 2
mobil dinas kaltim,https://www.tiktok.com/@sigit_sugiana/video/7612287428258237704,@sigit_sugiana,@user73074763374883,https://www.tiktok.com/@user73074763374883,"kalau beli mobil harga 8,5 m kan gampang prosesnya kalau perbaiki jalan menggunakan dana segitu hanya dapat 2 km saja 3-2",36,"kalau beli mobil harga 8,5 m kan gampang prosesnya kalau perbaiki jalan menggunakan dana segitu hanya dapat 2 km saja 3-2",kalau beli mobil harga 8 5 m kan gampang prosesnya kalau perbaiki jalan menggunakan dana segitu hanya dapat 2 km saja 3 2
mobil dinas kaltim,https://www.tiktok.com/@sigit_sugiana/video/7612287428258237704,@sigit_sugiana,@lek.wan58,https://www.tiktok.com/@lek.wan58,kaget pas buka mobil 3-2,31,kaget pas buka mobil 3-2,kaget pas buka mobil 3 2
mobil dinas kaltim,https://www.tiktok.com/@sigit_sugiana/video/7612287428258237704,@sigit_sugiana,@denny_baraguna,https://www.tiktok.com/@denny_baraguna,"Marwah bos,,, Marwah bukan Arwah ya 🙏 3-19",1,"Marwah bos,,, Marwah bukan Arwah ya 🙏 3-19",marwah bos marwah bukan arwah ya 3 19
mobil dinas kaltim,https://www.tiktok.com/@sigit_sugiana/video/7612287428258237704,@sigit_sugiana,@dheva.setia,https://www.tiktok.com/@dheva.setia,apax bang yg lucu😳 4-23,0,apax bang yg lucu😳 4-23,apax bang yang lucu 4 23
mobil dinas kaltim,https://www.tiktok.com/@sigit_sugiana/video/7612287428258237704,@sigit_sugiana,@mpk.165,https://www.tiktok.com/@mpk.165,pas buka pintu kok ada suara.....? 3-2,19,pas buka pintu kok ada suara.....? 3-2,pas buka pintu kok ada suara 3 2
mobil dinas kaltim,https://www.tiktok.com/@sigit_sugiana/video/7612287428258237704,@sigit_sugiana,@yani.rohyani449,https://www.tiktok.com/@yani.rohyani449,mobil horor kalahin mobil gubernur kaltim 3-2,81,mobil horor kalahin mobil gubernur kaltim 3-2,mobil horor kalahin mobil gubernur kaltim 3 2
mobil dinas kaltim,https://www.tiktok.com/@sigit_sugiana/video/7612287428258237704,@sigit_sugiana,@longor072,https://www.tiktok.com/@longor072,klarifikasi gubernur Kaltim 3-30,0,klarifikasi gubernur Kaltim 3-30,klarifikasi gubernur kaltim 3 30
mobil dinas kaltim,https://www.tiktok.com/@sigit_sugiana/video/7612287428258237704,@sigit_sugiana,@fenomenaalam62,https://www.tiktok.com/@fenomenaalam62,itu mobil dinas kepala ditingkat desa y bro😁 3-2,4,itu mobil dinas kepala ditingkat desa y bro😁 3-2,itu mobil dinas kepala ditingkat desa y bro 3 2
mobil dinas kaltim,https://www.tiktok.com/@sigit_sugiana/video/7612287428258237704,@sigit_sugiana,@sunariyahiyah765,https://www.tiktok.com/@sunariyahiyah765,pejabat konoha kocak2 emang 3-2,213,pejabat konoha kocak2 emang 3-2,pejabat konoha kocak2 emang 3 2
mobil dinas kaltim,https://www.tiktok.com/@sigit_sugiana/video/7612287428258237704,@sigit_sugiana,@bng.ozzy,https://www.tiktok.com/@bng.ozzy,"mobil angker,, di buka ada suara jin 3-2",7,"mobil angker,, di buka ada suara jin 3-2",mobil angker di buka ada suara jin 3 2
mobil dinas kaltim,https://www.tiktok.com/@sigit_sugiana/video/7612287428258237704,@sigit_sugiana,@raden4158,https://www.tiktok.com/@raden4158,"padahal mobil dinas seharga 500Jt pun sudah lumayan keren kalau niat mengabdikan diri ke rakyat jgn mikir mobil dinas nya,,,, bila perlu mobil pribadi yg di jadikan kendaraan dinas 3-2",4,"padahal mobil dinas seharga 500Jt pun sudah lumayan keren kalau niat mengabdikan diri ke rakyat jgn mikir mobil dinas nya,,,, bila perlu mobil pribadi yg di jadikan kendaraan dinas 3-2",padahal mobil dinas seharga 500jt pun sudah lumayan keren kalau niat mengabdikan diri ke rakyat jgn mikir mobil dinas nya bila perlu mobil pribadi yang di jadikan kendaraan dinas 3 2
mobil dinas kaltim,https://www.tiktok.com/@sigit_sugiana/video/7612287428258237704,@sigit_sugiana,@sweet.alesha,https://www.tiktok.com/@sweet.alesha,mantapp bang aku suka aku suka 😂 3-2,5,mantapp bang aku suka aku suka 😂 3-2,mantapp bang aku suka aku suka 3 2
mobil dinas kaltim,https://www.tiktok.com/@sigit_sugiana/video/7612287428258237704,@sigit_sugiana,@yosiyossi482,https://www.tiktok.com/@yosiyossi482,arwah masyarakat 3-4,1,arwah masyarakat 3-4,arwah masyarakat 3 4
mobil dinas kaltim,https://www.tiktok.com/@sigit_sugiana/video/7612287428258237704,@sigit_sugiana,@ayundazehra,https://www.tiktok.com/@ayundazehra,boleh GK sih kalo aku ketawa 😁😂😂 3-2,55,boleh GK sih kalo aku ketawa 😁😂😂 3-2,boleh tidak sih kalo aku ketawa 3 2
mobil dinas kaltim,https://www.tiktok.com/@sigit_sugiana/video/7612287428258237704,@sigit_sugiana,@punyamasaq23,https://www.tiktok.com/@punyamasaq23,jalan donk perbaiki 3-2,3,jalan donk perbaiki 3-2,jalan donk perbaiki 3 2
mobil dinas kaltim,https://www.tiktok.com/@sigit_sugiana/video/7612287428258237704,@sigit_sugiana,@__.rmn,https://www.tiktok.com/@__.rmn,"Sangat menghibur di dlm bln puasa yg penuh berkah ini, semoga konten"" abang juga membawa berkah buat abang dan juga bangsa indonesia 3-2",4,"Sangat menghibur di dlm bln puasa yg penuh berkah ini, semoga konten"" abang juga membawa berkah buat abang dan juga bangsa indonesia 3-2",sangat menghibur di dalam bln puasa yang penuh berkah ini semoga konten abang juga membawa berkah buat abang dan juga bangsa indonesia 3 2
mobil dinas kaltim,https://www.tiktok.com/@apasaja2825/video/7620377571229781269,@apasaja2825,@nurikadianasari,https://www.tiktok.com/@nurikadianasari,di gosipin aja tapi tidak di tindak... 😭😭 4-23,2200,di gosipin aja tapi tidak di tindak... 😭😭 4-23,di gosipin saja tapi tidak di tindak 4 23
mobil dinas kaltim,https://www.tiktok.com/@apasaja2825/video/7620377571229781269,@apasaja2825,@vanekas13,https://www.tiktok.com/@vanekas13,"kenapa masih di pertahan kan pak, izin 4-23",223,"kenapa masih di pertahan kan pak, izin 4-23",kenapa masih di pertahan kan pak izin 4 23
mobil dinas kaltim,https://www.tiktok.com/@apasaja2825/video/7620377571229781269,@apasaja2825,@ciasingkyznn,https://www.tiktok.com/@ciasingkyznn,Stop membuli..!! kalian TDK tau tentang rudi mas’ud kalian hanya melihat sisi buruknya saja..padahal sisi baiknya tidak ada... 4-29,61,Stop membuli..!! kalian TDK tau tentang rudi mas’ud kalian hanya melihat sisi buruknya saja..padahal sisi baiknya tidak ada... 4-29,stop membuli kalian tidak tau tentang rudi mas ud kalian hanya melihat sisi buruknya saja padahal sisi baiknya tidak ada 4 29
mobil dinas kaltim,https://www.tiktok.com/@apasaja2825/video/7620377571229781269,@apasaja2825,@tgs_artha89,https://www.tiktok.com/@tgs_artha89,kenapa gak perbaiki jalannya aja ya?? 4-22,456,kenapa gak perbaiki jalannya aja ya?? 4-22,kenapa tidak perbaiki jalannya saja ya 4 22
mobil dinas kaltim,https://www.tiktok.com/@apasaja2825/video/7620377571229781269,@apasaja2825,@wiwingemoy920,https://www.tiktok.com/@wiwingemoy920,pecat pakk jangan sindir 4-13,11,pecat pakk jangan sindir 4-13,pecat pakk jangan sindir 4 13
mobil dinas kaltim,https://www.tiktok.com/@apasaja2825/video/7620377571229781269,@apasaja2825,@pandirecper2,https://www.tiktok.com/@pandirecper2,masa iya mobil nya bagus yg naik nya jelek jangan dong jaga Marwah mobil nya 4-22,40,masa iya mobil nya bagus yg naik nya jelek jangan dong jaga Marwah mobil nya 4-22,masa iya mobil nya bagus yang naik nya jelek jangan dong jaga marwah mobil nya 4 22
mobil dinas kaltim,https://www.tiktok.com/@apasaja2825/video/7620377571229781269,@apasaja2825,@nisnis465,https://www.tiktok.com/@nisnis465,[Stiker] 4-22,224,[Stiker] 4-22,stiker 4 22
mobil dinas kaltim,https://www.tiktok.com/@apasaja2825/video/7620377571229781269,@apasaja2825,@maruko_chan101,https://www.tiktok.com/@maruko_chan101,bukan gosip . evaluasi dan diskusi ini wei 4-22,31,bukan gosip . evaluasi dan diskusi ini wei 4-22,bukan gosip evaluasi dan diskusi ini wei 4 22
mobil dinas kaltim,https://www.tiktok.com/@apasaja2825/video/7620377571229781269,@apasaja2825,@cuttank04,https://www.tiktok.com/@cuttank04,pertanyaan nya kenapa nda di periksa 5-10,0,pertanyaan nya kenapa nda di periksa 5-10,pertanyaan nya kenapa nda di periksa 5 10
mobil dinas kaltim,https://www.tiktok.com/@apasaja2825/video/7620377571229781269,@apasaja2825,@mirza_w16,https://www.tiktok.com/@mirza_w16,malunya malunya😂😂 4-22,56,malunya malunya😂😂 4-22,malunya malunya 4 22
mobil dinas kaltim,https://www.tiktok.com/@apasaja2825/video/7620377571229781269,@apasaja2825,@aicantiqq02,https://www.tiktok.com/@aicantiqq02,KETAWA BGTTT😭🤣 digosipin presiden 4-11,388,KETAWA BGTTT😭🤣 digosipin presiden 4-11,ketawa bgttt digosipin presiden 4 11
mobil dinas kaltim,https://www.tiktok.com/@apasaja2825/video/7620377571229781269,@apasaja2825,@zieya471,https://www.tiktok.com/@zieya471,langsung di spill sama pak presiden 4-12,73,langsung di spill sama pak presiden 4-12,langsung di spill sama pak presiden 4 12
mobil dinas kaltim,https://www.tiktok.com/@apasaja2825/video/7620377571229781269,@apasaja2825,@humangosong,https://www.tiktok.com/@humangosong,Ihh malunyaaaa jirla😌 4-20,53,Ihh malunyaaaa jirla😌 4-20,ihh malunyaaaa jirla 4 20
mobil dinas kaltim,https://www.tiktok.com/@apasaja2825/video/7620377571229781269,@apasaja2825,@rafliekaa1,https://www.tiktok.com/@rafliekaa1,digosipin presiden is another level🤣 4-22,92,digosipin presiden is another level🤣 4-22,digosipin presiden is another level 4 22
mobil dinas kaltim,https://www.tiktok.com/@apasaja2825/video/7620377571229781269,@apasaja2825,@reynandaziyo6,https://www.tiktok.com/@reynandaziyo6,hidup Prabowo 4-29,3,hidup Prabowo 4-29,hidup prabowo 4 29
mobil dinas kaltim,https://www.tiktok.com/@apasaja2825/video/7620377571229781269,@apasaja2825,@prindavan_4,https://www.tiktok.com/@prindavan_4,jaga marwah pak 4-21,0,jaga marwah pak 4-21,jaga marwah pak 4 21
mobil dinas kaltim,https://www.tiktok.com/@apasaja2825/video/7620377571229781269,@apasaja2825,@virgo_aries17,https://www.tiktok.com/@virgo_aries17,klw aku punya gubernur yg di gossiping pak presiden malu banget 4-23,8,klw aku punya gubernur yg di gossiping pak presiden malu banget 4-23,klw aku punya gubernur yang di gossiping pak presiden malu banget 4 23
mobil dinas kaltim,https://www.tiktok.com/@apasaja2825/video/7620377571229781269,@apasaja2825,@polong_hijau,https://www.tiktok.com/@polong_hijau,rumah dinas 25M lagi 4-22,6,rumah dinas 25M lagi 4-22,rumah dinas 25m lagi 4 22
mobil dinas kaltim,https://www.tiktok.com/@apasaja2825/video/7620377571229781269,@apasaja2825,@gebiistephny,https://www.tiktok.com/@gebiistephny,Bikin malu emng 4-21,14,Bikin malu emng 4-21,bikin malu emng 4 21
mobil dinas kaltim,https://www.tiktok.com/@prapancas/video/7631918131128061191,@prapancas,@kaegoargata1,https://www.tiktok.com/@kaegoargata1,"Gubernur yg satu ini mampu menjaga marwah nya kaltim, Semoga masyarakat kaltim jg mampu menjaga arwah nya gubernur kaltim 4-24",60,"Gubernur yg satu ini mampu menjaga marwah nya kaltim, Semoga masyarakat kaltim jg mampu menjaga arwah nya gubernur kaltim 4-24",gubernur yang satu ini mampu menjaga marwah nya kaltim semoga masyarakat kaltim jg mampu menjaga arwah nya gubernur kaltim 4 24
mobil dinas kaltim,https://www.tiktok.com/@prapancas/video/7631918131128061191,@prapancas,@envy_id43,https://www.tiktok.com/@envy_id43,berhentikan contoh KDM baru aku suka 4-24,30,berhentikan contoh KDM baru aku suka 4-24,berhentikan contoh kdm baru aku suka 4 24
mobil dinas kaltim,https://www.tiktok.com/@prapancas/video/7631918131128061191,@prapancas,@ansha0396,https://www.tiktok.com/@ansha0396,"sebenarnya di daerah lain juga gitu kayaknya, yang membedakan adalah, pak Rudy Mas'ud terlalu transparan 4-24",14,"sebenarnya di daerah lain juga gitu kayaknya, yang membedakan adalah, pak Rudy Mas'ud terlalu transparan 4-24",sebenarnya di daerah lain juga gitu kayaknya yang membedakan adalah pak rudy mas ud terlalu transparan 4 24
mobil dinas kaltim,https://www.tiktok.com/@prapancas/video/7631918131128061191,@prapancas,@siti.marni94,https://www.tiktok.com/@siti.marni94,ya allah parah.... 4-24,18,ya allah parah.... 4-24,ya allah parah 4 24
mobil dinas kaltim,https://www.tiktok.com/@prapancas/video/7631918131128061191,@prapancas,@rasipinanuar1,https://www.tiktok.com/@rasipinanuar1,kasih yg terbaik dan tak dpt dilupakan oleh dinastinya 4-30,4,kasih yg terbaik dan tak dpt dilupakan oleh dinastinya 4-30,kasih yang terbaik dan tak dpt dilupakan oleh dinastinya 4 30
mobil dinas kaltim,https://www.tiktok.com/@prapancas/video/7631918131128061191,@prapancas,@wearebobotoh79,https://www.tiktok.com/@wearebobotoh79,PRAY FOR INDONESIA 5-27,0,PRAY FOR INDONESIA 5-27,pray for indonesia 5 27
mobil dinas kaltim,https://www.tiktok.com/@prapancas/video/7631918131128061191,@prapancas,@oliveshrn,https://www.tiktok.com/@oliveshrn,Di Sulbar juga ada salah satu daerah juga gini 4-24,0,Di Sulbar juga ada salah satu daerah juga gini 4-24,di sulbar juga ada salah satu daerah juga gini 4 24
mobil dinas kaltim,https://www.tiktok.com/@prapancas/video/7631918131128061191,@prapancas,@carlo_haris_cepy,https://www.tiktok.com/@carlo_haris_cepy,SATU KATA KALTIM KALBAR KORUPS 😂😂😂 5-15,1,SATU KATA KALTIM KALBAR KORUPS 😂😂😂 5-15,satu kata kaltim kalbar korups 5 15
mobil dinas kaltim,https://www.tiktok.com/@prapancas/video/7631918131128061191,@prapancas,@teresiasilo1teresiasilo1,https://www.tiktok.com/@teresiasilo1teresiasilo1,ter lalu jga bgtu pak Rudi kan kasian kita yg laiinnn 4-25,0,ter lalu jga bgtu pak Rudi kan kasian kita yg laiinnn 4-25,ter lalu jga bgtu pak rudi kan kasian kita yang laiinnn 4 25
mobil dinas kaltim,https://www.tiktok.com/@prapancas/video/7631918131128061191,@prapancas,@deni_setiawan888,https://www.tiktok.com/@deni_setiawan888,angaran keuangan luar negri bijak di olah buat kepentingan rakyat.y 4-24,0,angaran keuangan luar negri bijak di olah buat kepentingan rakyat.y 4-24,angaran keuangan luar negri bijak di olah buat kepentingan rakyat y 4 24
mobil dinas kaltim,https://www.tiktok.com/@prapancas/video/7631918131128061191,@prapancas,@sayank969696969696,https://www.tiktok.com/@sayank969696969696,yg milih siapa pertanyaan begitu 5-27,0,yg milih siapa pertanyaan begitu 5-27,yang milih siapa pertanyaan begitu 5 27
mobil dinas kaltim,https://www.tiktok.com/@prapancas/video/7631918131128061191,@prapancas,@bandaduharyatanto,https://www.tiktok.com/@bandaduharyatanto,[Stiker] 4-24,3,[Stiker] 4-24,stiker 4 24
mobil dinas kaltim,https://www.tiktok.com/@prapancas/video/7631918131128061191,@prapancas,@tamanayah05,https://www.tiktok.com/@tamanayah05,asal nyebut 4-24,0,asal nyebut 4-24,asal nyebut 4 24
mobil dinas kaltim,https://www.tiktok.com/@sentilin_indonesia/video/7613820353550306581,@sentilin_indonesia,@yuforia45,https://www.tiktok.com/@yuforia45,RI 2 PAKAI INNOVA ZENIX 2000 cc 3-9,507,RI 2 PAKAI INNOVA ZENIX 2000 cc 3-9,ri 2 pakai innova zenix 2000 cc 3 9
mobil dinas kaltim,https://www.tiktok.com/@sentilin_indonesia/video/7613820353550306581,@sentilin_indonesia,@ikbl110,https://www.tiktok.com/@ikbl110,tombol reset kaltim 3-7,698,tombol reset kaltim 3-7,tombol reset kaltim 3 7
mobil dinas kaltim,https://www.tiktok.com/@sentilin_indonesia/video/7613820353550306581,@sentilin_indonesia,@azharputrashale,https://www.tiktok.com/@azharputrashale,gimana gak miskin. anggaran di pake pejabat nya untuk kepentingannya sendiri. 3-6,3638,gimana gak miskin. anggaran di pake pejabat nya untuk kepentingannya sendiri. 3-6,gimana tidak miskin anggaran di pake pejabat nya untuk kepentingannya sendiri 3 6
mobil dinas kaltim,https://www.tiktok.com/@sentilin_indonesia/video/7613820353550306581,@sentilin_indonesia,@el600307,https://www.tiktok.com/@el600307,lucu ini gubernur ko bisa di coblos heran 3-7,177,lucu ini gubernur ko bisa di coblos heran 3-7,lucu ini gubernur ko bisa di coblos heran 3 7
mobil dinas kaltim,https://www.tiktok.com/@sentilin_indonesia/video/7613820353550306581,@sentilin_indonesia,@rizalerda6,https://www.tiktok.com/@rizalerda6,buat beli mantel salju lagi 3-6,570,buat beli mantel salju lagi 3-6,buat beli mantel salju lagi 3 6
mobil dinas kaltim,https://www.tiktok.com/@sentilin_indonesia/video/7613820353550306581,@sentilin_indonesia,@mafen4l07,https://www.tiktok.com/@mafen4l07,Gubernur kaltim 11 12 dengan Gubernur NTT🤣 3-6,145,Gubernur kaltim 11 12 dengan Gubernur NTT🤣 3-6,gubernur kaltim 11 12 dengan gubernur ntt 3 6
mobil dinas kaltim,https://www.tiktok.com/@sentilin_indonesia/video/7613820353550306581,@sentilin_indonesia,@arief.arf,https://www.tiktok.com/@arief.arf,ini kpk enggak curiga apa? 3-9,7,ini kpk enggak curiga apa? 3-9,ini kpk enggak curiga apa 3 9
mobil dinas kaltim,https://www.tiktok.com/@sentilin_indonesia/video/7613820353550306581,@sentilin_indonesia,@vicky.026,https://www.tiktok.com/@vicky.026,Ini Kan Yang Kemarin Bilang KDM Gubernur Konten? 3-9,7,Ini Kan Yang Kemarin Bilang KDM Gubernur Konten? 3-9,ini kan yang kemarin bilang kdm gubernur konten 3 9
mobil dinas kaltim,https://www.tiktok.com/@sentilin_indonesia/video/7613820353550306581,@sentilin_indonesia,@aeroskyviolet,https://www.tiktok.com/@aeroskyviolet,seorang wakil presiden aja mobil pribadinya zenix🤣 3-6,76,seorang wakil presiden aja mobil pribadinya zenix🤣 3-6,seorang wakil presiden saja mobil pribadinya zenix 3 6
mobil dinas kaltim,https://www.tiktok.com/@sentilin_indonesia/video/7613820353550306581,@sentilin_indonesia,@pelloarief,https://www.tiktok.com/@pelloarief,masyrakat kaltim milih gubernur nya krna isi amplop🤣 3-7,30,masyrakat kaltim milih gubernur nya krna isi amplop🤣 3-7,masyrakat kaltim milih gubernur nya karena isi amplop 3 7
mobil dinas kaltim,https://www.tiktok.com/@sentilin_indonesia/video/7613820353550306581,@sentilin_indonesia,@heruimans,https://www.tiktok.com/@heruimans,Lebih baik Gubernur Konten Bapak Aing 😌 3-6,92,Lebih baik Gubernur Konten Bapak Aing 😌 3-6,lebih baik gubernur konten bapak aing 3 6
mobil dinas kaltim,https://www.tiktok.com/@sentilin_indonesia/video/7613820353550306581,@sentilin_indonesia,@usernamenotfound12329,https://www.tiktok.com/@usernamenotfound12329,sebuah daerah dilihat dari masyarakatnya bukan dari kekayaan pemimpinnya 3-7,7,sebuah daerah dilihat dari masyarakatnya bukan dari kekayaan pemimpinnya 3-7,sebuah daerah dilihat dari masyarakatnya bukan dari kekayaan pemimpinnya 3 7
mobil dinas kaltim,https://www.tiktok.com/@sentilin_indonesia/video/7613820353550306581,@sentilin_indonesia,@jxaverious,https://www.tiktok.com/@jxaverious,toilet 3 m renovasi rumah 25 m mobil 8.5 m real Raja Kaltim 4-15,1,toilet 3 m renovasi rumah 25 m mobil 8.5 m real Raja Kaltim 4-15,toilet 3 m renovasi rumah 25 m mobil 8 5 m real raja kaltim 4 15
mobil dinas kaltim,https://www.tiktok.com/@sentilin_indonesia/video/7613820353550306581,@sentilin_indonesia,@broooo545,https://www.tiktok.com/@broooo545,"cara pola pikirnya salah banget,, jakarta jalan SDH bagus,, seharusnya utamakan infrastruktur jalan dahulu.. 3-7",95,"cara pola pikirnya salah banget,, jakarta jalan SDH bagus,, seharusnya utamakan infrastruktur jalan dahulu.. 3-7",cara pola pikirnya salah banget jakarta jalan sdh bagus seharusnya utamakan infrastruktur jalan dahulu 3 7
mobil dinas kaltim,https://www.tiktok.com/@sentilin_indonesia/video/7613820353550306581,@sentilin_indonesia,@storytiktok6077,https://www.tiktok.com/@storytiktok6077,info bukber kaltim bang 3-6,20,info bukber kaltim bang 3-6,info bukber kaltim bang 3 6
mobil dinas kaltim,https://www.tiktok.com/@sentilin_indonesia/video/7613820353550306581,@sentilin_indonesia,@cucu.kurniawati51,https://www.tiktok.com/@cucu.kurniawati51,tamu global lewat mana pak jlnnya lumpur semua😳 3-6,481,tamu global lewat mana pak jlnnya lumpur semua😳 3-6,tamu global lewat mana pak jlnnya lumpur semua 3 6
mobil dinas kaltim,https://www.tiktok.com/@sentilin_indonesia/video/7613820353550306581,@sentilin_indonesia,@im_rudd,https://www.tiktok.com/@im_rudd,"minimal benerin jalan dulu, heran guehhh 3-7",5,"minimal benerin jalan dulu, heran guehhh 3-7",minimal benerin jalan dulu heran guehhh 3 7
mobil dinas kaltim,https://www.tiktok.com/@sentilin_indonesia/video/7613820353550306581,@sentilin_indonesia,@gumiwang58,https://www.tiktok.com/@gumiwang58,"dia itu berniat ngejadiin kaltim kayak Jurassic park apa gimana, masa jalanannya tanah kayak zaman purba 3-6",5,"dia itu berniat ngejadiin kaltim kayak Jurassic park apa gimana, masa jalanannya tanah kayak zaman purba 3-6",dia itu berniat ngejadiin kaltim kayak jurassic park apa gimana masa jalanannya tanah kayak zaman purba 3 6
mobil dinas gubernur kaltim 8 5 miliar,https://www.tiktok.com/@relung.id/video/7611814381126520065,@relung.id,@thomo.thomo5,https://www.tiktok.com/@thomo.thomo5,"KPK cumah pantau aja , ko bisa yah.... 3-9",0,"KPK cumah pantau aja , ko bisa yah.... 3-9",kpk cumah pantau saja ko bisa yah 3 9
mobil dinas gubernur kaltim 8 5 miliar,https://www.tiktok.com/@relung.id/video/7611814381126520065,@relung.id,@in948,https://www.tiktok.com/@in948,kpk harus gerak cepat mantaap 3-5,2,kpk harus gerak cepat mantaap 3-5,kpk harus gerak cepat mantaap 3 5
mobil dinas gubernur kaltim 8 5 miliar,https://www.tiktok.com/@relung.id/video/7611814381126520065,@relung.id,@user4831345691684tomi,https://www.tiktok.com/@user4831345691684tomi,Harus di pantau itu 3-9,1,Harus di pantau itu 3-9,harus di pantau itu 3 9
mobil dinas gubernur kaltim 8 5 miliar,https://www.tiktok.com/@relung.id/video/7611814381126520065,@relung.id,@agus.yudha23,https://www.tiktok.com/@agus.yudha23,jangan adal ngomong mas diberita mana 3-10,0,jangan adal ngomong mas diberita mana 3-10,jangan adal ngomong mas diberita mana 3 10
mobil dinas gubernur kaltim 8 5 miliar,https://www.tiktok.com/@relung.id/video/7611814381126520065,@relung.id,@agushs55,https://www.tiktok.com/@agushs55,Mudahan keba kasus 3-9,0,Mudahan keba kasus 3-9,mudahan keba kasus 3 9
mobil dinas gubernur kaltim 8 5 miliar,https://www.tiktok.com/@relung.id/video/7611814381126520065,@relung.id,@putralumajang41,https://www.tiktok.com/@putralumajang41,harus di periksa KPK 3-7,0,harus di periksa KPK 3-7,harus di periksa kpk 3 7
mobil dinas gubernur kaltim 8 5 miliar,https://www.tiktok.com/@relung.id/video/7611814381126520065,@relung.id,@gunawanpermana22,https://www.tiktok.com/@gunawanpermana22,pantauannya jangan sampe mandek y 3-9,0,pantauannya jangan sampe mandek y 3-9,pantauannya jangan sampe mandek y 3 9
mobil dinas gubernur kaltim 8 5 miliar,https://www.tiktok.com/@relung.id/video/7611814381126520065,@relung.id,@ferry.caloso,https://www.tiktok.com/@ferry.caloso,BRAVO KPK 3-20,0,BRAVO KPK 3-20,bravo kpk 3 20
mobil dinas gubernur kaltim 8 5 miliar,https://www.tiktok.com/@relung.id/video/7611814381126520065,@relung.id,@ariesariel_,https://www.tiktok.com/@ariesariel_,bisakah ktp 3-5,0,bisakah ktp 3-5,bisakah ktp 3 5
mobil dinas gubernur kaltim 8 5 miliar,https://www.tiktok.com/@relung.id/video/7611814381126520065,@relung.id,@denny.d466,https://www.tiktok.com/@denny.d466,keluarganya juga 😄😄😄 3-5,0,keluarganya juga 😄😄😄 3-5,keluarganya juga 3 5
mobil dinas gubernur kaltim 8 5 miliar,https://www.tiktok.com/@relung.id/video/7611814381126520065,@relung.id,@sinaga.parjalang61,https://www.tiktok.com/@sinaga.parjalang61,tangkap 3-6,0,tangkap 3-6,tangkap 3 6
mobil dinas gubernur kaltim 8 5 miliar,https://www.tiktok.com/@relung.id/video/7611814381126520065,@relung.id,@albert.jap6,https://www.tiktok.com/@albert.jap6,KPK GOOD JOB 3-20,0,KPK GOOD JOB 3-20,kpk good job 3 20
mobil dinas gubernur kaltim 8 5 miliar,https://www.tiktok.com/@relung.id/video/7611814381126520065,@relung.id,@moh.suryadi397,https://www.tiktok.com/@moh.suryadi397,mantab KPK 3-4,0,mantab KPK 3-4,mantab kpk 3 4
mobil dinas gubernur kaltim 8 5 miliar,https://www.tiktok.com/@relung.id/video/7611814381126520065,@relung.id,@dede.m46,https://www.tiktok.com/@dede.m46,tolong KPK ke kaltim usut dulu dinastinya 3-2,2,tolong KPK ke kaltim usut dulu dinastinya 3-2,tolong kpk ke kaltim usut dulu dinastinya 3 2
mobil dinas gubernur kaltim 8 5 miliar,https://www.tiktok.com/@relung.id/video/7611814381126520065,@relung.id,@qianaa822,https://www.tiktok.com/@qianaa822,lambat 3-24,0,lambat 3-24,lambat 3 24
mobil dinas gubernur kaltim 8 5 miliar,https://www.tiktok.com/@relung.id/video/7611814381126520065,@relung.id,@putraderita920,https://www.tiktok.com/@putraderita920,KPK ga becus usut gobernur dan ketua dewan kal.tim. 3-24,0,KPK ga becus usut gobernur dan ketua dewan kal.tim. 3-24,kpk tidak becus usut gobernur dan ketua dewan kal tim 3 24
mobil dinas gubernur kaltim 8 5 miliar,https://www.tiktok.com/@relung.id/video/7611814381126520065,@relung.id,@arbain.cuy,https://www.tiktok.com/@arbain.cuy,"ini baru betul ada apa gbernur ngotot ,KPK harus turun tangan semoga ada kesalahan dengan mobil ini ,,,,,apa ada kong kolingkong nya 3-22",0,"ini baru betul ada apa gbernur ngotot ,KPK harus turun tangan semoga ada kesalahan dengan mobil ini ,,,,,apa ada kong kolingkong nya 3-22",ini baru betul ada apa gbernur ngotot kpk harus turun tangan semoga ada kesalahan dengan mobil ini apa ada kong kolingkong nya 3 22
mobil dinas gubernur kaltim 8 5 miliar,https://www.tiktok.com/@relung.id/video/7611814381126520065,@relung.id,@mang.isuh,https://www.tiktok.com/@mang.isuh,mantaf klu cept trun tangan KPK 3-22,0,mantaf klu cept trun tangan KPK 3-22,mantaf klu cept trun tangan kpk 3 22
mobil dinas gubernur kaltim 8 5 miliar,https://www.tiktok.com/@relung.id/video/7611814381126520065,@relung.id,@helmibatubara20,https://www.tiktok.com/@helmibatubara20,AUDIT DANA pajak kaltim 3-21,0,AUDIT DANA pajak kaltim 3-21,audit dana pajak kaltim 3 21
mobil dinas gubernur kaltim 8 5 miliar,https://www.tiktok.com/@relung.id/video/7611814381126520065,@relung.id,@kang_yanto1981,https://www.tiktok.com/@kang_yanto1981,jangan cuma dipantau segera sidak pasti terbukti 3-21,0,jangan cuma dipantau segera sidak pasti terbukti 3-21,jangan cuma dipantau segera sidak pasti terbukti 3 21
mobil dinas gubernur kaltim 8 5 miliar,https://www.tiktok.com/@damarmart/video/7631483584649481479,@asbo.titha,@1wanitahebat0,https://www.tiktok.com/@1wanitahebat0,di jaman pak Israk norr jln Kutai Timur bagus 4-23,37,di jaman pak Israk norr jln Kutai Timur bagus 4-23,di jaman pak israk norr jln kutai timur bagus 4 23
mobil dinas gubernur kaltim 8 5 miliar,https://www.tiktok.com/@damarmart/video/7631483584649481479,@asbo.titha,@nona_manizze,https://www.tiktok.com/@nona_manizze,Terimakasih kasih Kaii atas Beasiswa Kal-Tim tuntas nya.. 🙏🙏 4-23,15,Terimakasih kasih Kaii atas Beasiswa Kal-Tim tuntas nya.. 🙏🙏 4-23,terimakasih kasih kaii atas beasiswa kal tim tuntas nya 4 23
mobil dinas gubernur kaltim 8 5 miliar,https://www.tiktok.com/@damarmart/video/7631483584649481479,@asbo.titha,@sitibambang._,https://www.tiktok.com/@sitibambang._,semoga pak Isran Noor sehat selalu dan tetap lindungan Allah swt 🤲🤲🤲 4-23,22,semoga pak Isran Noor sehat selalu dan tetap lindungan Allah swt 🤲🤲🤲 4-23,semoga pak isran noor sehat selalu dan tetap lindungan allah swt 4 23
mobil dinas gubernur kaltim 8 5 miliar,https://www.tiktok.com/@damarmart/video/7631483584649481479,@asbo.titha,@rendra.pratama491,https://www.tiktok.com/@rendra.pratama491,klu d bagus terpilih jgn mundur 4-23,1,klu d bagus terpilih jgn mundur 4-23,klu d bagus terpilih jgn mundur 4 23
mobil dinas gubernur kaltim 8 5 miliar,https://www.tiktok.com/@damarmart/video/7631483584649481479,@asbo.titha,@user1561321431059k,https://www.tiktok.com/@user1561321431059k,sehat selalu bapak Isran Noor 4-22,6,sehat selalu bapak Isran Noor 4-22,sehat selalu bapak isran noor 4 22
mobil dinas gubernur kaltim 8 5 miliar,https://www.tiktok.com/@damarmart/video/7631483584649481479,@asbo.titha,@user2388034077615,https://www.tiktok.com/@user2388034077615,Sehat slalu pak Isran Noor incca Allah bisa mimpin kembali KALTIM. 4-22,17,Sehat slalu pak Isran Noor incca Allah bisa mimpin kembali KALTIM. 4-22,sehat slalu pak isran noor incca allah bisa mimpin kembali kaltim 4 22
mobil dinas gubernur kaltim 8 5 miliar,https://www.tiktok.com/@damarmart/video/7631483584649481479,@asbo.titha,@zahramisrana,https://www.tiktok.com/@zahramisrana,itu baru mikirin masarakat nya 4-24,16,itu baru mikirin masarakat nya 4-24,itu baru mikirin masarakat nya 4 24
mobil dinas gubernur kaltim 8 5 miliar,https://www.tiktok.com/@damarmart/video/7631483584649481479,@asbo.titha,@indah81840,https://www.tiktok.com/@indah81840,pendukun rudy mas ud ndak usah baper kita buktikan lagi di 2030 insya allah 4-23,3,pendukun rudy mas ud ndak usah baper kita buktikan lagi di 2030 insya allah 4-23,pendukun rudy mas ud ndak usah baper kita buktikan lagi di 2030 insya allah 4 23
mobil dinas gubernur kaltim 8 5 miliar,https://www.tiktok.com/@damarmart/video/7631483584649481479,@asbo.titha,@user3403596300284,https://www.tiktok.com/@user3403596300284,intinya kalah 😁😅 4-24,0,intinya kalah 😁😅 4-24,intinya kalah 4 24
mobil dinas gubernur kaltim 8 5 miliar,https://www.tiktok.com/@damarmart/video/7631483584649481479,@asbo.titha,@sabriichal,https://www.tiktok.com/@sabriichal,Mantap kai 👍👍👍👍👍 5-6,1,Mantap kai 👍👍👍👍👍 5-6,mantap kai 5 6
mobil dinas gubernur kaltim 8 5 miliar,https://www.tiktok.com/@damarmart/video/7631483584649481479,@asbo.titha,@wardana12346_1,https://www.tiktok.com/@wardana12346_1,Sehat selalu pak Isran Noo 4-25,2,Sehat selalu pak Isran Noo 4-25,sehat selalu pak isran noo 4 25
mobil dinas gubernur kaltim 8 5 miliar,https://www.tiktok.com/@damarmart/video/7631483584649481479,@asbo.titha,@hananarsalan17,https://www.tiktok.com/@hananarsalan17,mantap pak tepat jawaban bapak dengar tu masud 5-29,1,mantap pak tepat jawaban bapak dengar tu masud 5-29,mantap pak tepat jawaban bapak dengar tu masud 5 29
mobil dinas gubernur kaltim 8 5 miliar,https://www.tiktok.com/@damarmart/video/7631483584649481479,@asbo.titha,@bintangyuditia,https://www.tiktok.com/@bintangyuditia,mantap KAI isranur saya pendukung kai 4-23,1,mantap KAI isranur saya pendukung kai 4-23,mantap kai isranur saya pendukung kai 4 23
mobil dinas gubernur kaltim 8 5 miliar,https://www.tiktok.com/@damarmart/video/7631483584649481479,@asbo.titha,@jokouban,https://www.tiktok.com/@jokouban,Marwah iku opo yooo??? 4-23,0,Marwah iku opo yooo??? 4-23,marwah iku opo yooo 4 23
mobil dinas gubernur kaltim 8 5 miliar,https://www.tiktok.com/@damarmart/video/7631483584649481479,@asbo.titha,@botoh699,https://www.tiktok.com/@botoh699,MENYALA BAPAK ISRAK NOOR..🥰🥰 4-27,1,MENYALA BAPAK ISRAK NOOR..🥰🥰 4-27,menyala bapak israk noor 4 27
mobil dinas gubernur kaltim 8 5 miliar,https://www.tiktok.com/@damarmart/video/7631483584649481479,@asbo.titha,@susanayuni446,https://www.tiktok.com/@susanayuni446,k A I keren 5-8,0,k A I keren 5-8,k a i keren 5 8
mobil dinas gubernur kaltim 8 5 miliar,https://www.tiktok.com/@damarmart/video/7631483584649481479,@asbo.titha,@rustam.manaf2,https://www.tiktok.com/@rustam.manaf2,Pak Isran belajar mub on 4-23,0,Pak Isran belajar mub on 4-23,pak isran belajar mub on 4 23
mobil dinas gubernur kaltim 8 5 miliar,https://www.tiktok.com/@damarmart/video/7631483584649481479,@asbo.titha,@user9431082096313,https://www.tiktok.com/@user9431082096313,betul tu kai mantap KAI pahamlah ikam 5-18,0,betul tu kai mantap KAI pahamlah ikam 5-18,betul tu kai mantap kai pahamlah ikam 5 18
mobil dinas gubernur kaltim 8 5 miliar,https://www.tiktok.com/@damarmart/video/7631483584649481479,@asbo.titha,@nani.endang1,https://www.tiktok.com/@nani.endang1,🤲🤲🤲 sehat selalu kai dan H farid mudahan kembali jdi gebenur dan H farid wakilnya🤲 4-23,12,🤲🤲🤲 sehat selalu kai dan H farid mudahan kembali jdi gebenur dan H farid wakilnya🤲 4-23,sehat selalu kai dan h farid mudahan kembali jdi gebenur dan h farid wakilnya 4 23
mobil dinas gubernur kaltim 8 5 miliar,https://www.tiktok.com/@damarmart/video/7631483584649481479,@asbo.titha,@suarchandi,https://www.tiktok.com/@suarchandi,"mantap kai , sehat slalu 4-23",0,"mantap kai , sehat slalu 4-23",mantap kai sehat slalu 4 23
mobil dinas gub kaltim 8 5 miliar,https://www.tiktok.com/@masss_mulll/video/7610745658986745095,@masss_mulll,@errykhienzsusanoo,https://www.tiktok.com/@errykhienzsusanoo,ini video asli nya kok gk ada ya apa di suruh hapus kah? @David Alfa Sunarna 5-8,0,ini video asli nya kok gk ada ya apa di suruh hapus kah? @David Alfa Sunarna 5-8,ini video asli nya kok tidak ada ya apa di suruh hapus kah alfa sunarna 5 8
mobil dinas gub kaltim 8 5 miliar,https://www.tiktok.com/@dokmus05/video/7610810591543823636,@dokmus05,@buyungtriono,https://www.tiktok.com/@buyungtriono,jika pejabat pakai mobil sederhana..justru rakyat semakin simpati pak...jaman berubah pak🤣🤣 2-25,1,jika pejabat pakai mobil sederhana..justru rakyat semakin simpati pak...jaman berubah pak🤣🤣 2-25,jika pejabat pakai mobil sederhana justru rakyat semakin simpati pak jaman berubah pak 2 25
mobil dinas gub kaltim 8 5 miliar,https://www.tiktok.com/@dokmus05/video/7610810591543823636,@dokmus05,@korneliusnorkemno,https://www.tiktok.com/@korneliusnorkemno,marwah dari Hongkong 3-1,0,marwah dari Hongkong 3-1,marwah dari hongkong 3 1
mobil dinas gub kaltim 8 5 miliar,https://www.tiktok.com/@dokmus05/video/7610810591543823636,@dokmus05,@zambudisusilo42,https://www.tiktok.com/@zambudisusilo42,ternyata gaya kepemimpinan nya HEDON....😁😁😁😁 2-26,2,ternyata gaya kepemimpinan nya HEDON....😁😁😁😁 2-26,ternyata gaya kepemimpinan nya hedon 2 26
mobil dinas gub kaltim 8 5 miliar,https://www.tiktok.com/@dokmus05/video/7610810591543823636,@dokmus05,@subrotobroto887,https://www.tiktok.com/@subrotobroto887,stop bayar pajak adalah solusi agar indoneaia menjadi lebih baik 2-25,2,stop bayar pajak adalah solusi agar indoneaia menjadi lebih baik 2-25,stop bayar pajak adalah solusi agar indoneaia menjadi lebih baik 2 25
mobil dinas gub kaltim 8 5 miliar,https://www.tiktok.com/@sahambijak0/video/7611953329421421845,@sahambijak0,@gakkenall41,https://www.tiktok.com/@gakkenall41,"pejabat jepang ae naek sepeda, itu juga beli sendiri 3-1",9,"pejabat jepang ae naek sepeda, itu juga beli sendiri 3-1",pejabat jepang ae naek sepeda itu juga beli sendiri 3 1
mobil dinas gub kaltim 8 5 miliar,https://www.tiktok.com/@sahambijak0/video/7611953329421421845,@sahambijak0,@mas.t683,https://www.tiktok.com/@mas.t683,mas Gibran mobil apa yang di pake cobak 3-2,1,mas Gibran mobil apa yang di pake cobak 3-2,mas gibran mobil apa yang di pake cobak 3 2
mobil dinas gub kaltim 8 5 miliar,https://www.tiktok.com/@sahambijak0/video/7611953329421421845,@sahambijak0,@alkyrizky,https://www.tiktok.com/@alkyrizky,masa Iyah mobil gubernur lebih mewah dari mobil presiden nya 🗿 3-25,2,masa Iyah mobil gubernur lebih mewah dari mobil presiden nya 🗿 3-25,masa iyah mobil gubernur lebih mewah dari mobil presiden nya 3 25
mobil dinas gub kaltim 8 5 miliar,https://www.tiktok.com/@sahambijak0/video/7611953329421421845,@sahambijak0,@dhenzhan_37,https://www.tiktok.com/@dhenzhan_37,masa iya mobil nya bagus. yang naik nya jelek.. jaga dong Marwah mobil nya... 3-31,0,masa iya mobil nya bagus. yang naik nya jelek.. jaga dong Marwah mobil nya... 3-31,masa iya mobil nya bagus yang naik nya jelek jaga dong marwah mobil nya 3 31
mobil dinas gub kaltim 8 5 miliar,https://www.tiktok.com/@sahambijak0/video/7611953329421421845,@sahambijak0,@satriaaaa.09,https://www.tiktok.com/@satriaaaa.09,mobil elit. jalan sulit 3-31,1,mobil elit. jalan sulit 3-31,mobil elit jalan sulit 3 31
mobil dinas gub kaltim 8 5 miliar,https://www.tiktok.com/@sahambijak0/video/7611953329421421845,@sahambijak0,@hamzz_libingbing,https://www.tiktok.com/@hamzz_libingbing,"Prabowo aja mobil maung seharga 700juta lah itu malah 8,5m kocak 3-22",0,"Prabowo aja mobil maung seharga 700juta lah itu malah 8,5m kocak 3-22",prabowo saja mobil maung seharga 700juta lah itu malah 8 5m kocak 3 22
mobil dinas gub kaltim 8 5 miliar,https://www.tiktok.com/@sahambijak0/video/7611953329421421845,@sahambijak0,@user267962229,https://www.tiktok.com/@user267962229,gubernur kalteng no gengsi 3-2,1,gubernur kalteng no gengsi 3-2,gubernur kalteng no gengsi 3 2
mobil dinas gub kaltim 8 5 miliar,https://www.tiktok.com/@sahambijak0/video/7611953329421421845,@sahambijak0,@samsung.indo402,https://www.tiktok.com/@samsung.indo402,jalannya bos perbaiki bukan beli mobil mewahh😏 3-20,2,jalannya bos perbaiki bukan beli mobil mewahh😏 3-20,jalannya bos perbaiki bukan beli mobil mewahh 3 20
mobil dinas gub kaltim 8 5 miliar,https://www.tiktok.com/@sahambijak0/video/7611953329421421845,@sahambijak0,@emoykazol,https://www.tiktok.com/@emoykazol,pejabat pelawak itu 4-17,1,pejabat pelawak itu 4-17,pejabat pelawak itu 4 17
mobil dinas gub kaltim 8 5 miliar,https://www.tiktok.com/@sahambijak0/video/7611953329421421845,@sahambijak0,@zaidtoreto123,https://www.tiktok.com/@zaidtoreto123,pak contoh lah gubernur jabar....(kdm💖) 3-31,1,pak contoh lah gubernur jabar....(kdm💖) 3-31,pak contoh lah gubernur jabar kdm 3 31
mobil dinas gub kaltim 8 5 miliar,https://www.tiktok.com/@sahambijak0/video/7611953329421421845,@sahambijak0,@elaajaa38,https://www.tiktok.com/@elaajaa38,masa Iyah mobil nya merosot jangan dong 4-26,0,masa Iyah mobil nya merosot jangan dong 4-26,masa iyah mobil nya merosot jangan dong 4 26
mobil dinas gub kaltim 8 5 miliar,https://www.tiktok.com/@sahambijak0/video/7611953329421421845,@sahambijak0,@m.rezky.alkiansya,https://www.tiktok.com/@m.rezky.alkiansya,mobil elit buat jalan sulit 3-25,1,mobil elit buat jalan sulit 3-25,mobil elit buat jalan sulit 3 25
mobil dinas gub kaltim 8 5 miliar,https://www.tiktok.com/@sahambijak0/video/7611953329421421845,@sahambijak0,@hendraa0123,https://www.tiktok.com/@hendraa0123,eeeee.. eee eeee mweeeeh.. apa lahh 4-4,0,eeeee.. eee eeee mweeeeh.. apa lahh 4-4,eeeee eee eeee mweeeeh apa lahh 4 4
mobil dinas gub kaltim 8 5 miliar,https://www.tiktok.com/@sahambijak0/video/7611953329421421845,@sahambijak0,@fikih929,https://www.tiktok.com/@fikih929,beli mobil mewah itu luar biasa asalkan uang sendiri bukan uang anggaran daerah gak apa2 3-21,0,beli mobil mewah itu luar biasa asalkan uang sendiri bukan uang anggaran daerah gak apa2 3-21,beli mobil mewah itu luar biasa asalkan uang sendiri bukan uang anggaran daerah tidak apa2 3 21
mobil dinas gub kaltim 8 5 miliar,https://www.tiktok.com/@sahambijak0/video/7611953329421421845,@sahambijak0,@anjas28674,https://www.tiktok.com/@anjas28674,mobil mewah jalan parah😅 4-28,0,mobil mewah jalan parah😅 4-28,mobil mewah jalan parah 4 28
mobil dinas gub kaltim 8 5 miliar,https://www.tiktok.com/@sahambijak0/video/7611953329421421845,@sahambijak0,@ridho.mulyono.001,https://www.tiktok.com/@ridho.mulyono.001,percuma mobil harga 8.5m kalau jalan nya lumpur 3-22,1,percuma mobil harga 8.5m kalau jalan nya lumpur 3-22,percuma mobil harga 8 5m kalau jalan nya lumpur 3 22
mobil dinas gub kaltim 8 5 miliar,https://www.tiktok.com/@sahambijak0/video/7611953329421421845,@sahambijak0,@waldiww3,https://www.tiktok.com/@waldiww3,nah itu 4-30,0,nah itu 4-30,nah itu 4 30
mobil dinas gub kaltim 8 5 miliar,https://www.tiktok.com/@sahambijak0/video/7611953329421421845,@sahambijak0,@mohamad.sofi12,https://www.tiktok.com/@mohamad.sofi12,percuma mobil mewah tapi pake uang rakyat😂😂😂😂 4-29,0,percuma mobil mewah tapi pake uang rakyat😂😂😂😂 4-29,percuma mobil mewah tapi pake uang rakyat 4 29
mobil dinas gub kaltim 8 5 miliar,https://www.tiktok.com/@sahambijak0/video/7611953329421421845,@sahambijak0,@nijar.nijar92,https://www.tiktok.com/@nijar.nijar92,mobil elit jalan solit 3-21,1,mobil elit jalan solit 3-21,mobil elit jalan solit 3 21
mobil dinas gub kaltim 8 5 miliar,https://www.tiktok.com/@sahambijak0/video/7611953329421421845,@sahambijak0,@gilang1237020,https://www.tiktok.com/@gilang1237020,nah itu dia 4-18,0,nah itu dia 4-18,nah itu dia 4 18
mobil dinas kaltim 8 5 miliar,https://www.tiktok.com/@aditya.yudono/video/7631554392633675028,@aditya.yudono,@kai20573,https://www.tiktok.com/@kai20573,[Stiker] jadiin gw gubernur deh 4-23,2,[Stiker] jadiin gw gubernur deh 4-23,stiker jadiin gw gubernur deh 4 23
mobil dinas kaltim 8 5 miliar,https://www.tiktok.com/@aditya.yudono/video/7631554392633675028,@aditya.yudono,@aryaa.pangestu,https://www.tiktok.com/@aryaa.pangestu,untung gua di Jawa barat 4-23,2,untung gua di Jawa barat 4-23,untung gua di jawa barat 4 23
mobil dinas kaltim 8 5 miliar,https://www.tiktok.com/@aditya.yudono/video/7631554392633675028,@aditya.yudono,@viyaa8992,https://www.tiktok.com/@viyaa8992,mobil elit jalan sulit 5-14,0,mobil elit jalan sulit 5-14,mobil elit jalan sulit 5 14
mobil dinas kaltim 8 5 miliar,https://www.tiktok.com/@aditya.yudono/video/7631554392633675028,@aditya.yudono,@arzyong,https://www.tiktok.com/@arzyong,jadi in gw gubernur aja lahh 4-23,4,jadi in gw gubernur aja lahh 4-23,jadi in gw gubernur saja lahh 4 23
mobil dinas kaltim 8 5 miliar,https://www.tiktok.com/@aditya.yudono/video/7631554392633675028,@aditya.yudono,@bang.jack7121,https://www.tiktok.com/@bang.jack7121,gubernur seperti ini yang bikin rakyat menjerit 4-23,0,gubernur seperti ini yang bikin rakyat menjerit 4-23,gubernur seperti ini yang bikin rakyat menjerit 4 23
mobil dinas kaltim 8 5 miliar,https://www.tiktok.com/@aditya.yudono/video/7631554392633675028,@aditya.yudono,@putra.jaya7542,https://www.tiktok.com/@putra.jaya7542,mantap mantap sip sip 4-23,0,mantap mantap sip sip 4-23,mantap mantap sip sip 4 23
mobil dinas kaltim 8 5 miliar,https://www.tiktok.com/@aditya.yudono/video/7631554392633675028,@aditya.yudono,@irahazka,https://www.tiktok.com/@irahazka,gubernur kaltim baningan 4-23,1,gubernur kaltim baningan 4-23,gubernur kaltim baningan 4 23
mobil dinas kaltim 8 5 miliar,https://www.tiktok.com/@aditya.yudono/video/7631554392633675028,@aditya.yudono,@candrasirait88official,https://www.tiktok.com/@candrasirait88official,bagus toh 4-23,0,bagus toh 4-23,bagus toh 4 23
mobil dinas kaltim 8 5 miliar,https://www.tiktok.com/@aditya.yudono/video/7631554392633675028,@aditya.yudono,@sigma.cat50,https://www.tiktok.com/@sigma.cat50,gw di kaltim 4-23,0,gw di kaltim 4-23,gw di kaltim 4 23
mobil dinas kaltim 8 5 miliar,https://www.tiktok.com/@aditya.yudono/video/7631554392633675028,@aditya.yudono,@ramnah.123,https://www.tiktok.com/@ramnah.123,kerennya 4-24,0,kerennya 4-24,kerennya 4 24
mobil dinas kaltim 8 5 miliar,https://www.tiktok.com/@aditya.yudono/video/7631554392633675028,@aditya.yudono,@izanizan294,https://www.tiktok.com/@izanizan294,"ksi trun gubernur nya,, terlluh 4-23",1,"ksi trun gubernur nya,, terlluh 4-23",ksi trun gubernur nya terlluh 4 23
mobil dinas kaltim 8 5 miliar,https://www.tiktok.com/@aditya.yudono/video/7631554392633675028,@aditya.yudono,@chassie549,https://www.tiktok.com/@chassie549,nepalkan 4-23,1,nepalkan 4-23,nepalkan 4 23
mobil dinas kaltim 8 5 miliar,https://www.tiktok.com/@aditya.yudono/video/7631554392633675028,@aditya.yudono,@boinibrahim8,https://www.tiktok.com/@boinibrahim8,hemat buat rakyat buat pejabat poya poya omon omon 4-23,1,hemat buat rakyat buat pejabat poya poya omon omon 4-23,hemat buat rakyat buat pejabat poya poya omon omon 4 23
mobil dinas kaltim 8 5 miliar,https://www.tiktok.com/@aditya.yudono/video/7631554392633675028,@aditya.yudono,@nuryati5144,https://www.tiktok.com/@nuryati5144,memperkaya diri 5-16,0,memperkaya diri 5-16,memperkaya diri 5 16
mobil dinas kaltim 8 5 miliar,https://www.tiktok.com/@aditya.yudono/video/7631554392633675028,@aditya.yudono,@yan.lim.kam.siu,https://www.tiktok.com/@yan.lim.kam.siu,😂😂😂😂 pecat sudah 5-13,0,😂😂😂😂 pecat sudah 5-13,pecat sudah 5 13
mobil dinas kaltim 8 5 miliar,https://www.tiktok.com/@aditya.yudono/video/7631554392633675028,@aditya.yudono,@rahman.aja812,https://www.tiktok.com/@rahman.aja812,kmi warga kltim sangat setuju 5-3,0,kmi warga kltim sangat setuju 5-3,kmi warga kltim sangat setuju 5 3
mobil dinas kaltim 8 5 miliar,https://www.tiktok.com/@aditya.yudono/video/7631554392633675028,@aditya.yudono,@rusmanboding,https://www.tiktok.com/@rusmanboding,"solusi yg paling bener, gubernur kaltim ganti 5-2",0,"solusi yg paling bener, gubernur kaltim ganti 5-2",solusi yang paling bener gubernur kaltim ganti 5 2
mobil dinas kaltim 8 5 miliar,https://www.tiktok.com/@aditya.yudono/video/7631554392633675028,@aditya.yudono,@zakariazakra,https://www.tiktok.com/@zakariazakra,pecat aja 4-30,0,pecat aja 4-30,pecat saja 4 30
mobil dinas kaltim 8 5 miliar,https://www.tiktok.com/@3halll/video/7611863206281137428,@3halll,@uyun74773,https://www.tiktok.com/@uyun74773,kenapa gk beli pejero atau fortuner kan bisa?? 4-4,0,kenapa gk beli pejero atau fortuner kan bisa?? 4-4,kenapa tidak beli pejero atau fortuner kan bisa 4 4
mobil dinas kaltim 8 5 miliar,https://www.tiktok.com/@3halll/video/7611863206281137428,@3halll,@ayy4shgibr4n,https://www.tiktok.com/@ayy4shgibr4n,iya kan tidak perlu beli mobil mahal kan ada fortuner dan pajero yang harganya tidak mahal mahalgitulah paling takharga 3miryar adu bikin habis uagngr 3-27,0,iya kan tidak perlu beli mobil mahal kan ada fortuner dan pajero yang harganya tidak mahal mahalgitulah paling takharga 3miryar adu bikin habis uagngr 3-27,iya kan tidak perlu beli mobil mahal kan ada fortuner dan pajero yang harganya tidak mahal mahalgitulah paling takharga 3miryar adu bikin habis uagngr 3 27
mobil dinas kaltim 8 5 miliar,https://www.tiktok.com/@3halll/video/7611863206281137428,@3halll,@maulanamalikkeren,https://www.tiktok.com/@maulanamalikkeren,buset duit segitu benerin jalan marmer bisa itu 3-25,2,buset duit segitu benerin jalan marmer bisa itu 3-25,buset duit segitu benerin jalan marmer bisa itu 3 25
mobil dinas kaltim 8 5 miliar,https://www.tiktok.com/@3halll/video/7611863206281137428,@3halll,@shiddiq85,https://www.tiktok.com/@shiddiq85,gubernurnya cuman mementingkan diri sendiri 3-22,1,gubernurnya cuman mementingkan diri sendiri 3-22,gubernurnya cuman mementingkan diri sendiri 3 22
mobil dinas kaltim 8 5 miliar,https://www.tiktok.com/@3halll/video/7611863206281137428,@3halll,@varo26288,https://www.tiktok.com/@varo26288,"presiden aja pakek mobil 700 juta masak gubernur pake mobil 8,5 M. setuju like 5-16",1,"presiden aja pakek mobil 700 juta masak gubernur pake mobil 8,5 M. setuju like 5-16",presiden saja pakek mobil 700 juta masak gubernur pake mobil 8 5 m setuju like 5 16
mobil dinas kaltim 8 5 miliar,https://www.tiktok.com/@3halll/video/7611863206281137428,@3halll,@uji.coba.ke.100,https://www.tiktok.com/@uji.coba.ke.100,kalo kata gw mah anggaran segitu mah betulin jalan bukan malah beli mobil 8.5 m 2-28,5,kalo kata gw mah anggaran segitu mah betulin jalan bukan malah beli mobil 8.5 m 2-28,kalo kata gw mah anggaran segitu mah betulin jalan bukan malah beli mobil 8 5 m 2 28
mobil dinas kaltim 8 5 miliar,https://www.tiktok.com/@3halll/video/7611863206281137428,@3halll,@arfaalkapi,https://www.tiktok.com/@arfaalkapi,kenapaya tinggal beli isuzu mux 4-27,0,kenapaya tinggal beli isuzu mux 4-27,kenapaya tinggal beli isuzu mux 4 27
mobil dinas kaltim 8 5 miliar,https://www.tiktok.com/@3halll/video/7611863206281137428,@3halll,@nama.ku.alul.929,https://www.tiktok.com/@nama.ku.alul.929,kenapa gak beli Toyota land cruiser harga nya aja lengkap 2.5 Miliar 😊😊 4-18,2,kenapa gak beli Toyota land cruiser harga nya aja lengkap 2.5 Miliar 😊😊 4-18,kenapa tidak beli toyota land cruiser harga nya saja lengkap 2 5 miliar 4 18
mobil dinas kaltim 8 5 miliar,https://www.tiktok.com/@3halll/video/7611863206281137428,@3halll,@riski.sterong.yt,https://www.tiktok.com/@riski.sterong.yt,mau beli mobil dinas Range Rover seharga 5-23,0,mau beli mobil dinas Range Rover seharga 5-23,mau beli mobil dinas range rover seharga 5 23
mobil dinas kaltim 8 5 miliar,https://www.tiktok.com/@3halll/video/7611863206281137428,@3halll,@ahmad.sayid.abdul7,https://www.tiktok.com/@ahmad.sayid.abdul7,Jalanan aja yang di perbaiki masih ada kembalian 🧐🧐🧐🧐 3-26,1,Jalanan aja yang di perbaiki masih ada kembalian 🧐🧐🧐🧐 3-26,jalanan saja yang di perbaiki masih ada kembalian 3 26
mobil dinas kaltim 8 5 miliar,https://www.tiktok.com/@3halll/video/7611863206281137428,@3halll,@ammarzai650,https://www.tiktok.com/@ammarzai650,napa tak betulkan jalan je😅 3-9,1,napa tak betulkan jalan je😅 3-9,napa tak betulkan jalan je 3 9
mobil dinas kaltim 8 5 miliar,https://www.tiktok.com/@3halll/video/7611863206281137428,@3halll,@nugerahantofilza20,https://www.tiktok.com/@nugerahantofilza20,"padahal banyak mobil tangguh lainnya kayak Ford , Pajero , Fortuner dll itu kan dibawah 1m 3-23",1,"padahal banyak mobil tangguh lainnya kayak Ford , Pajero , Fortuner dll itu kan dibawah 1m 3-23",padahal banyak mobil tangguh lainnya kayak ford pajero fortuner dll itu kan dibawah 1m 3 23
mobil dinas kaltim 8 5 miliar,https://www.tiktok.com/@3halll/video/7611863206281137428,@3halll,@mgaffar887,https://www.tiktok.com/@mgaffar887,mobil jeep aja kuat 3-25,0,mobil jeep aja kuat 3-25,mobil jeep saja kuat 3 25
mobil dinas kaltim 8 5 miliar,https://www.tiktok.com/@3halll/video/7611863206281137428,@3halll,@fans.el.real0,https://www.tiktok.com/@fans.el.real0,bukan nya ditambal jalan nya tapi membeli mobil mahal 3-25,0,bukan nya ditambal jalan nya tapi membeli mobil mahal 3-25,bukan nya ditambal jalan nya tapi membeli mobil mahal 3 25
mobil dinas kaltim 8 5 miliar,https://www.tiktok.com/@3halll/video/7611863206281137428,@3halll,@kinabe.lay30,https://www.tiktok.com/@kinabe.lay30,"Wee presiden sa dia punya mobil 700juta sa nih masa hanya gubernur sa harus 8,5m nc 4-25",1,"Wee presiden sa dia punya mobil 700juta sa nih masa hanya gubernur sa harus 8,5m nc 4-25",wee presiden sa dia punya mobil 700juta sa nih masa hanya gubernur sa harus 8 5m nc 4 25
mobil dinas kaltim 8 5 miliar,https://www.tiktok.com/@3halll/video/7611863206281137428,@3halll,@hanznguacowok,https://www.tiktok.com/@hanznguacowok,baru aja liat Prabowo bilang mobil 8.5m😂 3-26,0,baru aja liat Prabowo bilang mobil 8.5m😂 3-26,baru saja liat prabowo bilang mobil 8 5m 3 26
mobil dinas kaltim 8 5 miliar,https://www.tiktok.com/@3halll/video/7611863206281137428,@3halll,@azzam.pratama091,https://www.tiktok.com/@azzam.pratama091,tinggal di bagusin jalannya dan beli mobil yang lebih murah apa susah nya 4-9,0,tinggal di bagusin jalannya dan beli mobil yang lebih murah apa susah nya 4-9,tinggal di bagusin jalannya dan beli mobil yang lebih murah apa susah nya 4 9
mobil dinas kaltim 8 5 miliar,https://www.tiktok.com/@3halll/video/7611863206281137428,@3halll,@cideen_v,https://www.tiktok.com/@cideen_v,lu follow gw fb 3-29,0,lu follow gw fb 3-29,lu follow gw fb 3 29
mobil dinas kaltim 8 5 miliar,https://www.tiktok.com/@3halll/video/7611863206281137428,@3halll,@m.ilham.entong,https://www.tiktok.com/@m.ilham.entong,itu kata saya buyan percuma itu kan jalan yah yang rusak jadi di perbaikin lah 3-25,0,itu kata saya buyan percuma itu kan jalan yah yang rusak jadi di perbaikin lah 3-25,itu kata saya buyan percuma itu kan jalan yah yang rusak jadi di perbaikin lah 3 25
"mobil dinas gubernur kaltim 8,5 miliar",https://www.tiktok.com/@operasikhusus/video/7610752915036310791,@operasikhusus,@user4752781248182,https://www.tiktok.com/@user4752781248182,mobil mentri gak sampai segitu harganya 2-27,0,mobil mentri gak sampai segitu harganya 2-27,mobil mentri tidak sampai segitu harganya 2 27
"mobil dinas gubernur kaltim 8,5 miliar",https://www.tiktok.com/@operasikhusus/video/7610752915036310791,@operasikhusus,@leonardo_di_catmeeow,https://www.tiktok.com/@leonardo_di_catmeeow,"Emang bukan sekedarnya, tapi ya jangan yang paling mewah juga. Itu kan bukan uang kamu. Kalo kamu beli pake duit sendiri Roll Royce juga gak apa 2-25",0,"Emang bukan sekedarnya, tapi ya jangan yang paling mewah juga. Itu kan bukan uang kamu. Kalo kamu beli pake duit sendiri Roll Royce juga gak apa 2-25",emang bukan sekedarnya tapi ya jangan yang paling mewah juga itu kan bukan uang kamu kalo kamu beli pake duit sendiri roll royce juga tidak apa 2 25
"mobil dinas gubernur kaltim 8,5 miliar",https://www.tiktok.com/@operasikhusus/video/7610752915036310791,@operasikhusus,@user9292094939676,https://www.tiktok.com/@user9292094939676,"Fortuner, Pajero dan yg selevel sdh cukup kok. 2-25",0,"Fortuner, Pajero dan yg selevel sdh cukup kok. 2-25",fortuner pajero dan yang selevel sdh cukup kok 2 25
"mobil dinas gubernur kaltim 8,5 miliar",https://www.tiktok.com/@operasikhusus/video/7610752915036310791,@operasikhusus,@yudizuki,https://www.tiktok.com/@yudizuki,pakai mobil ford aja pak 2-26,0,pakai mobil ford aja pak 2-26,pakai mobil ford saja pak 2 26
"mobil dinas gubernur kaltim 8,5 miliar",https://www.tiktok.com/@operasikhusus/video/7610752915036310791,@operasikhusus,@aktor_mudamusik,https://www.tiktok.com/@aktor_mudamusik,pake angkot 2-25,0,pake angkot 2-25,pake angkot 2 25
"mobil dinas gubernur kaltim 8,5 miliar",https://www.tiktok.com/@operasikhusus/video/7610752915036310791,@operasikhusus,@user4752781248182,https://www.tiktok.com/@user4752781248182,mobil untuk keluarga gengsi nya dia sendiriiiiiiiiii 2-27,0,mobil untuk keluarga gengsi nya dia sendiriiiiiiiiii 2-27,mobil untuk keluarga gengsi nya dia sendiriiiiiiiiii 2 27
"mobil dinas gubernur kaltim 8,5 miliar",https://www.tiktok.com/@operasikhusus/video/7610752915036310791,@operasikhusus,@ranibengkel,https://www.tiktok.com/@ranibengkel,Pesan Esemka bos seperti Mulyono...😁😁😁 2-25,0,Pesan Esemka bos seperti Mulyono...😁😁😁 2-25,pesan esemka bos seperti mulyono 2 25
"mobil dinas gubernur kaltim 8,5 miliar",https://www.tiktok.com/@operasikhusus/video/7610752915036310791,@operasikhusus,@matroo02,https://www.tiktok.com/@matroo02,"jual batu bara n minyak juga menjarah hutan masih makan duit pajak pula, 2-25",0,"jual batu bara n minyak juga menjarah hutan masih makan duit pajak pula, 2-25",jual batu bara n minyak juga menjarah hutan masih makan duit pajak pula 2 25
"mobil dinas gubernur kaltim 8,5 miliar",https://www.tiktok.com/@operasikhusus/video/7610752915036310791,@operasikhusus,@supribahtiar990,https://www.tiktok.com/@supribahtiar990,beli saja roket baru bapak ke planet mars 😂😂😂😂😂 2-25,0,beli saja roket baru bapak ke planet mars 😂😂😂😂😂 2-25,beli saja roket baru bapak ke planet mars 2 25
"mobil dinas gubernur kaltim 8,5 miliar",https://www.tiktok.com/@operasikhusus/video/7610752915036310791,@operasikhusus,@midimidi7676,https://www.tiktok.com/@midimidi7676,"Pindad suruh bikin cepat kendaraan 4x4 yg ramah medan berat, biar kepala dserah seluruh Indonesia pakai kendaraan yg seragam 2-25",0,"Pindad suruh bikin cepat kendaraan 4x4 yg ramah medan berat, biar kepala dserah seluruh Indonesia pakai kendaraan yg seragam 2-25",pindad suruh bikin cepat kendaraan 4x4 yang ramah medan berat biar kepala dserah seluruh indonesia pakai kendaraan yang seragam 2 25
"mobil dinas gubernur kaltim 8,5 miliar",https://www.tiktok.com/@morrodin88/video/7611104729929747733,@morrodin88,@joddy354,https://www.tiktok.com/@joddy354,si gubernur cukup pake innova dan sisanya buat perbaikan jalan 2-26,30,si gubernur cukup pake innova dan sisanya buat perbaikan jalan 2-26,si gubernur cukup pake innova dan sisanya buat perbaikan jalan 2 26
"mobil dinas gubernur kaltim 8,5 miliar",https://www.tiktok.com/@morrodin88/video/7611104729929747733,@morrodin88,@leo_macan,https://www.tiktok.com/@leo_macan,uang pajak hasil dari setoran pertambangan itu ya bang 2-26,12,uang pajak hasil dari setoran pertambangan itu ya bang 2-26,uang pajak hasil dari setoran pertambangan itu ya bang 2 26
"mobil dinas gubernur kaltim 8,5 miliar",https://www.tiktok.com/@morrodin88/video/7611104729929747733,@morrodin88,@achiang.abie,https://www.tiktok.com/@achiang.abie,"Marwah pemimpin tidak ditentukan oleh seberapa mahal harga mobil yg di tumpanginya yg notabene nya dari uang rakyat, marwah seorang pemimpin di tentukan oleh seberapa berhasilnya beliau memimpin mensejahterakan dan menegakkan keadilan sosial rakyatnya. 2-28",4,"Marwah pemimpin tidak ditentukan oleh seberapa mahal harga mobil yg di tumpanginya yg notabene nya dari uang rakyat, marwah seorang pemimpin di tentukan oleh seberapa berhasilnya beliau memimpin mensejahterakan dan menegakkan keadilan sosial rakyatnya. 2-28",marwah pemimpin tidak ditentukan oleh seberapa mahal harga mobil yang di tumpanginya yang notabene nya dari uang rakyat marwah seorang pemimpin di tentukan oleh seberapa berhasilnya beliau memimpin mensejahterakan dan menegakkan keadilan sosial rakyatnya 2 28
"mobil dinas gubernur kaltim 8,5 miliar",https://www.tiktok.com/@morrodin88/video/7611104729929747733,@morrodin88,@ekorinis,https://www.tiktok.com/@ekorinis,Yang diperbaiki sarananya dang pak Gebernur 2-26,5,Yang diperbaiki sarananya dang pak Gebernur 2-26,yang diperbaiki sarananya dang pak gebernur 2 26
"mobil dinas gubernur kaltim 8,5 miliar",https://www.tiktok.com/@morrodin88/video/7611104729929747733,@morrodin88,@user516765907090,https://www.tiktok.com/@user516765907090,ini kan gubenur 200 ribu.😇😇 2-27,3,ini kan gubenur 200 ribu.😇😇 2-27,ini kan gubenur 200 ribu 2 27
"mobil dinas gubernur kaltim 8,5 miliar",https://www.tiktok.com/@morrodin88/video/7611104729929747733,@morrodin88,@yahooyay08,https://www.tiktok.com/@yahooyay08,"duhhhh pak Gub.....semoga semua sarana prasarana, infrastruktur kaltim telah disediakan/dibangun dengan baik untuk meningkatkan perekonomian dan kesejateraan. ada standarisasi spek dan harga kendaraan. estimasi rata2 harga mobil dinas menteri 1,5 M???? 2-26",2,"duhhhh pak Gub.....semoga semua sarana prasarana, infrastruktur kaltim telah disediakan/dibangun dengan baik untuk meningkatkan perekonomian dan kesejateraan. ada standarisasi spek dan harga kendaraan. estimasi rata2 harga mobil dinas menteri 1,5 M???? 2-26",duhhhh pak gub semoga semua sarana prasarana infrastruktur kaltim telah disediakan dibangun dengan baik untuk meningkatkan perekonomian dan kesejateraan ada standarisasi spek dan harga kendaraan estimasi rata2 harga mobil dinas menteri 1 5 m 2 26
"mobil dinas gubernur kaltim 8,5 miliar",https://www.tiktok.com/@morrodin88/video/7611104729929747733,@morrodin88,@e7.id,https://www.tiktok.com/@e7.id,dari ban aja gak keliatan off road 🗿 3-4,1,dari ban aja gak keliatan off road 🗿 3-4,dari ban saja tidak keliatan off road 3 4
"mobil dinas gubernur kaltim 8,5 miliar",https://www.tiktok.com/@morrodin88/video/7611104729929747733,@morrodin88,@adi.purwanto96,https://www.tiktok.com/@adi.purwanto96,"kl menurut sy sih ga papa,,, enjoy aja selam duit yg buat beli bkn hasil dr korupsi 3-5",0,"kl menurut sy sih ga papa,,, enjoy aja selam duit yg buat beli bkn hasil dr korupsi 3-5",kalau menurut sy sih tidak papa enjoy saja selam duit yang buat beli bkn hasil dari korupsi 3 5
"mobil dinas gubernur kaltim 8,5 miliar",https://www.tiktok.com/@morrodin88/video/7611104729929747733,@morrodin88,@usercwqucm36gm,https://www.tiktok.com/@usercwqucm36gm,"kan cuma wakil rakyat,rakyatnya aja naik Mio second STNK doank,,, wakilnya range Rover autobiograpy 3-9",0,"kan cuma wakil rakyat,rakyatnya aja naik Mio second STNK doank,,, wakilnya range Rover autobiograpy 3-9",kan cuma wakil rakyat rakyatnya saja naik mio second stnk doank wakilnya range rover autobiograpy 3 9
"mobil dinas gubernur kaltim 8,5 miliar",https://www.tiktok.com/@morrodin88/video/7611104729929747733,@morrodin88,@masagus130888,https://www.tiktok.com/@masagus130888,klo dana pribadi nya sendiri ya gpp. yg penting jangan uang dari korupsi 3-24,0,klo dana pribadi nya sendiri ya gpp. yg penting jangan uang dari korupsi 3-24,kalau dana pribadi nya sendiri ya gpp yang penting jangan uang dari korupsi 3 24
"mobil dinas gubernur kaltim 8,5 miliar",https://www.tiktok.com/@morrodin88/video/7611104729929747733,@morrodin88,@lila99951,https://www.tiktok.com/@lila99951,jangan donk sambil senyum2😁 bikin gemess 2-26,0,jangan donk sambil senyum2😁 bikin gemess 2-26,jangan donk sambil senyum2 bikin gemess 2 26
"mobil dinas gubernur kaltim 8,5 miliar",https://www.tiktok.com/@morrodin88/video/7611104729929747733,@morrodin88,@rizal.rizal4096,https://www.tiktok.com/@rizal.rizal4096,"Marwan itu banyak istilah, jangan di salah artikan 😁 2-26",2,"Marwan itu banyak istilah, jangan di salah artikan 😁 2-26",marwan itu banyak istilah jangan di salah artikan 2 26
"mobil dinas gubernur kaltim 8,5 miliar",https://www.tiktok.com/@morrodin88/video/7611104729929747733,@morrodin88,@kangali071,https://www.tiktok.com/@kangali071,[Stiker] 4-20,0,[Stiker] 4-20,stiker 4 20
"mobil dinas gubernur kaltim 8,5 miliar",https://www.tiktok.com/@morrodin88/video/7611104729929747733,@morrodin88,@user395437434597,https://www.tiktok.com/@user395437434597,itu egois bos 3-21,0,itu egois bos 3-21,itu egois bos 3 21
"mobil dinas gubernur kaltim 8,5 miliar",https://www.tiktok.com/@morrodin88/video/7611104729929747733,@morrodin88,@user364899351,https://www.tiktok.com/@user364899351,marwah itu spa sij arti dan tujuannya 2-28,0,marwah itu spa sij arti dan tujuannya 2-28,marwah itu spa sij arti dan tujuannya 2 28
"mobil dinas gubernur kaltim 8,5 miliar",https://www.tiktok.com/@morrodin88/video/7611104729929747733,@morrodin88,@putralasak3,https://www.tiktok.com/@putralasak3,jangan sampai KDM tau... 😅😅😅 3-3,0,jangan sampai KDM tau... 😅😅😅 3-3,jangan sampai kdm tau 3 3
"mobil dinas gubernur kaltim 8,5 miliar",https://www.tiktok.com/@morrodin88/video/7611104729929747733,@morrodin88,@hilm4255,https://www.tiktok.com/@hilm4255,klo ariel sih punya mobil ini pke duit pribadi 3-30,0,klo ariel sih punya mobil ini pke duit pribadi 3-30,kalau ariel sih punya mobil ini pke duit pribadi 3 30
"mobil dinas gubernur kaltim 8,5 miliar",https://www.tiktok.com/@morrodin88/video/7611104729929747733,@morrodin88,@aming3203,https://www.tiktok.com/@aming3203,susah di omong 2-26,1,susah di omong 2-26,susah di omong 2 26
"mobil dinas gubernur kaltim 8,5 miliar",https://www.tiktok.com/@morrodin88/video/7611104729929747733,@morrodin88,@sammpras,https://www.tiktok.com/@sammpras,gubernur keren nii 2-27,0,gubernur keren nii 2-27,gubernur keren nii 2 27
"mobil dinas gubernur kaltim 8,5 miliar",https://www.tiktok.com/@morrodin88/video/7611104729929747733,@morrodin88,@rosid.wijaya42,https://www.tiktok.com/@rosid.wijaya42,mukanya polos 3-5,0,mukanya polos 3-5,mukanya polos 3 5
"mobil dinas gub kaltim 8,5 miliar",https://www.tiktok.com/@aryo.g1/video/7611001576907427090,@aryo.g1,@aileen.550,https://www.tiktok.com/@aileen.550,logika pejabat jalan rusak bukannya diperbaiki malah beli mobil biar bisa lewat di jalan rusak 🤣✨ 2-26,0,logika pejabat jalan rusak bukannya diperbaiki malah beli mobil biar bisa lewat di jalan rusak 🤣✨ 2-26,logika pejabat jalan rusak bukannya diperbaiki malah beli mobil biar bisa lewat di jalan rusak 2 26
"mobil dinas gub kaltim 8,5 miliar",https://www.tiktok.com/@aryo.g1/video/7611001576907427090,@aryo.g1,@dionc615,https://www.tiktok.com/@dionc615,KPK dipersilahkan 2-26,0,KPK dipersilahkan 2-26,kpk dipersilahkan 2 26
"mobil dinas gub kaltim 8,5 miliar",https://www.tiktok.com/@aryo.g1/video/7611001576907427090,@aryo.g1,@safari.ari4,https://www.tiktok.com/@safari.ari4,"katanya demi Marwah,,harusnya demi sawah ,itu baru masukk bos,,🤣🤣 2-26",0,"katanya demi Marwah,,harusnya demi sawah ,itu baru masukk bos,,🤣🤣 2-26",katanya demi marwah harusnya demi sawah itu baru masukk bos 2 26
"mobil dinas gub kaltim 8,5 miliar",https://www.tiktok.com/@aryo.g1/video/7611001576907427090,@aryo.g1,@ugidamarpalang,https://www.tiktok.com/@ugidamarpalang,giliran kita bnyar pajak mhal bnar 2-26,0,giliran kita bnyar pajak mhal bnar 2-26,giliran kita bnyar pajak mhal bnar 2 26
"mobil dinas gub kaltim 8,5 miliar",https://www.tiktok.com/@tyasmira81/video/7610723179446783252,@tyasmira81,@bembeng.mario,https://www.tiktok.com/@bembeng.mario,sama kaya anis manis di awal pahit di akhir 2-28,0,sama kaya anis manis di awal pahit di akhir 2-28,sama kaya anis manis di awal pahit di akhir 2 28
"mobil dinas gub kaltim 8,5 miliar",https://www.tiktok.com/@tyasmira81/video/7610723179446783252,@tyasmira81,@henaasaefa97_,https://www.tiktok.com/@henaasaefa97_,"pa 8,5M mending buat perbiki jalan atau apa kek malah mau buat beli mobil gimana sih 2-26",0,"pa 8,5M mending buat perbiki jalan atau apa kek malah mau buat beli mobil gimana sih 2-26",pa 8 5m mending buat perbiki jalan atau apa kek malah mau buat beli mobil gimana sih 2 26
"mobil dinas gub kaltim 8,5 miliar",https://www.tiktok.com/@tyasmira81/video/7610723179446783252,@tyasmira81,@dei8787,https://www.tiktok.com/@dei8787,"We ❤️U Mas WaPres yg Rendah Hati tapi SAT SET kerjanya... Bismillah, Semoga Allah senantiasa karuniakan Barokah, kesehat, Perlindungan, Kesuksesan & Kebahagiaan. Aamiin YRA🤲🤲🤲🙏🙏🙏🥰🥰🥰❤️❤️❤️🇮🇩🇮🇩🇮🇩🇮🇩🇮🇩🇮🇩🇮🇩🇮🇩🇮🇩 2-28",0,"We ❤️U Mas WaPres yg Rendah Hati tapi SAT SET kerjanya... Bismillah, Semoga Allah senantiasa karuniakan Barokah, kesehat, Perlindungan, Kesuksesan & Kebahagiaan. Aamiin YRA🤲🤲🤲🙏🙏🙏🥰🥰🥰❤️❤️❤️🇮🇩🇮🇩🇮🇩🇮🇩🇮🇩🇮🇩🇮🇩🇮🇩🇮🇩 2-28",we u mas wapres yang rendah hati tapi sat set kerjanya bismillah semoga allah senantiasa karuniakan barokah kesehat perlindungan kesuksesan kebahagiaan aamiin yra 2 28
"mobil dinas gub kaltim 8,5 miliar",https://www.tiktok.com/@ip.alphawolf/video/7629140462753926420,@ip.alphawolf,@imelkristin472,https://www.tiktok.com/@imelkristin472,"bilang aja mau fasilitas mewah, walaupun jln msih bnyak yg rusak 4-16",489,"bilang aja mau fasilitas mewah, walaupun jln msih bnyak yg rusak 4-16",bilang saja mau fasilitas mewah walaupun jln msih bnyak yang rusak 4 16
"mobil dinas gub kaltim 8,5 miliar",https://www.tiktok.com/@ip.alphawolf/video/7629140462753926420,@ip.alphawolf,@baitabung_14,https://www.tiktok.com/@baitabung_14,"masa mobil nya mewah,yg naikin biasa aja jngan dong jaga dong marwah mobilnya 4-18",37,"masa mobil nya mewah,yg naikin biasa aja jngan dong jaga dong marwah mobilnya 4-18",masa mobil nya mewah yang naikin biasa saja jngan dong jaga dong marwah mobilnya 4 18
"mobil dinas gub kaltim 8,5 miliar",https://www.tiktok.com/@ip.alphawolf/video/7629140462753926420,@ip.alphawolf,@lindaibrahim06,https://www.tiktok.com/@lindaibrahim06,jln yg rusak parah itu hrs cpt di perbaiki itu yg penting 4-16,108,jln yg rusak parah itu hrs cpt di perbaiki itu yg penting 4-16,jln yang rusak parah itu hrs cpt di perbaiki itu yang penting 4 16
"mobil dinas gub kaltim 8,5 miliar",https://www.tiktok.com/@ip.alphawolf/video/7629140462753926420,@ip.alphawolf,@faisalanwar011,https://www.tiktok.com/@faisalanwar011,Mulut manis nih orang jgn percaya... 4-16,157,Mulut manis nih orang jgn percaya... 4-16,mulut manis nih orang jgn percaya 4 16
"mobil dinas gub kaltim 8,5 miliar",https://www.tiktok.com/@ip.alphawolf/video/7629140462753926420,@ip.alphawolf,@libraa_93.0,https://www.tiktok.com/@libraa_93.0,JALAN KALTIM KAPAN DI BAIKIN PAK 4-17,4,JALAN KALTIM KAPAN DI BAIKIN PAK 4-17,jalan kaltim kapan di baikin pak 4 17
"mobil dinas gub kaltim 8,5 miliar",https://www.tiktok.com/@ip.alphawolf/video/7629140462753926420,@ip.alphawolf,@banyak.angkrem_,https://www.tiktok.com/@banyak.angkrem_,gubernur ga bener nih 4-17,16,gubernur ga bener nih 4-17,gubernur tidak bener nih 4 17
"mobil dinas gub kaltim 8,5 miliar",https://www.tiktok.com/@ip.alphawolf/video/7629140462753926420,@ip.alphawolf,@bglesmana6,https://www.tiktok.com/@bglesmana6,apa hubungan nya dengan kemewahan kendaraan pak? sesungguh nya marwah kaltim ekonomi rakyat nya meningkat jalan di kaltim bagus semua dan kesederhanaan pejabat nya itu marwah sesungguh nya.. 4-16,46,apa hubungan nya dengan kemewahan kendaraan pak? sesungguh nya marwah kaltim ekonomi rakyat nya meningkat jalan di kaltim bagus semua dan kesederhanaan pejabat nya itu marwah sesungguh nya.. 4-16,apa hubungan nya dengan kemewahan kendaraan pak sesungguh nya marwah kaltim ekonomi rakyat nya meningkat jalan di kaltim bagus semua dan kesederhanaan pejabat nya itu marwah sesungguh nya 4 16
"mobil dinas gub kaltim 8,5 miliar",https://www.tiktok.com/@ip.alphawolf/video/7629140462753926420,@ip.alphawolf,@asiaanur96,https://www.tiktok.com/@asiaanur96,Blunder terus ya gubernur kaltim ini 😅 4-16,4,Blunder terus ya gubernur kaltim ini 😅 4-16,blunder terus ya gubernur kaltim ini 4 16
"mobil dinas gub kaltim 8,5 miliar",https://www.tiktok.com/@ip.alphawolf/video/7629140462753926420,@ip.alphawolf,@lordjemboed,https://www.tiktok.com/@lordjemboed,udah jan banyak basa basi ganti gak bener ni 4-17,7,udah jan banyak basa basi ganti gak bener ni 4-17,udah jan banyak basa basi ganti tidak bener ni 4 17
"mobil dinas gub kaltim 8,5 miliar",https://www.tiktok.com/@ip.alphawolf/video/7629140462753926420,@ip.alphawolf,@baru2596,https://www.tiktok.com/@baru2596,bnyak omng kinerja zonk 4-16,28,bnyak omng kinerja zonk 4-16,bnyak omng kinerja zonk 4 16
"mobil dinas gub kaltim 8,5 miliar",https://www.tiktok.com/@ip.alphawolf/video/7629140462753926420,@ip.alphawolf,@igris210,https://www.tiktok.com/@igris210,Marwah Kaltim mobil mewah tapi jalan banyak rusak dimana letak titik marwahnya?? 4-17,4,Marwah Kaltim mobil mewah tapi jalan banyak rusak dimana letak titik marwahnya?? 4-17,marwah kaltim mobil mewah tapi jalan banyak rusak dimana letak titik marwahnya 4 17
"mobil dinas gub kaltim 8,5 miliar",https://www.tiktok.com/@ip.alphawolf/video/7629140462753926420,@ip.alphawolf,@arjunasatya01,https://www.tiktok.com/@arjunasatya01,"perbaiki dulu jalananmu bro,..biar Marwah jalannya Kaltim di kenal secara Global,.. 4-22",0,"perbaiki dulu jalananmu bro,..biar Marwah jalannya Kaltim di kenal secara Global,.. 4-22",perbaiki dulu jalananmu bro biar marwah jalannya kaltim di kenal secara global 4 22
"mobil dinas gub kaltim 8,5 miliar",https://www.tiktok.com/@ip.alphawolf/video/7629140462753926420,@ip.alphawolf,@dominicus.vita,https://www.tiktok.com/@dominicus.vita,masa iya dealer mau di kembalikan gitu saja mobil.... semua org pasti tau itu gk mungkin di kembalikan 4-17,3,masa iya dealer mau di kembalikan gitu saja mobil.... semua org pasti tau itu gk mungkin di kembalikan 4-17,masa iya dealer mau di kembalikan gitu saja mobil semua org pasti tau itu tidak mungkin di kembalikan 4 17
"mobil dinas gub kaltim 8,5 miliar",https://www.tiktok.com/@ip.alphawolf/video/7629140462753926420,@ip.alphawolf,@dwardana86,https://www.tiktok.com/@dwardana86,masa iya jalannya ga di perbaiki jaga donk marwahnya 😂 4-26,0,masa iya jalannya ga di perbaiki jaga donk marwahnya 😂 4-26,masa iya jalannya tidak di perbaiki jaga donk marwahnya 4 26
"mobil dinas gub kaltim 8,5 miliar",https://www.tiktok.com/@ip.alphawolf/video/7629140462753926420,@ip.alphawolf,@yantokhan2026,https://www.tiktok.com/@yantokhan2026,kpk tolong ini org di audit 5-4,0,kpk tolong ini org di audit 5-4,kpk tolong ini org di audit 5 4
"mobil dinas gub kaltim 8,5 miliar",https://www.tiktok.com/@ip.alphawolf/video/7629140462753926420,@ip.alphawolf,@elbaf_loki,https://www.tiktok.com/@elbaf_loki,emg jalan rusak gamalu? 4-17,1,emg jalan rusak gamalu? 4-17,emg jalan rusak gamalu 4 17
"mobil dinas gub kaltim 8,5 miliar",https://www.tiktok.com/@ip.alphawolf/video/7629140462753926420,@ip.alphawolf,@jieeeeebon,https://www.tiktok.com/@jieeeeebon,jangan mikirin mobil dulu pak jalan aja benerin 4-18,9,jangan mikirin mobil dulu pak jalan aja benerin 4-18,jangan mikirin mobil dulu pak jalan saja benerin 4 18
pengadaan mobil dinas gubernur kaltim,https://www.tiktok.com/@balikpapantv_official/video/7612479352479026453,@balikpapantv_official,@d14nberau,https://www.tiktok.com/@d14nberau,"ktua dprd anda itu wakil rakyat, liat rakyat anda, klau mobil tdak kuat smpai teduduk jalannya ksih bgus, bukan bli mobil mhal 5-5",1,"ktua dprd anda itu wakil rakyat, liat rakyat anda, klau mobil tdak kuat smpai teduduk jalannya ksih bgus, bukan bli mobil mhal 5-5",ktua dprd anda itu wakil rakyat liat rakyat anda klau mobil tdak kuat smpai teduduk jalannya ksih bgus bukan bli mobil mhal 5 5
pengadaan mobil dinas gubernur kaltim,https://www.tiktok.com/@balikpapantv_official/video/7612479352479026453,@balikpapantv_official,@jumatia.sirampe,https://www.tiktok.com/@jumatia.sirampe,presiden saja pakai mobil 7 rts jt 5-2,0,presiden saja pakai mobil 7 rts jt 5-2,presiden saja pakai mobil 7 rts jt 5 2
pengadaan mobil dinas gubernur kaltim,https://www.tiktok.com/@balikpapantv_official/video/7612479352479026453,@balikpapantv_official,@erdedy1965,https://www.tiktok.com/@erdedy1965,bersaudara ingin hidup mewahan 3-3,0,bersaudara ingin hidup mewahan 3-3,bersaudara ingin hidup mewahan 3 3
pengadaan mobil dinas gubernur kaltim,https://www.tiktok.com/@balikpapantv_official/video/7612479352479026453,@balikpapantv_official,@grbalaborneo5,https://www.tiktok.com/@grbalaborneo5,adek kakak sama saja 3-2,0,adek kakak sama saja 3-2,adek kakak sama saja 3 2
pengadaan mobil dinas gubernur kaltim,https://www.tiktok.com/@wakandatalks_id/video/7610767646996368661,@wakandatalks_id,@ayah.athar8,https://www.tiktok.com/@ayah.athar8,oi oi oi oi oooooii 2-28,0,oi oi oi oi oooooii 2-28,oi oi oi oi oooooii 2 28
pengadaan mobil dinas gubernur kaltim,https://www.tiktok.com/@wakandatalks_id/video/7610767646996368661,@wakandatalks_id,@unyilsyalala,https://www.tiktok.com/@unyilsyalala,Marwah nya jalan di alusin pak 2-25,0,Marwah nya jalan di alusin pak 2-25,marwah nya jalan di alusin pak 2 25
pengadaan mobil dinas gubernur kaltim,https://www.tiktok.com/@wakandatalks_id/video/7610767646996368661,@wakandatalks_id,@iamjadenhokuowei,https://www.tiktok.com/@iamjadenhokuowei,Gubenur syampachhh😅😅😅 2-25,1,Gubenur syampachhh😅😅😅 2-25,gubenur syampachhh 2 25
pengadaan mobil dinas gubernur kaltim,https://www.tiktok.com/@wakandatalks_id/video/7610767646996368661,@wakandatalks_id,@nuryanto.to,https://www.tiktok.com/@nuryanto.to,karyawan outsourcing g ngerasa 5-24,0,karyawan outsourcing g ngerasa 5-24,karyawan outsourcing g ngerasa 5 24
pengadaan mobil dinas gubernur kaltim,https://www.tiktok.com/@beritaenamdua/video/7612139610507873557,@beritaenamdua,@irvanvansk,https://www.tiktok.com/@irvanvansk,malah bahas mobil 🤣 3-1,0,malah bahas mobil 🤣 3-1,malah bahas mobil 3 1
pengadaan mobil dinas gubernur kaltim,https://www.tiktok.com/@beritaenamdua/video/7612139610507873557,@beritaenamdua,@pwn_garage1,https://www.tiktok.com/@pwn_garage1,pinter omong 3-1,8,pinter omong 3-1,pinter omong 3 1
pengadaan mobil dinas gubernur kaltim,https://www.tiktok.com/@beritaenamdua/video/7612139610507873557,@beritaenamdua,@andriastutimuria3,https://www.tiktok.com/@andriastutimuria3,HOOOYYY ITU... UANG RAKYAT.. LEBIH BAIK UNTUK MEMPERBAIKI JALAN JEMBATAN YANG BERMANFA'AT UNTUK RAKYATNYA 3-1,3,HOOOYYY ITU... UANG RAKYAT.. LEBIH BAIK UNTUK MEMPERBAIKI JALAN JEMBATAN YANG BERMANFA'AT UNTUK RAKYATNYA 3-1,hoooyyy itu uang rakyat lebih baik untuk memperbaiki jalan jembatan yang bermanfa at untuk rakyatnya 3 1
pengadaan mobil dinas gubernur kaltim,https://www.tiktok.com/@beritaenamdua/video/7612139610507873557,@beritaenamdua,@darmawandarmawan04,https://www.tiktok.com/@darmawandarmawan04,"tapi nda usah beli mobil yg harganya 8' 5 untuk di pake mininjau bos , mobil masih ada harganya 3 m bos 3-1",1,"tapi nda usah beli mobil yg harganya 8' 5 untuk di pake mininjau bos , mobil masih ada harganya 3 m bos 3-1",tapi nda usah beli mobil yang harganya 8 5 untuk di pake mininjau bos mobil masih ada harganya 3 m bos 3 1
pengadaan mobil dinas gubernur kaltim,https://www.tiktok.com/@beritaenamdua/video/7612139610507873557,@beritaenamdua,@changliya,https://www.tiktok.com/@changliya,waduhh mobil mewah .jalan nya rusak nanti monil cepat rusak 3-1,1,waduhh mobil mewah .jalan nya rusak nanti monil cepat rusak 3-1,waduhh mobil mewah jalan nya rusak nanti monil cepat rusak 3 1
pengadaan mobil dinas gubernur kaltim,https://www.tiktok.com/@beritaenamdua/video/7612139610507873557,@beritaenamdua,@incess.99,https://www.tiktok.com/@incess.99,mobil dia di beli pakek dana angaran😆 3-1,0,mobil dia di beli pakek dana angaran😆 3-1,mobil dia di beli pakek dana angaran 3 1
pengadaan mobil dinas gubernur kaltim,https://www.tiktok.com/@beritaenamdua/video/7612139610507873557,@beritaenamdua,@anakdhieke,https://www.tiktok.com/@anakdhieke,yg ditunjang tuh jalannyaa woiiii 3-1,2,yg ditunjang tuh jalannyaa woiiii 3-1,yang ditunjang tuh jalannyaa woiiii 3 1
pengadaan mobil dinas gubernur kaltim,https://www.tiktok.com/@beritaenamdua/video/7612139610507873557,@beritaenamdua,@yusuf.setiawan89,https://www.tiktok.com/@yusuf.setiawan89,beli hilux aja kenapa harus yg miliaran 3-1,1,beli hilux aja kenapa harus yg miliaran 3-1,beli hilux saja kenapa harus yang miliaran 3 1
pengadaan mobil dinas gubernur kaltim,https://www.tiktok.com/@beritaenamdua/video/7612139610507873557,@beritaenamdua,@.hartanto,https://www.tiktok.com/@.hartanto,maklum saja dulu waktu Pilgub habis banyak wajarlah mintak fasilitas yg mewah 3-1,1,maklum saja dulu waktu Pilgub habis banyak wajarlah mintak fasilitas yg mewah 3-1,maklum saja dulu waktu pilgub habis banyak wajarlah mintak fasilitas yang mewah 3 1
pengadaan mobil dinas gubernur kaltim,https://www.tiktok.com/@beritaenamdua/video/7612139610507873557,@beritaenamdua,@delott62,https://www.tiktok.com/@delott62,kayak kerja aja 3-2,0,kayak kerja aja 3-2,kayak kerja saja 3 2
pengadaan mobil dinas gubernur kaltim,https://www.tiktok.com/@beritaenamdua/video/7612139610507873557,@beritaenamdua,@erlintari0,https://www.tiktok.com/@erlintari0,preeeeeettttttttttttt 3-1,0,preeeeeettttttttttttt 3-1,preeeeeettttttttttttt 3 1
pengadaan mobil dinas gubernur kaltim,https://www.tiktok.com/@beritaenamdua/video/7612139610507873557,@beritaenamdua,@user364521719,https://www.tiktok.com/@user364521719,jalan nya ancur tub 😂😂 3-1,0,jalan nya ancur tub 😂😂 3-1,jalan nya ancur tub 3 1
pengadaan mobil dinas gubernur kaltim,https://www.tiktok.com/@beritaenamdua/video/7612139610507873557,@beritaenamdua,@chandra_dwi,https://www.tiktok.com/@chandra_dwi,Kaya MLM 😅 3-1,0,Kaya MLM 😅 3-1,kaya mlm 3 1
pengadaan mobil dinas gubernur kaltim,https://www.tiktok.com/@beritaenamdua/video/7612139610507873557,@beritaenamdua,@ham0724,https://www.tiktok.com/@ham0724,"lamis...lamis... menjaga marwah itu, bgmn mensejahterakan rakyatnya, memperbaiki infrastruktur yang baik. 😡😡 3-1",0,"lamis...lamis... menjaga marwah itu, bgmn mensejahterakan rakyatnya, memperbaiki infrastruktur yang baik. 😡😡 3-1",lamis lamis menjaga marwah itu bgmn mensejahterakan rakyatnya memperbaiki infrastruktur yang baik 3 1
pengadaan mobil dinas gubernur kaltim,https://www.tiktok.com/@beritaenamdua/video/7612139610507873557,@beritaenamdua,@triwahyu0678,https://www.tiktok.com/@triwahyu0678,4000cc.pakai truk aja 4x4 lebih cocok 3-1,3,4000cc.pakai truk aja 4x4 lebih cocok 3-1,4000cc pakai truk saja 4x4 lebih cocok 3 1
pengadaan mobil dinas gubernur kaltim,https://www.tiktok.com/@sindonews/video/7611810371535375633,@sindonews,@irma_01012,https://www.tiktok.com/@irma_01012,Aku kesini gara gara nonton di rizky riplay😭,51,Aku kesini gara gara nonton di rizky riplay😭,aku kesini gara gara nonton di rizky riplay
pengadaan mobil dinas gubernur kaltim,https://www.tiktok.com/@sindonews/video/7611810371535375633,@sindonews,@dellassi,https://www.tiktok.com/@dellassi,"tampilannya familiar kek siapa ya, ternyata kek lady dimitrescu #izin 🙂‍↕️🙏🏼 3-2",91,"tampilannya familiar kek siapa ya, ternyata kek lady dimitrescu #izin 🙂‍↕️🙏🏼 3-2",tampilannya familiar kek siapa ya ternyata kek lady dimitrescu izin 3 2
pengadaan mobil dinas gubernur kaltim,https://www.tiktok.com/@sindonews/video/7611810371535375633,@sindonews,@blokirr_7,https://www.tiktok.com/@blokirr_7,"asyik2 saja busana, yg penting orgnya ramah dan baik",0,"asyik2 saja busana, yg penting orgnya ramah dan baik",asyik2 saja busana yang penting orgnya ramah dan baik
pengadaan mobil dinas gubernur kaltim,https://www.tiktok.com/@sindonews/video/7611810371535375633,@sindonews,@lukmanhakim_007,https://www.tiktok.com/@lukmanhakim_007,aku kesini karna ada lagunya 🗿😭 5-8,191,aku kesini karna ada lagunya 🗿😭 5-8,aku kesini karna ada lagunya 5 8
pengadaan mobil dinas gubernur kaltim,https://www.tiktok.com/@sindonews/video/7611810371535375633,@sindonews,@lia47208,https://www.tiktok.com/@lia47208,penampilannya ga penting. yg penting dia dekat dan bbagi dgn rakyatnya,4,penampilannya ga penting. yg penting dia dekat dan bbagi dgn rakyatnya,penampilannya tidak penting yang penting dia dekat dan bbagi dengan rakyatnya
pengadaan mobil dinas gubernur kaltim,https://www.tiktok.com/@sindonews/video/7611810371535375633,@sindonews,@hasni.raihan,https://www.tiktok.com/@hasni.raihan,penampilannya bagus dan wibawa,0,penampilannya bagus dan wibawa,penampilannya bagus dan wibawa
pengadaan mobil dinas gubernur kaltim,https://www.tiktok.com/@sindonews/video/7611810371535375633,@sindonews,@ree_aree_,https://www.tiktok.com/@ree_aree_,Rudy Mas'ud - Gubernur Kaltim.. Hasanuddin Mas'ud (kakak nya) - ketua DPRD Kaltim.. Rahmad Mas'ud (kakak nya) - walikota Balikpapan.. Sarifah Suraidah (istri nya) - komisi VI DPR RI (Golkar).. Abdul Gafur Mas'ud (adik nya) - bupati Penajam Paser Utara (OTT KPK 2022 nih) 2-28,85,Rudy Mas'ud - Gubernur Kaltim.. Hasanuddin Mas'ud (kakak nya) - ketua DPRD Kaltim.. Rahmad Mas'ud (kakak nya) - walikota Balikpapan.. Sarifah Suraidah (istri nya) - komisi VI DPR RI (Golkar).. Abdul Gafur Mas'ud (adik nya) - bupati Penajam Paser Utara (OTT KPK 2022 nih) 2-28,rudy mas ud gubernur kaltim hasanuddin mas ud kakak nya ketua dprd kaltim rahmad mas ud kakak nya walikota balikpapan sarifah suraidah istri nya komisi vi dpr ri golkar abdul gafur mas ud adik nya bupati penajam paser utara ott kpk 2022 nih 2 28
pengadaan mobil dinas gubernur kaltim,https://www.tiktok.com/@sindonews/video/7611810371535375633,@sindonews,@6tripel5,https://www.tiktok.com/@6tripel5,kalau menurutku yg penting dia baik sih... mau dia pakai apa itu hak dia...yg pnting trttp ngk pakai baju renang trs turut dalan ... aku aja kl pakai baju suka2 aku penting terttp aku nymn dan seneng ...,3,kalau menurutku yg penting dia baik sih... mau dia pakai apa itu hak dia...yg pnting trttp ngk pakai baju renang trs turut dalan ... aku aja kl pakai baju suka2 aku penting terttp aku nymn dan seneng ...,kalau menurutku yang penting dia baik sih mau dia pakai apa itu hak dia yang pnting trttp ngk pakai baju renang trs turut dalan aku saja kalau pakai baju suka2 aku penting terttp aku nymn dan seneng
pengadaan mobil dinas gubernur kaltim,https://www.tiktok.com/@sindonews/video/7611810371535375633,@sindonews,@public_dark_system,https://www.tiktok.com/@public_dark_system,KPK mana KPK 2-28,258,KPK mana KPK 2-28,kpk mana kpk 2 28
pengadaan mobil dinas gubernur kaltim,https://www.tiktok.com/@sindonews/video/7611810371535375633,@sindonews,@meltri4321,https://www.tiktok.com/@meltri4321,keren laah ibu gubernuku.. 2-28,12,keren laah ibu gubernuku.. 2-28,keren laah ibu gubernuku 2 28
pengadaan mobil dinas gubernur kaltim,https://www.tiktok.com/@sindonews/video/7611810371535375633,@sindonews,@paracetamol_ctm,https://www.tiktok.com/@paracetamol_ctm,"klo menurutq, selama beliau kerja nya udh bener, soal gaya dan stylist bebas aja sih, py ciri khas sndr 3-3",50,"klo menurutq, selama beliau kerja nya udh bener, soal gaya dan stylist bebas aja sih, py ciri khas sndr 3-3",kalau menurutq selama beliau kerja nya udh bener soal gaya dan stylist bebas saja sih py ciri khas sndr 3 3
pengadaan mobil dinas gubernur kaltim,https://www.tiktok.com/@sindonews/video/7611810371535375633,@sindonews,@nestripurwanti,https://www.tiktok.com/@nestripurwanti,aku kesini gara gara lewat lagu gurbernur Kaltim 🤭 5-11,11,aku kesini gara gara lewat lagu gurbernur Kaltim 🤭 5-11,aku kesini gara gara lewat lagu gurbernur kaltim 5 11
pengadaan mobil dinas gubernur kaltim,https://www.tiktok.com/@sindonews/video/7611810371535375633,@sindonews,@user985588728,https://www.tiktok.com/@user985588728,orangnya unik nyentrik kalo baik gak papa sih.. duit2 dia sendiri yg penting gak korupsi sih bagiku aman2 saja.. pakaiannya wlpun agak lain tp sopan. 3-19,27,orangnya unik nyentrik kalo baik gak papa sih.. duit2 dia sendiri yg penting gak korupsi sih bagiku aman2 saja.. pakaiannya wlpun agak lain tp sopan. 3-19,orangnya unik nyentrik kalo baik tidak papa sih duit2 dia sendiri yang penting tidak korupsi sih bagiku aman2 saja pakaiannya wlpun agak lain tapi sopan 3 19
pengadaan mobil dinas gubernur kaltim,https://www.tiktok.com/@sindonews/video/7611810371535375633,@sindonews,@rini.shandi,https://www.tiktok.com/@rini.shandi,Betul soal gaya mah bebas tak jdi soal 5-6,17,Betul soal gaya mah bebas tak jdi soal 5-6,betul soal gaya mah bebas tak jdi soal 5 6
pengadaan mobil dinas gubernur kaltim,https://www.tiktok.com/@sindonews/video/7611810371535375633,@sindonews,@wahyu.tri.larasat1,https://www.tiktok.com/@wahyu.tri.larasat1,"fashionable itu hak beliau,tp ngga pas di situasi ekonomi global yg baru hancur saat ini,plgi TDK pas pemakaian dng kondisi tempat yg di kunjungi 3-3",5,"fashionable itu hak beliau,tp ngga pas di situasi ekonomi global yg baru hancur saat ini,plgi TDK pas pemakaian dng kondisi tempat yg di kunjungi 3-3",fashionable itu hak beliau tapi ngga pas di situasi ekonomi global yang baru hancur saat ini plgi tidak pas pemakaian dng kondisi tempat yang di kunjungi 3 3
pengadaan mobil dinas gubernur kaltim,https://www.tiktok.com/@sindonews/video/7611810371535375633,@sindonews,@miracletiktok91,https://www.tiktok.com/@miracletiktok91,njir kek bos di residen evil 8 3-4,36,njir kek bos di residen evil 8 3-4,njir kek bos di residen evil 8 3 4
pengadaan mobil dinas gubernur kaltim,https://www.tiktok.com/@sindonews/video/7611810371535375633,@sindonews,@aninani26_,https://www.tiktok.com/@aninani26_,apapun yng terlalu berlebihan itu kurang baiik... pesennya terlalu mewah ... tidak sesuai dengan keadaan rakyatnya .... 3-3,29,apapun yng terlalu berlebihan itu kurang baiik... pesennya terlalu mewah ... tidak sesuai dengan keadaan rakyatnya .... 3-3,apapun yng terlalu berlebihan itu kurang baiik pesennya terlalu mewah tidak sesuai dengan keadaan rakyatnya 3 3
pengadaan mobil dinas gubernur kaltim,https://www.tiktok.com/@sindonews/video/7611810371535375633,@sindonews,@bocorhalus_.00,https://www.tiktok.com/@bocorhalus_.00,Menurut aku itu wajar ah seorang istri gubernur. Mungkin sebelom nya punya usaha yng belom pernah orang tau 🙏 maaf klau salah 5-11,1,Menurut aku itu wajar ah seorang istri gubernur. Mungkin sebelom nya punya usaha yng belom pernah orang tau 🙏 maaf klau salah 5-11,menurut aku itu wajar ah seorang istri gubernur mungkin sebelom nya punya usaha yng belom pernah orang tau maaf klau salah 5 11
pengadaan mobil dinas gubernur kaltim,https://www.tiktok.com/@sindonews/video/7611810371535375633,@sindonews,@i.fawaz0,https://www.tiktok.com/@i.fawaz0,gara2 lagu q kesini krn penasaran..😬 5-10,8,gara2 lagu q kesini krn penasaran..😬 5-10,gara2 lagu q kesini karena penasaran 5 10
pengadaan mobil dinas gubernur kaltim,https://www.tiktok.com/@sindonews/video/7611810371535375633,@sindonews,@alitapena0,https://www.tiktok.com/@alitapena0,kalo di tempatku suka banyak di sawah pas padi udah berbuah biasaNya buat nakutin burung 3-7,6,kalo di tempatku suka banyak di sawah pas padi udah berbuah biasaNya buat nakutin burung 3-7,kalo di tempatku suka banyak di sawah pas padi udah berbuah biasanya buat nakutin burung 3 7
pengadaan mobil dinas gubernur kaltim,https://www.tiktok.com/@beritakukar/video/7612310183590530324,@beritakukar,@azzamgemul55,https://www.tiktok.com/@azzamgemul55,yaqin ta semua daerah kaltim pernah d kunjungi 4-13,28,yaqin ta semua daerah kaltim pernah d kunjungi 4-13,yaqin ta semua daerah kaltim pernah d kunjungi 4 13
pengadaan mobil dinas gubernur kaltim,https://www.tiktok.com/@beritakukar/video/7612310183590530324,@beritakukar,@tiktokerkece7,https://www.tiktok.com/@tiktokerkece7,medannya berat karena ga bangun jalannya makanya makin banyak lumpur 4-12,0,medannya berat karena ga bangun jalannya makanya makin banyak lumpur 4-12,medannya berat karena tidak bangun jalannya makanya makin banyak lumpur 4 12
pengadaan mobil dinas gubernur kaltim,https://www.tiktok.com/@beritakukar/video/7612310183590530324,@beritakukar,@dennykopi1,https://www.tiktok.com/@dennykopi1,bukan untuk kepentingan pribadi tp di pakai pribadi 😂 3-3,6,bukan untuk kepentingan pribadi tp di pakai pribadi 😂 3-3,bukan untuk kepentingan pribadi tapi di pakai pribadi 3 3
pengadaan mobil dinas gubernur kaltim,https://www.tiktok.com/@beritakukar/video/7612310183590530324,@beritakukar,@zambudisusilo42,https://www.tiktok.com/@zambudisusilo42,yg udah tau cara lapor ada dugaan gratifikasi atau korupsi ayo lapor ke KPK... biar cpat di usut .... 3-6,11,yg udah tau cara lapor ada dugaan gratifikasi atau korupsi ayo lapor ke KPK... biar cpat di usut .... 3-6,yang udah tau cara lapor ada dugaan gratifikasi atau korupsi ayo lapor ke kpk biar cpat di usut 3 6
pengadaan mobil dinas gubernur kaltim,https://www.tiktok.com/@beritakukar/video/7612310183590530324,@beritakukar,@indra_s61,https://www.tiktok.com/@indra_s61,"pake Triton aja cukup, segala minta yg harga 8,5m mau di buat iclik kah🤣🤣 3-3",12,"pake Triton aja cukup, segala minta yg harga 8,5m mau di buat iclik kah🤣🤣 3-3",pake triton saja cukup segala minta yang harga 8 5m mau di buat iclik kah 3 3
pengadaan mobil dinas gubernur kaltim,https://www.tiktok.com/@beritakukar/video/7612310183590530324,@beritakukar,@haryonoanwar07,https://www.tiktok.com/@haryonoanwar07,Triton itu double gardan .. 4-23,2,Triton itu double gardan .. 4-23,triton itu double gardan 4 23
pengadaan mobil dinas gubernur kaltim,https://www.tiktok.com/@beritakukar/video/7612310183590530324,@beritakukar,@rhanputra07,https://www.tiktok.com/@rhanputra07,mantap ini la salah satu contoh manfaat uang pajak 3-3,0,mantap ini la salah satu contoh manfaat uang pajak 3-3,mantap ini la salah satu contoh manfaat uang pajak 3 3
pengadaan mobil dinas gubernur kaltim,https://www.tiktok.com/@beritakukar/video/7612310183590530324,@beritakukar,@petrus77.kuwer21,https://www.tiktok.com/@petrus77.kuwer21,kroni nyavya tetap bela dia lah 3-3,0,kroni nyavya tetap bela dia lah 3-3,kroni nyavya tetap bela dia lah 3 3
pengadaan mobil dinas gubernur kaltim,https://www.tiktok.com/@beritakukar/video/7612310183590530324,@beritakukar,@m.mahful,https://www.tiktok.com/@m.mahful,staff ahli tapi udah kaya jubir/wagub. 4-17,0,staff ahli tapi udah kaya jubir/wagub. 4-17,staff ahli tapi udah kaya jubir wagub 4 17
pengadaan mobil dinas gubernur kaltim,https://www.tiktok.com/@beritakukar/video/7612310183590530324,@beritakukar,@user9875935317875,https://www.tiktok.com/@user9875935317875,"perlu diusut semua proyek, pasti ada indikasi tim sukses 3-3",0,"perlu diusut semua proyek, pasti ada indikasi tim sukses 3-3",perlu diusut semua proyek pasti ada indikasi tim sukses 3 3
pengadaan mobil dinas gubernur kaltim,https://www.tiktok.com/@beritakukar/video/7612310183590530324,@beritakukar,@lidi4774,https://www.tiktok.com/@lidi4774,udah ketakutan sama KPK. 3-2,0,udah ketakutan sama KPK. 3-2,udah ketakutan sama kpk 3 2
pengadaan mobil dinas gubernur kaltim,https://www.tiktok.com/@beritakukar/video/7612310183590530324,@beritakukar,@parianto.anto0,https://www.tiktok.com/@parianto.anto0,Darno no.nda usah dibela no 3-9,0,Darno no.nda usah dibela no 3-9,darno no nda usah dibela no 3 9
pengadaan mobil dinas gubernur kaltim,https://www.tiktok.com/@beritakukar/video/7612310183590530324,@beritakukar,@pasoepati69,https://www.tiktok.com/@pasoepati69,ini lucu juga seharusnya jalanya di perbaiki kalau jalan bagus pake mobil grenmax ajah terasa pake perari 😏,0,ini lucu juga seharusnya jalanya di perbaiki kalau jalan bagus pake mobil grenmax ajah terasa pake perari 😏,ini lucu juga seharusnya jalanya di perbaiki kalau jalan bagus pake mobil grenmax ajah terasa pake perari
pengadaan mobil dinas gubernur kaltim,https://www.tiktok.com/@beritakukar/video/7612310183590530324,@beritakukar,@julakdalapan,https://www.tiktok.com/@julakdalapan,padahal sadar medannya luar biasa berat 🗿 4-17,0,padahal sadar medannya luar biasa berat 🗿 4-17,padahal sadar medannya luar biasa berat 4 17
pengadaan mobil dinas gubernur kaltim,https://www.tiktok.com/@beritakukar/video/7612310183590530324,@beritakukar,@wongtsugie2,https://www.tiktok.com/@wongtsugie2,"jadi Mobil 8,5M lebih penting ketimbang mengaspal akses jalan² yg rusak.??? 3-2",1,"jadi Mobil 8,5M lebih penting ketimbang mengaspal akses jalan² yg rusak.??? 3-2",jadi mobil 8 5m lebih penting ketimbang mengaspal akses jalan yang rusak 3 2
pengadaan mobil dinas gubernur kaltim,https://www.tiktok.com/@beritakukar/video/7612310183590530324,@beritakukar,@sonyakhbar5,https://www.tiktok.com/@sonyakhbar5,"Ngapo di pulangke, mana KPK usut tuntas 3-2",1,"Ngapo di pulangke, mana KPK usut tuntas 3-2",ngapo di pulangke mana kpk usut tuntas 3 2
pengadaan mobil dinas gubernur kaltim,https://www.tiktok.com/@beritakukar/video/7612310183590530324,@beritakukar,@y_noooke,https://www.tiktok.com/@y_noooke,kalau bukan untuk kepentingan pribadi lha trus untuk kepentingan siapa😄 3-3,0,kalau bukan untuk kepentingan pribadi lha trus untuk kepentingan siapa😄 3-3,kalau bukan untuk kepentingan pribadi lha trus untuk kepentingan siapa 3 3
pengadaan mobil dinas gubernur kaltim,https://www.tiktok.com/@beritakukar/video/7612310183590530324,@beritakukar,@p.edy.dipo,https://www.tiktok.com/@p.edy.dipo,Rakyat kecil perlu jalan yg mulus untuk menunjang ekonomi rakyat kecil lebih bergairah 3-2,0,Rakyat kecil perlu jalan yg mulus untuk menunjang ekonomi rakyat kecil lebih bergairah 3-2,rakyat kecil perlu jalan yang mulus untuk menunjang ekonomi rakyat kecil lebih bergairah 3 2
pengadaan mobil dinas gubernur kaltim,https://www.tiktok.com/@beritakukar/video/7612310183590530324,@beritakukar,@ubur.ubur.ikan.le62,https://www.tiktok.com/@ubur.ubur.ikan.le62,MENDINGAN ASES JALANNYA SAJA DI PERBAIKI 4-25,0,MENDINGAN ASES JALANNYA SAJA DI PERBAIKI 4-25,mendingan ases jalannya saja di perbaiki 4 25
pengadaan mobil dinas gub kaltim,https://www.tiktok.com/@mata_publik_/video/7608632050790239495,@mata_publik_,@bang_roy_89,https://www.tiktok.com/@bang_roy_89,perbaiki jalannya bossku biar tdk perlu beli mobil yg mahal. coba dana 8 milyar itu digunakan untuk perbaikan jalan pasti lbh manfaat. sisanya 500 Juta utk mobil Bpk Gubernur. yang komen setuju... mana jempolnya ??? 2-24,14,perbaiki jalannya bossku biar tdk perlu beli mobil yg mahal. coba dana 8 milyar itu digunakan untuk perbaikan jalan pasti lbh manfaat. sisanya 500 Juta utk mobil Bpk Gubernur. yang komen setuju... mana jempolnya ??? 2-24,perbaiki jalannya bossku biar tidak perlu beli mobil yang mahal coba dana 8 milyar itu digunakan untuk perbaikan jalan pasti lbh manfaat sisanya 500 juta untuk mobil bpk gubernur yang komen setuju mana jempolnya 2 24
pengadaan mobil dinas gub kaltim,https://www.tiktok.com/@mata_publik_/video/7608632050790239495,@mata_publik_,@adi_permadi,https://www.tiktok.com/@adi_permadi,"kan gratis kalo sdh tdk menjabat mobilnya lsng untuk dia kan semua begitu,bupati wlikota dikalimantan mobil dinasnya paling rendah LC crk aja kalo tdk percya seluruh kalimantan,walaupun jalan nya banyak yg rusak yg penting saingan mobil,iyakan fakta 2-20",6,"kan gratis kalo sdh tdk menjabat mobilnya lsng untuk dia kan semua begitu,bupati wlikota dikalimantan mobil dinasnya paling rendah LC crk aja kalo tdk percya seluruh kalimantan,walaupun jalan nya banyak yg rusak yg penting saingan mobil,iyakan fakta 2-20",kan gratis kalo sdh tidak menjabat mobilnya lsng untuk dia kan semua begitu bupati wlikota dikalimantan mobil dinasnya paling rendah lc crk saja kalo tidak percya seluruh kalimantan walaupun jalan nya banyak yang rusak yang penting saingan mobil iyakan fakta 2 20
pengadaan mobil dinas gub kaltim,https://www.tiktok.com/@mata_publik_/video/7608632050790239495,@mata_publik_,@itox84._ae,https://www.tiktok.com/@itox84._ae,stop bayar Pajak 2-26,1,stop bayar Pajak 2-26,stop bayar pajak 2 26
pengadaan mobil dinas gub kaltim,https://www.tiktok.com/@mata_publik_/video/7608632050790239495,@mata_publik_,@ha041443,https://www.tiktok.com/@ha041443,"gini kalau gubernur nya hnya memikirkan diri sendiri ,bukan rakyat nya 2-21",2,"gini kalau gubernur nya hnya memikirkan diri sendiri ,bukan rakyat nya 2-21",gini kalau gubernur nya hnya memikirkan diri sendiri bukan rakyat nya 2 21
pengadaan mobil dinas gub kaltim,https://www.tiktok.com/@mata_publik_/video/7608632050790239495,@mata_publik_,@meidiah_saputri,https://www.tiktok.com/@meidiah_saputri,"Penasaran gaji pppk pemprov disana, brapa ya,,, klw mobilnya aja sgitu. Pasti lumayan gajinya disanaa. Kan apbd besar tuhhhhh😁 2-27",1,"Penasaran gaji pppk pemprov disana, brapa ya,,, klw mobilnya aja sgitu. Pasti lumayan gajinya disanaa. Kan apbd besar tuhhhhh😁 2-27",penasaran gaji pppk pemprov disana brapa ya klw mobilnya saja sgitu pasti lumayan gajinya disanaa kan apbd besar tuhhhhh 2 27
pengadaan mobil dinas gub kaltim,https://www.tiktok.com/@mata_publik_/video/7608632050790239495,@mata_publik_,@ahmad.gafin6,https://www.tiktok.com/@ahmad.gafin6,aduhh bukannya benerin jalan ya malah beli mobil yg harganya bisa benerin jalan 2-26,2,aduhh bukannya benerin jalan ya malah beli mobil yg harganya bisa benerin jalan 2-26,aduhh bukannya benerin jalan ya malah beli mobil yang harganya bisa benerin jalan 2 26
pengadaan mobil dinas gub kaltim,https://www.tiktok.com/@mata_publik_/video/7608632050790239495,@mata_publik_,@lufiluv,https://www.tiktok.com/@lufiluv,"contoh nyari pemimpin rakyat bukan untuk mementingkan rakyatnya,😂 2-22",1,"contoh nyari pemimpin rakyat bukan untuk mementingkan rakyatnya,😂 2-22",contoh nyari pemimpin rakyat bukan untuk mementingkan rakyatnya 2 22
pengadaan mobil dinas gub kaltim,https://www.tiktok.com/@mata_publik_/video/7608632050790239495,@mata_publik_,@zidansempoi,https://www.tiktok.com/@zidansempoi,untuk kepentingan rakyat ❌ Untuk kepentingan diri sendiri ✅ 2-26,3,untuk kepentingan rakyat ❌ Untuk kepentingan diri sendiri ✅ 2-26,untuk kepentingan rakyat untuk kepentingan diri sendiri 2 26
pengadaan mobil dinas gub kaltim,https://www.tiktok.com/@mata_publik_/video/7608632050790239495,@mata_publik_,@renis_2410,https://www.tiktok.com/@renis_2410,Jalanan rusak =beli mobil baru 😂 2-23,1,Jalanan rusak =beli mobil baru 😂 2-23,jalanan rusak beli mobil baru 2 23
pengadaan mobil dinas gub kaltim,https://www.tiktok.com/@mata_publik_/video/7608632050790239495,@mata_publik_,@godok698,https://www.tiktok.com/@godok698,ciri korop 2-26,1,ciri korop 2-26,ciri korop 2 26
pengadaan mobil dinas gub kaltim,https://www.tiktok.com/@mata_publik_/video/7608632050790239495,@mata_publik_,@satria53337,https://www.tiktok.com/@satria53337,Beli ford kan bsa 1m an yg gampang dijalan tanah 2-21,1,Beli ford kan bsa 1m an yg gampang dijalan tanah 2-21,beli ford kan bsa 1m an yang gampang dijalan tanah 2 21
pengadaan mobil dinas gub kaltim,https://www.tiktok.com/@mata_publik_/video/7608632050790239495,@mata_publik_,@ezracoy76,https://www.tiktok.com/@ezracoy76,Sopir ya simya ambil di kelurahan pang 2-23,1,Sopir ya simya ambil di kelurahan pang 2-23,sopir ya simya ambil di kelurahan pang 2 23
pengadaan mobil dinas gub kaltim,https://www.tiktok.com/@mata_publik_/video/7608632050790239495,@mata_publik_,@ca780112,https://www.tiktok.com/@ca780112,bukannya lebih baik anggaran mevvvah mobil utk bangun perbaiki jalan jalan ya.. 2-22,3,bukannya lebih baik anggaran mevvvah mobil utk bangun perbaiki jalan jalan ya.. 2-22,bukannya lebih baik anggaran mevvvah mobil untuk bangun perbaiki jalan jalan ya 2 22
pengadaan mobil dinas gub kaltim,https://www.tiktok.com/@mata_publik_/video/7608632050790239495,@mata_publik_,@nununghatta,https://www.tiktok.com/@nununghatta,"salut warganya berani demo 👍👍👍 padahal ketika bencana banjir si gub. telat respon, bnyak lokasi tambang liar ""adem ayem"" 2-25",0,"salut warganya berani demo 👍👍👍 padahal ketika bencana banjir si gub. telat respon, bnyak lokasi tambang liar ""adem ayem"" 2-25",salut warganya berani demo padahal ketika bencana banjir si gub telat respon bnyak lokasi tambang liar adem ayem 2 25
pengadaan mobil dinas gub kaltim,https://www.tiktok.com/@mata_publik_/video/7608632050790239495,@mata_publik_,@joniornuryusuf,https://www.tiktok.com/@joniornuryusuf,klu beli mobil semahal tu lebih baik bagusin tu jalan 2-25,1,klu beli mobil semahal tu lebih baik bagusin tu jalan 2-25,klu beli mobil semahal tu lebih baik bagusin tu jalan 2 25
pengadaan mobil dinas gub kaltim,https://www.tiktok.com/@mata_publik_/video/7608632050790239495,@mata_publik_,@amsprochannel,https://www.tiktok.com/@amsprochannel,jalannya di benerin bukan mobil y ganti yg mewah 2-28,0,jalannya di benerin bukan mobil y ganti yg mewah 2-28,jalannya di benerin bukan mobil y ganti yang mewah 2 28
pengadaan mobil dinas gub kaltim,https://www.tiktok.com/@mata_publik_/video/7608632050790239495,@mata_publik_,@lifeian,https://www.tiktok.com/@lifeian,"jalannya yang harus dibagusin, bukan malah mobilnya yang diganti bagus 😂 2-21",0,"jalannya yang harus dibagusin, bukan malah mobilnya yang diganti bagus 😂 2-21",jalannya yang harus dibagusin bukan malah mobilnya yang diganti bagus 2 21
pengadaan mobil dinas gub kaltim,https://www.tiktok.com/@mata_publik_/video/7608632050790239495,@mata_publik_,@travellagenggong,https://www.tiktok.com/@travellagenggong,seandainya dana 8.5 M untuk perbaiki jalan pasti tercukupi itu 2-21,0,seandainya dana 8.5 M untuk perbaiki jalan pasti tercukupi itu 2-21,seandainya dana 8 5 m untuk perbaiki jalan pasti tercukupi itu 2 21
pengadaan mobil dinas gub kaltim,https://www.tiktok.com/@mata_publik_/video/7608632050790239495,@mata_publik_,@MS4wLjABAAAAgzWQayqcPftcnPe8T6H1LkUsAwhElNHBMm2rEiaYq99Qj9PbFrc0YEaYSEak0bHA,https://www.tiktok.com/@MS4wLjABAAAAgzWQayqcPftcnPe8T6H1LkUsAwhElNHBMm2rEiaYq99Qj9PbFrc0YEaYSEak0bHA,masuk angin ini gubernur... 2-24,1,masuk angin ini gubernur... 2-24,masuk angin ini gubernur 2 24
pengadaan mobil dinas gub kaltim,https://www.tiktok.com/@mata_publik_/video/7608632050790239495,@mata_publik_,@qisyabidobido,https://www.tiktok.com/@qisyabidobido,Astagfirullahaladzim..... negeri ku kok hampir semua pejabatnya kek Gini ya😭 2-26,0,Astagfirullahaladzim..... negeri ku kok hampir semua pejabatnya kek Gini ya😭 2-26,astagfirullahaladzim negeri ku kok hampir semua pejabatnya kek gini ya 2 26
pengadaan mobil dinas kaltim,https://www.tiktok.com/@arnews91/video/7612104540015414548,@arnews91,@irfanudin217,https://www.tiktok.com/@irfanudin217,cukup satu kali saja 3-1,3,cukup satu kali saja 3-1,cukup satu kali saja 3 1
pengadaan mobil dinas kaltim,https://www.tiktok.com/@arnews91/video/7612104540015414548,@arnews91,@ahi25734,https://www.tiktok.com/@ahi25734,mobil presiden aja ngak segitu 3-1,1,mobil presiden aja ngak segitu 3-1,mobil presiden saja ngak segitu 3 1
pengadaan mobil dinas kaltim,https://www.tiktok.com/@arnews91/video/7612104540015414548,@arnews91,@landa.pa2,https://www.tiktok.com/@landa.pa2,Lanjut pilih ya🤣🤣🤣🤣 3-1,0,Lanjut pilih ya🤣🤣🤣🤣 3-1,lanjut pilih ya 3 1
pengadaan mobil dinas kaltim,https://www.tiktok.com/@arnews91/video/7612104540015414548,@arnews91,@wayan.suartika63,https://www.tiktok.com/@wayan.suartika63,"marwah kaltim hrs nya rakyt nya sejahtera dan infrastruktur nya bagus ,,itu baru good job 3-1",1,"marwah kaltim hrs nya rakyt nya sejahtera dan infrastruktur nya bagus ,,itu baru good job 3-1",marwah kaltim hrs nya rakyt nya sejahtera dan infrastruktur nya bagus itu baru good job 3 1
pengadaan mobil dinas kaltim,https://www.tiktok.com/@arnews91/video/7612104540015414548,@arnews91,@jhon.andes6,https://www.tiktok.com/@jhon.andes6,POLITIKUS harus seperti itu.... 3-1,1,POLITIKUS harus seperti itu.... 3-1,politikus harus seperti itu 3 1
pengadaan mobil dinas kaltim,https://www.tiktok.com/@relung.id/video/7611773381997890833,@relung.id,@repyy5,https://www.tiktok.com/@repyy5,malah foya foya..... 2-28,1,malah foya foya..... 2-28,malah foya foya 2 28
pengadaan mobil dinas kaltim,https://www.tiktok.com/@relung.id/video/7611773381997890833,@relung.id,@ukan122,https://www.tiktok.com/@ukan122,pantas aja jln ini gk baik kerena uang negara di belikan mobil usur kpk ☺️ 3-6,0,pantas aja jln ini gk baik kerena uang negara di belikan mobil usur kpk ☺️ 3-6,pantas saja jln ini tidak baik kerena uang negara di belikan mobil usur kpk 3 6
pengadaan mobil dinas kaltim,https://www.tiktok.com/@relung.id/video/7611773381997890833,@relung.id,@zakariazakra,https://www.tiktok.com/@zakariazakra,serakah. 3-16,0,serakah. 3-16,serakah 3 16
pengadaan mobil dinas kaltim,https://www.tiktok.com/@relung.id/video/7611773381997890833,@relung.id,@usripc13,https://www.tiktok.com/@usripc13,usut kpk 3-4,0,usut kpk 3-4,usut kpk 3 4
pengadaan mobil dinas kaltim,https://www.tiktok.com/@relung.id/video/7611773381997890833,@relung.id,@panglima_kijang_kencana,https://www.tiktok.com/@panglima_kijang_kencana,"Assalamualaikum buat kita semua. Wajar aja dia menikmati peselitas itu. Kerna dia juga berjuang berdarah darah berkorban harta benda"" baru bisa duduk jadi gubernur kaltim. KERNA ITU PILIHAN KALIAN JUGA DIA JADI PEJABAT DAN GUBERNUR KALTIM. LEBIH BAIK KITA SENERGI MEMBANGUN KALTIM. Jadi kita jangan membuli' menghujat dan gibahnya ya kawan. Seharusnya kita dukung program beliau agar maksimal membangun kaltim. Ingat kawan manusia itu tidak ada yang sempurna. DIA JUGA BERBUAT SEPERTI ITU. BUAT MASRAKAT KITA KALTIM. MENG""ANGKAT MARWAH WIBAWA DAN MENGENALKAN KALTIM ITU MEMANG KAYA. Santun lah kita ber tutur kata bahasa di sosial media sosmed. Kita tunjukkan ke dunia orang Kaltim punya ahlak adab dan sopan santun kawan...... 3-1",0,"Assalamualaikum buat kita semua. Wajar aja dia menikmati peselitas itu. Kerna dia juga berjuang berdarah darah berkorban harta benda"" baru bisa duduk jadi gubernur kaltim. KERNA ITU PILIHAN KALIAN JUGA DIA JADI PEJABAT DAN GUBERNUR KALTIM. LEBIH BAIK KITA SENERGI MEMBANGUN KALTIM. Jadi kita jangan membuli' menghujat dan gibahnya ya kawan. Seharusnya kita dukung program beliau agar maksimal membangun kaltim. Ingat kawan manusia itu tidak ada yang sempurna. DIA JUGA BERBUAT SEPERTI ITU. BUAT MASRAKAT KITA KALTIM. MENG""ANGKAT MARWAH WIBAWA DAN MENGENALKAN KALTIM ITU MEMANG KAYA. Santun lah kita ber tutur kata bahasa di sosial media sosmed. Kita tunjukkan ke dunia orang Kaltim punya ahlak adab dan sopan santun kawan...... 3-1",assalamualaikum buat kita semua wajar saja dia menikmati peselitas itu kerna dia juga berjuang berdarah darah berkorban harta benda baru bisa duduk jadi gubernur kaltim kerna itu pilihan kalian juga dia jadi pejabat dan gubernur kaltim lebih baik kita senergi membangun kaltim jadi kita jangan membuli menghujat dan gibahnya ya kawan seharusnya kita dukung program beliau agar maksimal membangun kaltim ingat kawan manusia itu tidak ada yang sempurna dia juga berbuat seperti itu buat masrakat kita kaltim meng angkat marwah wibawa dan mengenalkan kaltim itu memang kaya santun lah kita ber tutur kata bahasa di sosial media sosmed kita tunjukkan ke dunia orang kaltim punya ahlak adab dan sopan santun kawan 3 1
pengadaan mobil dinas kaltim,https://www.tiktok.com/@relung.id/video/7611773381997890833,@relung.id,@ukiesandy3,https://www.tiktok.com/@ukiesandy3,lacau kaltim penentu kebijakan gub bersaudara 3-9,0,lacau kaltim penentu kebijakan gub bersaudara 3-9,lacau kaltim penentu kebijakan gub bersaudara 3 9
pengadaan mobil dinas kaltim,https://www.tiktok.com/@relung.id/video/7611773381997890833,@relung.id,@arilsamsung778,https://www.tiktok.com/@arilsamsung778,korop 1 kluarga pjbat nys 3-9,0,korop 1 kluarga pjbat nys 3-9,korop 1 kluarga pjbat nys 3 9
pengadaan mobil dinas gubernur kaltim 8 5 miliar,https://www.tiktok.com/@kumparan/video/7626011966401694997,@kumparan,@rival.ristiawan,https://www.tiktok.com/@rival.ristiawan,ga logis dong rumah dinasnya cakep yg nempatin jelek 4-7 27.4K,,ga logis dong rumah dinasnya cakep yg nempatin jelek 4-7 27.4K,tidak logis dong rumah dinasnya cakep yang nempatin jelek 4 7 27 4k
pengadaan mobil dinas gubernur kaltim 8 5 miliar,https://www.tiktok.com/@kumparan/video/7626011966401694997,@kumparan,@rheiiiio,https://www.tiktok.com/@rheiiiio,ini serius KPK gak curiga??? 4-7 12.2K,,ini serius KPK gak curiga??? 4-7 12.2K,ini serius kpk tidak curiga 4 7 12 2k
pengadaan mobil dinas gubernur kaltim 8 5 miliar,https://www.tiktok.com/@kumparan/video/7626011966401694997,@kumparan,@gamashhh,https://www.tiktok.com/@gamashhh,cara ngomongnya ngeselin sumpah 4-8,2739,cara ngomongnya ngeselin sumpah 4-8,cara ngomongnya ngeselin sumpah 4 8
pengadaan mobil dinas gubernur kaltim 8 5 miliar,https://www.tiktok.com/@kumparan/video/7626011966401694997,@kumparan,@raja_sate_1922,https://www.tiktok.com/@raja_sate_1922,Gubernur tertaik di indonesia 4-8,1771,Gubernur tertaik di indonesia 4-8,gubernur tertaik di indonesia 4 8
pengadaan mobil dinas gubernur kaltim 8 5 miliar,https://www.tiktok.com/@kumparan/video/7626011966401694997,@kumparan,@sudarsongaurifa,https://www.tiktok.com/@sudarsongaurifa,"25M ?,ga masuk logika 4-7",4884,"25M ?,ga masuk logika 4-7",25m tidak masuk logika 4 7
pengadaan mobil dinas gubernur kaltim 8 5 miliar,https://www.tiktok.com/@kumparan/video/7626011966401694997,@kumparan,@jangkrikbos555,https://www.tiktok.com/@jangkrikbos555,apa kerja nya orang ini? 4-7,727,apa kerja nya orang ini? 4-7,apa kerja nya orang ini 4 7
pengadaan mobil dinas gubernur kaltim 8 5 miliar,https://www.tiktok.com/@kumparan/video/7626011966401694997,@kumparan,@yoandi.to,https://www.tiktok.com/@yoandi.to,kesel bgt liat dia ngomong 4-7,4547,kesel bgt liat dia ngomong 4-7,kesel banget liat dia ngomong 4 7
pengadaan mobil dinas gubernur kaltim 8 5 miliar,https://www.tiktok.com/@kumparan/video/7626011966401694997,@kumparan,@rrhmynttii,https://www.tiktok.com/@rrhmynttii,Tapi serius lo ngomong nya manis tertata dan sopan 😂 4-8,368,Tapi serius lo ngomong nya manis tertata dan sopan 😂 4-8,tapi serius lo ngomong nya manis tertata dan sopan 4 8
pengadaan mobil dinas gubernur kaltim 8 5 miliar,https://www.tiktok.com/@kumparan/video/7626011966401694997,@kumparan,@hahyy003,https://www.tiktok.com/@hahyy003,1. mobil 8M 2. renovasi rumah 25M 3. ponakannya di angkat jd ketua note : SEMUA BISA DI PERTANGGUNG JAWABKAN KARNA SEMUA SESUAI DENGAN S.O.P the reall menjalankan s.o.p demi menjaga marwah sesuai kebutuhan keluarga pribadi 4-8,360,1. mobil 8M 2. renovasi rumah 25M 3. ponakannya di angkat jd ketua note : SEMUA BISA DI PERTANGGUNG JAWABKAN KARNA SEMUA SESUAI DENGAN S.O.P the reall menjalankan s.o.p demi menjaga marwah sesuai kebutuhan keluarga pribadi 4-8,1 mobil 8m 2 renovasi rumah 25m 3 ponakannya di angkat jd ketua note semua bisa di pertanggung jawabkan karna semua sesuai dengan s o p the reall menjalankan s o p demi menjaga marwah sesuai kebutuhan keluarga pribadi 4 8
pengadaan mobil dinas gubernur kaltim 8 5 miliar,https://www.tiktok.com/@kumparan/video/7626011966401694997,@kumparan,@afifahgzl,https://www.tiktok.com/@afifahgzl,"masa rumah dinas bagus2 yg nempatin jelek, jangan donk.. 4-7",256,"masa rumah dinas bagus2 yg nempatin jelek, jangan donk.. 4-7",masa rumah dinas bagus2 yang nempatin jelek jangan donk 4 7
pengadaan mobil dinas gubernur kaltim 8 5 miliar,https://www.tiktok.com/@kumparan/video/7626011966401694997,@kumparan,@capekcuy5,https://www.tiktok.com/@capekcuy5,dia dari partai mana 4-7,12,dia dari partai mana 4-7,dia dari partai mana 4 7
pengadaan mobil dinas gubernur kaltim 8 5 miliar,https://www.tiktok.com/@kumparan/video/7626011966401694997,@kumparan,@yudiaja____,https://www.tiktok.com/@yudiaja____,tiap dia ngmong kiamat maju 1 menit 4-7,162,tiap dia ngmong kiamat maju 1 menit 4-7,tiap dia ngmong kiamat maju 1 menit 4 7
pengadaan mobil dinas gubernur kaltim 8 5 miliar,https://www.tiktok.com/@kumparan/video/7626011966401694997,@kumparan,@calak_gb,https://www.tiktok.com/@calak_gb,tangannya biasa aja dong pak😁 4-8,2,tangannya biasa aja dong pak😁 4-8,tangannya biasa saja dong pak 4 8
pengadaan mobil dinas gubernur kaltim 8 5 miliar,https://www.tiktok.com/@kumparan/video/7626011966401694997,@kumparan,@jopann42,https://www.tiktok.com/@jopann42,lama lama mirip sahroni dahh 4-7,363,lama lama mirip sahroni dahh 4-7,lama lama mirip sahroni dahh 4 7
pengadaan mobil dinas gubernur kaltim 8 5 miliar,https://www.tiktok.com/@kumparan/video/7626011966401694997,@kumparan,@jujuresubun,https://www.tiktok.com/@jujuresubun,"2M aja uda segede,gaban apa lagi 25 biji 4-7",6,"2M aja uda segede,gaban apa lagi 25 biji 4-7",2m saja uda segede gaban apa lagi 25 biji 4 7
pengadaan mobil dinas gubernur kaltim 8 5 miliar,https://www.tiktok.com/@kumparan/video/7626011966401694997,@kumparan,@empiphapipah13,https://www.tiktok.com/@empiphapipah13,Ntah knpa gue liat dari cara dia ngmng dan mimik nya nyebelin bgt 4-21,8,Ntah knpa gue liat dari cara dia ngmng dan mimik nya nyebelin bgt 4-21,ntah knpa gue liat dari cara dia ngmng dan mimik nya nyebelin banget 4 21
pengadaan mobil dinas gubernur kaltim 8 5 miliar,https://www.tiktok.com/@kumparan/video/7626011966401694997,@kumparan,@ky62281,https://www.tiktok.com/@ky62281,setiap dia bicara kiamat maju 2 hari 4-9,18,setiap dia bicara kiamat maju 2 hari 4-9,setiap dia bicara kiamat maju 2 hari 4 9
pengadaan mobil dinas gubernur kaltim 8 5 miliar,https://www.tiktok.com/@kumparan/video/7626011966401694997,@kumparan,@bulllynxx,https://www.tiktok.com/@bulllynxx,cukup 1 periode 4-8,23,cukup 1 periode 4-8,cukup 1 periode 4 8
pengadaan mobil dinas gubernur kaltim 8 5 miliar,https://www.tiktok.com/@kumparan/video/7626011966401694997,@kumparan,@amsyari,https://www.tiktok.com/@amsyari,yg milih dia siapa sih 4-22,4,yg milih dia siapa sih 4-22,yang milih dia siapa sih 4 22
pengadaan mobil dinas gubernur kaltim 8 5 miliar,https://www.tiktok.com/@kumparan/video/7626011966401694997,@kumparan,@ikieardian,https://www.tiktok.com/@ikieardian,mulanya ngeselin banget si 4-23,6,mulanya ngeselin banget si 4-23,mulanya ngeselin banget si 4 23
"pengadaan mobil dinas gubernur kaltim 8,5 miliar",https://www.tiktok.com/@kompastv_jateng/video/7613321888445615381,@kompastv_jateng,@rindu_dikalasenja,https://www.tiktok.com/@rindu_dikalasenja,kok dikembalikan jangan dooong😂😂😂 3-5,1362,kok dikembalikan jangan dooong😂😂😂 3-5,kok dikembalikan jangan dooong 3 5
"pengadaan mobil dinas gubernur kaltim 8,5 miliar",https://www.tiktok.com/@kompastv_jateng/video/7613321888445615381,@kompastv_jateng,@yummiiii521,https://www.tiktok.com/@yummiiii521,tombol reset Kaltim 3-5,2629,tombol reset Kaltim 3-5,tombol reset kaltim 3 5
"pengadaan mobil dinas gubernur kaltim 8,5 miliar",https://www.tiktok.com/@kompastv_jateng/video/7613321888445615381,@kompastv_jateng,@platkt9999,https://www.tiktok.com/@platkt9999,Masa sih 🤣 3-6,759,Masa sih 🤣 3-6,masa sih 3 6
"pengadaan mobil dinas gubernur kaltim 8,5 miliar",https://www.tiktok.com/@kompastv_jateng/video/7613321888445615381,@kompastv_jateng,@ernandez212,https://www.tiktok.com/@ernandez212,Serius ini ga di edit 3-6,172,Serius ini ga di edit 3-6,serius ini tidak di edit 3 6
"pengadaan mobil dinas gubernur kaltim 8,5 miliar",https://www.tiktok.com/@kompastv_jateng/video/7613321888445615381,@kompastv_jateng,@jawaselatan5,https://www.tiktok.com/@jawaselatan5,yg repot masyarakat d luar kalti. knp masyarakt kaltim diam? 3-5,220,yg repot masyarakat d luar kalti. knp masyarakt kaltim diam? 3-5,yang repot masyarakat d luar kalti knp masyarakt kaltim diam 3 5
"pengadaan mobil dinas gubernur kaltim 8,5 miliar",https://www.tiktok.com/@kompastv_jateng/video/7613321888445615381,@kompastv_jateng,@starwowx,https://www.tiktok.com/@starwowx,kpk tolong periksa gubernurnya 👍👍👍👍👍👍👍👍 3-5,587,kpk tolong periksa gubernurnya 👍👍👍👍👍👍👍👍 3-5,kpk tolong periksa gubernurnya 3 5
"pengadaan mobil dinas gubernur kaltim 8,5 miliar",https://www.tiktok.com/@kompastv_jateng/video/7613321888445615381,@kompastv_jateng,@hengkyloem,https://www.tiktok.com/@hengkyloem,takut di periksa kpk 3-5,699,takut di periksa kpk 3-5,takut di periksa kpk 3 5
"pengadaan mobil dinas gubernur kaltim 8,5 miliar",https://www.tiktok.com/@kompastv_jateng/video/7613321888445615381,@kompastv_jateng,@storytiktok6077,https://www.tiktok.com/@storytiktok6077,info takjil 3-5,494,info takjil 3-5,info takjil 3 5
"pengadaan mobil dinas gubernur kaltim 8,5 miliar",https://www.tiktok.com/@kompastv_jateng/video/7613321888445615381,@kompastv_jateng,@candra.fahmi,https://www.tiktok.com/@candra.fahmi,"Gubernur kaltim ini org paling kuat se Indonesia, bahkan KpK dan kejaksaan pun g mampu menyentuhnya 3-5",50,"Gubernur kaltim ini org paling kuat se Indonesia, bahkan KpK dan kejaksaan pun g mampu menyentuhnya 3-5",gubernur kaltim ini org paling kuat se indonesia bahkan kpk dan kejaksaan pun g mampu menyentuhnya 3 5
"pengadaan mobil dinas gubernur kaltim 8,5 miliar",https://www.tiktok.com/@kompastv_jateng/video/7613321888445615381,@kompastv_jateng,@d0kter.0dgj,https://www.tiktok.com/@d0kter.0dgj,ngusap idung mulu wk 3-6,61,ngusap idung mulu wk 3-6,ngusap idung mulu wk 3 6
"pengadaan mobil dinas gubernur kaltim 8,5 miliar",https://www.tiktok.com/@kompastv_jateng/video/7613321888445615381,@kompastv_jateng,@satriaraynaldy,https://www.tiktok.com/@satriaraynaldy,demi Marwah kaltim 3-5,67,demi Marwah kaltim 3-5,demi marwah kaltim 3 5
"pengadaan mobil dinas gubernur kaltim 8,5 miliar",https://www.tiktok.com/@kompastv_jateng/video/7613321888445615381,@kompastv_jateng,@andrebung7,https://www.tiktok.com/@andrebung7,kelian percaya? 3-5,82,kelian percaya? 3-5,kelian percaya 3 5
"pengadaan mobil dinas gubernur kaltim 8,5 miliar",https://www.tiktok.com/@kompastv_jateng/video/7613321888445615381,@kompastv_jateng,@reskiyantofajar,https://www.tiktok.com/@reskiyantofajar,"apa iya...???🤣🤣🤣 aneh...🤣🤣🤣 mobil baru atau bekas...bisa dibalikin dan uangnya dikembalikan 8,5 M...100% ga percaya🤣🤣🤣 3-5",31,"apa iya...???🤣🤣🤣 aneh...🤣🤣🤣 mobil baru atau bekas...bisa dibalikin dan uangnya dikembalikan 8,5 M...100% ga percaya🤣🤣🤣 3-5",apa iya aneh mobil baru atau bekas bisa dibalikin dan uangnya dikembalikan 8 5 m 100 tidak percaya 3 5
"pengadaan mobil dinas gubernur kaltim 8,5 miliar",https://www.tiktok.com/@kompastv_jateng/video/7613321888445615381,@kompastv_jateng,@akuapalah32,https://www.tiktok.com/@akuapalah32,"8,5 M penunjukkan langsung? 3-4",31,"8,5 M penunjukkan langsung? 3-4",8 5 m penunjukkan langsung 3 4
"pengadaan mobil dinas gubernur kaltim 8,5 miliar",https://www.tiktok.com/@kompastv_jateng/video/7613321888445615381,@kompastv_jateng,@peci_logor,https://www.tiktok.com/@peci_logor,ko di kembalikan gmna donk Marwah gubernur Kaltim 3-6,54,ko di kembalikan gmna donk Marwah gubernur Kaltim 3-6,ko di kembalikan gmna donk marwah gubernur kaltim 3 6
"pengadaan mobil dinas gubernur kaltim 8,5 miliar",https://www.tiktok.com/@kompastv_jateng/video/7613321888445615381,@kompastv_jateng,@ereen899,https://www.tiktok.com/@ereen899,aneh gubernur kalian 3-5,21,aneh gubernur kalian 3-5,aneh gubernur kalian 3 5
"pengadaan mobil dinas gubernur kaltim 8,5 miliar",https://www.tiktok.com/@kompastv_jateng/video/7613321888445615381,@kompastv_jateng,@aditya_sukaryo05,https://www.tiktok.com/@aditya_sukaryo05,kenapa mau di kembalikan itu kan marwah kaltim😂😂😂😂. 3-5,6,kenapa mau di kembalikan itu kan marwah kaltim😂😂😂😂. 3-5,kenapa mau di kembalikan itu kan marwah kaltim 3 5
"pengadaan mobil dinas gubernur kaltim 8,5 miliar",https://www.tiktok.com/@kompastv_jateng/video/7613321888445615381,@kompastv_jateng,@hotman.juntak2,https://www.tiktok.com/@hotman.juntak2,warga Kaltim diam? 3-6,12,warga Kaltim diam? 3-6,warga kaltim diam 3 6
"pengadaan mobil dinas gubernur kaltim 8,5 miliar",https://www.tiktok.com/@kompastv_jateng/video/7613321888445615381,@kompastv_jateng,@gassecond,https://www.tiktok.com/@gassecond,JALANMU PERBAIKI WAHAI GUBERNUR OON 3-5,18,JALANMU PERBAIKI WAHAI GUBERNUR OON 3-5,jalanmu perbaiki wahai gubernur oon 3 5
"pengadaan mobil dinas gubernur kaltim 8,5 miliar",https://www.tiktok.com/@kompastv_jateng/video/7613321888445615381,@kompastv_jateng,@bobby88828,https://www.tiktok.com/@bobby88828,"pak gibran ae wakil presiden pakainya zenix, paling pol alphard atau land cruiser 300 itupun ga setiap hari pakainya 3-6",4,"pak gibran ae wakil presiden pakainya zenix, paling pol alphard atau land cruiser 300 itupun ga setiap hari pakainya 3-6",pak gibran ae wakil presiden pakainya zenix paling pol alphard atau land cruiser 300 itupun tidak setiap hari pakainya 3 6
"pengadaan mobil dinas gubernur kaltim 8,5 miliar",https://www.tiktok.com/@wglobalmedia/video/7610699657475329298,@wglobalmedia,@widjajanto88,https://www.tiktok.com/@widjajanto88,"marwah pejabat ditentukan keberhasilan dia mensejahterakan rakyatnya, bukan mempersolek diri sendiri 2-25",23,"marwah pejabat ditentukan keberhasilan dia mensejahterakan rakyatnya, bukan mempersolek diri sendiri 2-25",marwah pejabat ditentukan keberhasilan dia mensejahterakan rakyatnya bukan mempersolek diri sendiri 2 25
"pengadaan mobil dinas gubernur kaltim 8,5 miliar",https://www.tiktok.com/@wglobalmedia/video/7610699657475329298,@wglobalmedia,@rezkiabdulrahman,https://www.tiktok.com/@rezkiabdulrahman,presiden kira kira denger berita gini kh? 3-1,0,presiden kira kira denger berita gini kh? 3-1,presiden kira kira denger berita gini kh 3 1
"pengadaan mobil dinas gubernur kaltim 8,5 miliar",https://www.tiktok.com/@wglobalmedia/video/7610699657475329298,@wglobalmedia,@novi_sopandi,https://www.tiktok.com/@novi_sopandi,bapak minta aja sekalian pesawat pribadi atau air jet pribadi semakin menyala anggaran nya 2-25,5,bapak minta aja sekalian pesawat pribadi atau air jet pribadi semakin menyala anggaran nya 2-25,bapak minta saja sekalian pesawat pribadi atau air jet pribadi semakin menyala anggaran nya 2 25
"pengadaan mobil dinas gubernur kaltim 8,5 miliar",https://www.tiktok.com/@wglobalmedia/video/7610699657475329298,@wglobalmedia,@kaumangaragebwx,https://www.tiktok.com/@kaumangaragebwx,gilllllaaaaaaaaaaa 2-25,1,gilllllaaaaaaaaaaa 2-25,gilllllaaaaaaaaaaa 2 25
"pengadaan mobil dinas gubernur kaltim 8,5 miliar",https://www.tiktok.com/@wglobalmedia/video/7610699657475329298,@wglobalmedia,@papihicamadek,https://www.tiktok.com/@papihicamadek,gak layak dua periode 2-25,0,gak layak dua periode 2-25,tidak layak dua periode 2 25
"pengadaan mobil dinas gubernur kaltim 8,5 miliar",https://www.tiktok.com/@wglobalmedia/video/7610699657475329298,@wglobalmedia,@widodowidodo422,https://www.tiktok.com/@widodowidodo422,owalahh..gengsi di gedein.. 2-27,0,owalahh..gengsi di gedein.. 2-27,owalahh gengsi di gedein 2 27
"pengadaan mobil dinas gubernur kaltim 8,5 miliar",https://www.tiktok.com/@wglobalmedia/video/7610699657475329298,@wglobalmedia,@haryan_smith,https://www.tiktok.com/@haryan_smith,"definisi ""alakadar"" nya apa ya? 2-25",0,"definisi ""alakadar"" nya apa ya? 2-25",definisi alakadar nya apa ya 2 25
"pengadaan mobil dinas gubernur kaltim 8,5 miliar",https://www.tiktok.com/@wglobalmedia/video/7610699657475329298,@wglobalmedia,@naurafeniela,https://www.tiktok.com/@naurafeniela,sadar pak.. itu uang rakyat.. 2-26,0,sadar pak.. itu uang rakyat.. 2-26,sadar pak itu uang rakyat 2 26
"pengadaan mobil dinas gubernur kaltim 8,5 miliar",https://www.tiktok.com/@wglobalmedia/video/7610699657475329298,@wglobalmedia,@krupukmlemp,https://www.tiktok.com/@krupukmlemp,woiiiii...jalannya yg diperbaiki.malah beli mobil mewah 2-25,1,woiiiii...jalannya yg diperbaiki.malah beli mobil mewah 2-25,woiiiii jalannya yang diperbaiki malah beli mobil mewah 2 25
"pengadaan mobil dinas gubernur kaltim 8,5 miliar",https://www.tiktok.com/@wglobalmedia/video/7610699657475329298,@wglobalmedia,@spoiler_filem,https://www.tiktok.com/@spoiler_filem,ini yg pernah ngomong kdm gubernur kontent yah 2-25,1,ini yg pernah ngomong kdm gubernur kontent yah 2-25,ini yang pernah ngomong kdm gubernur kontent yah 2 25
"pengadaan mobil dinas gubernur kaltim 8,5 miliar",https://www.tiktok.com/@wglobalmedia/video/7610699657475329298,@wglobalmedia,@riki1402,https://www.tiktok.com/@riki1402,tuu dengerin ktA presiden pak. mbil RI 1 AJA 1 m cmn 3-20,0,tuu dengerin ktA presiden pak. mbil RI 1 AJA 1 m cmn 3-20,tuu dengerin kta presiden pak mbil ri 1 saja 1 m cmn 3 20
"pengadaan mobil dinas gubernur kaltim 8,5 miliar",https://www.tiktok.com/@wglobalmedia/video/7610699657475329298,@wglobalmedia,@edyjunedi97,https://www.tiktok.com/@edyjunedi97,kpk ko diem🤣🤣 2-26,0,kpk ko diem🤣🤣 2-26,kpk ko diem 2 26
"pengadaan mobil dinas gubernur kaltim 8,5 miliar",https://www.tiktok.com/@wglobalmedia/video/7610699657475329298,@wglobalmedia,@vio.verdianto,https://www.tiktok.com/@vio.verdianto,marwah yang buat cuman satu orang tapi dibilang seluruh provinsi wkwkw 2-25,0,marwah yang buat cuman satu orang tapi dibilang seluruh provinsi wkwkw 2-25,marwah yang buat cuman satu orang tapi dibilang seluruh provinsi wkwkw 2 25
"pengadaan mobil dinas gubernur kaltim 8,5 miliar",https://www.tiktok.com/@wglobalmedia/video/7610699657475329298,@wglobalmedia,@pandujuansyahcihvu,https://www.tiktok.com/@pandujuansyahcihvu,jam juga mahal itu weded korupsi terossssss 2-25,0,jam juga mahal itu weded korupsi terossssss 2-25,jam juga mahal itu weded korupsi terossssss 2 25
"pengadaan mobil dinas gubernur kaltim 8,5 miliar",https://www.tiktok.com/@wglobalmedia/video/7610699657475329298,@wglobalmedia,@boby_46,https://www.tiktok.com/@boby_46,Entoottt 2-25,0,Entoottt 2-25,entoottt 2 25
"pengadaan mobil dinas gubernur kaltim 8,5 miliar",https://www.tiktok.com/@wglobalmedia/video/7610699657475329298,@wglobalmedia,@user6229518541751,https://www.tiktok.com/@user6229518541751,capeeee..gw denger berita pejabat Konoha...ga sensitif sama rakyat nya 😂 2-25,0,capeeee..gw denger berita pejabat Konoha...ga sensitif sama rakyat nya 😂 2-25,capeeee gw denger berita pejabat konoha tidak sensitif sama rakyat nya 2 25
"pengadaan mobil dinas gubernur kaltim 8,5 miliar",https://www.tiktok.com/@ompro_autocaree/video/7614061884127317266,@lightson_pasaribu,@ariepriatna6,https://www.tiktok.com/@ariepriatna6,"salpok sm kata2 pak presiden....ini saudara,Ga papa ASAL DIPIMPIN YG BENER😁 3-8",184,"salpok sm kata2 pak presiden....ini saudara,Ga papa ASAL DIPIMPIN YG BENER😁 3-8",salpok sama kata2 pak presiden ini saudara tidak papa asal dipimpin yang bener 3 8
"pengadaan mobil dinas gubernur kaltim 8,5 miliar",https://www.tiktok.com/@ompro_autocaree/video/7614061884127317266,@lightson_pasaribu,@mm_.cla812,https://www.tiktok.com/@mm_.cla812,"kata"" pak Presiden, Ga papa asal di pimpin yg bener, 3-10",25,"kata"" pak Presiden, Ga papa asal di pimpin yg bener, 3-10",kata pak presiden tidak papa asal di pimpin yang bener 3 10
"pengadaan mobil dinas gubernur kaltim 8,5 miliar",https://www.tiktok.com/@ompro_autocaree/video/7614061884127317266,@lightson_pasaribu,@martogi.pandianga,https://www.tiktok.com/@martogi.pandianga,Alasan Indonesia susah MAJU !!! 3-9,121,Alasan Indonesia susah MAJU !!! 3-9,alasan indonesia susah maju 3 9
"pengadaan mobil dinas gubernur kaltim 8,5 miliar",https://www.tiktok.com/@ompro_autocaree/video/7614061884127317266,@lightson_pasaribu,@arifbahaa,https://www.tiktok.com/@arifbahaa,"Siapa pun bisa tau dan ngerti, walau pak presiden engga bilang gitu 3-20",15,"Siapa pun bisa tau dan ngerti, walau pak presiden engga bilang gitu 3-20",siapa pun bisa tau dan ngerti walau pak presiden engga bilang gitu 3 20
"pengadaan mobil dinas gubernur kaltim 8,5 miliar",https://www.tiktok.com/@ompro_autocaree/video/7614061884127317266,@lightson_pasaribu,@desi.gembol,https://www.tiktok.com/@desi.gembol,bener apanya???? pake tepuk tangan lg.... 4-11,1,bener apanya???? pake tepuk tangan lg.... 4-11,bener apanya pake tepuk tangan lg 4 11
"pengadaan mobil dinas gubernur kaltim 8,5 miliar",https://www.tiktok.com/@ompro_autocaree/video/7614061884127317266,@lightson_pasaribu,@usripc13,https://www.tiktok.com/@usripc13,keluarga dinasti itu 3-8,106,keluarga dinasti itu 3-8,keluarga dinasti itu 3 8
"pengadaan mobil dinas gubernur kaltim 8,5 miliar",https://www.tiktok.com/@ompro_autocaree/video/7614061884127317266,@lightson_pasaribu,@sarnadi.ahma,https://www.tiktok.com/@sarnadi.ahma,klrga besar 3-9,17,klrga besar 3-9,klrga besar 3 9
"pengadaan mobil dinas gubernur kaltim 8,5 miliar",https://www.tiktok.com/@ompro_autocaree/video/7614061884127317266,@lightson_pasaribu,@ayahjihad,https://www.tiktok.com/@ayahjihad,ketua DPRD Kaltim Abangnya lagi 3-8,41,ketua DPRD Kaltim Abangnya lagi 3-8,ketua dprd kaltim abangnya lagi 3 8
"pengadaan mobil dinas gubernur kaltim 8,5 miliar",https://www.tiktok.com/@ompro_autocaree/video/7614061884127317266,@lightson_pasaribu,@rahayurahayuu91,https://www.tiktok.com/@rahayurahayuu91,kacau kacauuu😭 3-9,12,kacau kacauuu😭 3-9,kacau kacauuu 3 9
"pengadaan mobil dinas gubernur kaltim 8,5 miliar",https://www.tiktok.com/@ompro_autocaree/video/7614061884127317266,@lightson_pasaribu,@wldnabdan0909,https://www.tiktok.com/@wldnabdan0909,sarkasannya mantep bgt itu 🤣🤣 3-23,4,sarkasannya mantep bgt itu 🤣🤣 3-23,sarkasannya mantep banget itu 3 23
"pengadaan mobil dinas gubernur kaltim 8,5 miliar",https://www.tiktok.com/@ompro_autocaree/video/7614061884127317266,@lightson_pasaribu,@yanuar_efendi418,https://www.tiktok.com/@yanuar_efendi418,"kluarga yg bruntung dan orang tua yg bruntung tlah melahirkan anak"" yg suskses sperti mreka. orang tua mreka pasti bangga banget memiliki anak"" yg sukses"" seperti mereka👍👍👍 4-25",1,"kluarga yg bruntung dan orang tua yg bruntung tlah melahirkan anak"" yg suskses sperti mreka. orang tua mreka pasti bangga banget memiliki anak"" yg sukses"" seperti mereka👍👍👍 4-25",kluarga yang bruntung dan orang tua yang bruntung tlah melahirkan anak yang suskses sperti mreka orang tua mreka pasti bangga banget memiliki anak yang sukses seperti mereka 4 25
"pengadaan mobil dinas gubernur kaltim 8,5 miliar",https://www.tiktok.com/@ompro_autocaree/video/7614061884127317266,@lightson_pasaribu,@user59705545935216,https://www.tiktok.com/@user59705545935216,dinasti 3-8,5,dinasti 3-8,dinasti 3 8
"pengadaan mobil dinas gubernur kaltim 8,5 miliar",https://www.tiktok.com/@ompro_autocaree/video/7614061884127317266,@lightson_pasaribu,@maniakm257,https://www.tiktok.com/@maniakm257,bener mana y BPK 3-9,2,bener mana y BPK 3-9,bener mana y bpk 3 9
"pengadaan mobil dinas gubernur kaltim 8,5 miliar",https://www.tiktok.com/@ompro_autocaree/video/7614061884127317266,@lightson_pasaribu,@denierwandierwand,https://www.tiktok.com/@denierwandierwand,dinasti politik 3-9,3,dinasti politik 3-9,dinasti politik 3 9
"pengadaan mobil dinas gubernur kaltim 8,5 miliar",https://www.tiktok.com/@ompro_autocaree/video/7614061884127317266,@lightson_pasaribu,@poerpatrawongso,https://www.tiktok.com/@poerpatrawongso,gimana endingnya 3-10,0,gimana endingnya 3-10,gimana endingnya 3 10
"pengadaan mobil dinas gubernur kaltim 8,5 miliar",https://www.tiktok.com/@ompro_autocaree/video/7614061884127317266,@lightson_pasaribu,@mamianeu001,https://www.tiktok.com/@mamianeu001,sodaraan😂 3-8,11,sodaraan😂 3-8,sodaraan 3 8
"pengadaan mobil dinas gubernur kaltim 8,5 miliar",https://www.tiktok.com/@ompro_autocaree/video/7614061884127317266,@lightson_pasaribu,@mhdariansyahp,https://www.tiktok.com/@mhdariansyahp,"bisa gak ya setiap pidato para pejabat atau pemerintah , gak usah pake bawa"" partai... mending fokus gimna cara nya buat negara ini maju dan sejahtera... kalau mau cerita partai nanti buat porum sendiri... 3-10",9,"bisa gak ya setiap pidato para pejabat atau pemerintah , gak usah pake bawa"" partai... mending fokus gimna cara nya buat negara ini maju dan sejahtera... kalau mau cerita partai nanti buat porum sendiri... 3-10",bisa tidak ya setiap pidato para pejabat atau pemerintah tidak usah pake bawa partai mending fokus gimna cara nya buat negara ini maju dan sejahtera kalau mau cerita partai nanti buat porum sendiri 3 10
"pengadaan mobil dinas gubernur kaltim 8,5 miliar",https://www.tiktok.com/@ompro_autocaree/video/7614061884127317266,@lightson_pasaribu,@user7874198281629,https://www.tiktok.com/@user7874198281629,ketua MK pamannya 3-9,2,ketua MK pamannya 3-9,ketua mk pamannya 3 9
pengadaan mobil dinas gub kaltim 8 5 miliar,https://www.tiktok.com/@wargawargi2025/video/7619281381293755669,@wargawargi2025,@jefriastaganaga,https://www.tiktok.com/@jefriastaganaga,jalan ga di benerin nyalahin presiden padahal gubernur nya sendiri yng ga bener 3-21 10.9K,,jalan ga di benerin nyalahin presiden padahal gubernur nya sendiri yng ga bener 3-21 10.9K,jalan tidak di benerin nyalahin presiden padahal gubernur nya sendiri yng tidak bener 3 21 10 9k
pengadaan mobil dinas gub kaltim 8 5 miliar,https://www.tiktok.com/@wargawargi2025/video/7619281381293755669,@wargawargi2025,@uzunklaten,https://www.tiktok.com/@uzunklaten,Langsung ditegur pusat.... 😭 3-20,6499,Langsung ditegur pusat.... 😭 3-20,langsung ditegur pusat 3 20
pengadaan mobil dinas gub kaltim 8 5 miliar,https://www.tiktok.com/@wargawargi2025/video/7619281381293755669,@wargawargi2025,@dv4zildjian,https://www.tiktok.com/@dv4zildjian,tu 8m buat perbaiki jalan dpt brp km yah 3-21,2280,tu 8m buat perbaiki jalan dpt brp km yah 3-21,tu 8m buat perbaiki jalan dpt brp km yah 3 21
pengadaan mobil dinas gub kaltim 8 5 miliar,https://www.tiktok.com/@wargawargi2025/video/7619281381293755669,@wargawargi2025,@orang.misterius4614,https://www.tiktok.com/@orang.misterius4614,gw warga Kaltim jujur malu🙏 3-21,620,gw warga Kaltim jujur malu🙏 3-21,gw warga kaltim jujur malu 3 21
pengadaan mobil dinas gub kaltim 8 5 miliar,https://www.tiktok.com/@wargawargi2025/video/7619281381293755669,@wargawargi2025,@feridios,https://www.tiktok.com/@feridios,terlalu gengsi 3-20,7232,terlalu gengsi 3-20,terlalu gengsi 3 20
pengadaan mobil dinas gub kaltim 8 5 miliar,https://www.tiktok.com/@wargawargi2025/video/7619281381293755669,@wargawargi2025,@covodrive.2,https://www.tiktok.com/@covodrive.2,[Stiker] aku yang dari Kaltim aja malu 3-21,1395,[Stiker] aku yang dari Kaltim aja malu 3-21,stiker aku yang dari kaltim saja malu 3 21
pengadaan mobil dinas gub kaltim 8 5 miliar,https://www.tiktok.com/@wargawargi2025/video/7619281381293755669,@wargawargi2025,@7362863sjdiej,https://www.tiktok.com/@7362863sjdiej,sindir tanpa tindakan juga fungsinya apa 3-21,13,sindir tanpa tindakan juga fungsinya apa 3-21,sindir tanpa tindakan juga fungsinya apa 3 21
pengadaan mobil dinas gub kaltim 8 5 miliar,https://www.tiktok.com/@wargawargi2025/video/7619281381293755669,@wargawargi2025,@zyedik,https://www.tiktok.com/@zyedik,mobil mahal-mahal kinerja kagak ada 😂 3-21,334,mobil mahal-mahal kinerja kagak ada 😂 3-21,mobil mahal mahal kinerja kagak ada 3 21
pengadaan mobil dinas gub kaltim 8 5 miliar,https://www.tiktok.com/@wargawargi2025/video/7619281381293755669,@wargawargi2025,@cyucswchys,https://www.tiktok.com/@cyucswchys,padahal mah mobil nya b aja😹😭 3-21,484,padahal mah mobil nya b aja😹😭 3-21,padahal mah mobil nya b saja 3 21
pengadaan mobil dinas gub kaltim 8 5 miliar,https://www.tiktok.com/@wargawargi2025/video/7619281381293755669,@wargawargi2025,@supersatoru.id.store,https://www.tiktok.com/@supersatoru.id.store,membandingkan 2 hal yang buruk tidak membuat salah satu nya lebih benar 3-21,4,membandingkan 2 hal yang buruk tidak membuat salah satu nya lebih benar 3-21,membandingkan 2 hal yang buruk tidak membuat salah satu nya lebih benar 3 21
pengadaan mobil dinas gub kaltim 8 5 miliar,https://www.tiktok.com/@wargawargi2025/video/7619281381293755669,@wargawargi2025,@nathan_here21,https://www.tiktok.com/@nathan_here21,700 juta buat presiden ya normal lah buat keamanan nya lah 2m buat apa jir 3-21,15,700 juta buat presiden ya normal lah buat keamanan nya lah 2m buat apa jir 3-21,700 juta buat presiden ya normal lah buat keamanan nya lah 2m buat apa jir 3 21
pengadaan mobil dinas gub kaltim 8 5 miliar,https://www.tiktok.com/@wargawargi2025/video/7619281381293755669,@wargawargi2025,@gabuters1431,https://www.tiktok.com/@gabuters1431,Tapi g bisa apa2 wkwkkwkwkw 3-21,2,Tapi g bisa apa2 wkwkkwkwkw 3-21,tapi g bisa apa2 wkwkkwkwkw 3 21
pengadaan mobil dinas gub kaltim 8 5 miliar,https://www.tiktok.com/@wargawargi2025/video/7619281381293755669,@wargawargi2025,@masshafizh25,https://www.tiktok.com/@masshafizh25,"anjay maung lagi naik produksi, di pabrik gua bikin partnya seminggu 2x kirim ke bandung 3-21",55,"anjay maung lagi naik produksi, di pabrik gua bikin partnya seminggu 2x kirim ke bandung 3-21",anjay maung lagi naik produksi di pabrik gua bikin partnya seminggu 2x kirim ke bandung 3 21
pengadaan mobil dinas gub kaltim 8 5 miliar,https://www.tiktok.com/@wargawargi2025/video/7619281381293755669,@wargawargi2025,@ngaonggg_,https://www.tiktok.com/@ngaonggg_,bukan mikirin jalan didaerah malah mikirin mobil 3-21,31,bukan mikirin jalan didaerah malah mikirin mobil 3-21,bukan mikirin jalan didaerah malah mikirin mobil 3 21
pengadaan mobil dinas gub kaltim 8 5 miliar,https://www.tiktok.com/@wargawargi2025/video/7619281381293755669,@wargawargi2025,@sujanana0,https://www.tiktok.com/@sujanana0,gw aja pake honda beat 3-21,24,gw aja pake honda beat 3-21,gw saja pake honda beat 3 21
pengadaan mobil dinas gub kaltim 8 5 miliar,https://www.tiktok.com/@wargawargi2025/video/7619281381293755669,@wargawargi2025,@abinka.z,https://www.tiktok.com/@abinka.z,yang di butukan tidakan bukan sandar sindir🙏 3-21,1,yang di butukan tidakan bukan sandar sindir🙏 3-21,yang di butukan tidakan bukan sandar sindir 3 21
pengadaan mobil dinas gub kaltim 8 5 miliar,https://www.tiktok.com/@wargawargi2025/video/7619281381293755669,@wargawargi2025,@ravin.cent,https://www.tiktok.com/@ravin.cent,cuman 700 jt 3-21,0,cuman 700 jt 3-21,cuman 700 jt 3 21
pengadaan mobil dinas gub kaltim 8 5 miliar,https://www.tiktok.com/@wargawargi2025/video/7619281381293755669,@wargawargi2025,@elssaryn_,https://www.tiktok.com/@elssaryn_,Cuma ditegur???? 3-21,0,Cuma ditegur???? 3-21,cuma ditegur 3 21
pengadaan mobil dinas gub kaltim 8 5 miliar,https://www.tiktok.com/@wargawargi2025/video/7619281381293755669,@wargawargi2025,@justcallmerawr4,https://www.tiktok.com/@justcallmerawr4,lexuss lm 500 aja udh ok lho kenapa hrus range rover njir 😭 3-21,16,lexuss lm 500 aja udh ok lho kenapa hrus range rover njir 😭 3-21,lexuss lm 500 saja udh ok lho kenapa hrus range rover njir 3 21
pengadaan mobil dinas gub kaltim 8 5 miliar,https://www.tiktok.com/@wargawargi2025/video/7619281381293755669,@wargawargi2025,@chikichubaaa,https://www.tiktok.com/@chikichubaaa,yang pilih dia nyesel si 3-21,10,yang pilih dia nyesel si 3-21,yang pilih dia nyesel si 3 21
pengadaan mobil dinas gub kaltim 8 5 miliar,https://www.tiktok.com/@millenialzkece/video/7621132387426061575,@millenialzkece,@bocahtengil833,https://www.tiktok.com/@bocahtengil833,[Stiker] sampe disindir presiden 3-25 14.1K,,[Stiker] sampe disindir presiden 3-25 14.1K,stiker sampe disindir presiden 3 25 14 1k
pengadaan mobil dinas gub kaltim 8 5 miliar,https://www.tiktok.com/@millenialzkece/video/7621132387426061575,@millenialzkece,@achmadarlin_12,https://www.tiktok.com/@achmadarlin_12,aku aja nggak ada mobil 3-25,5685,aku aja nggak ada mobil 3-25,aku saja tidak ada mobil 3 25
pengadaan mobil dinas gub kaltim 8 5 miliar,https://www.tiktok.com/@millenialzkece/video/7621132387426061575,@millenialzkece,@rohimyogisaputra,https://www.tiktok.com/@rohimyogisaputra,apaada pakperabowo♥️♥️♥️♥️,0,apaada pakperabowo♥️♥️♥️♥️,apaada pakperabowo
pengadaan mobil dinas gub kaltim 8 5 miliar,https://www.tiktok.com/@millenialzkece/video/7621132387426061575,@millenialzkece,@uu1425275182527hsjsh,https://www.tiktok.com/@uu1425275182527hsjsh,gw fokus ke sini 3-26,47,gw fokus ke sini 3-26,gw fokus ke sini 3 26
pengadaan mobil dinas gub kaltim 8 5 miliar,https://www.tiktok.com/@millenialzkece/video/7621132387426061575,@millenialzkece,@amiraarowr_,https://www.tiktok.com/@amiraarowr_,singkat aja gubernur kaltim 3-25,531,singkat aja gubernur kaltim 3-25,singkat saja gubernur kaltim 3 25
pengadaan mobil dinas gub kaltim 8 5 miliar,https://www.tiktok.com/@millenialzkece/video/7621132387426061575,@millenialzkece,@r.i.s.k.i55,https://www.tiktok.com/@r.i.s.k.i55,Parobowo ni bosss 3-26,316,Parobowo ni bosss 3-26,parobowo ni bosss 3 26
pengadaan mobil dinas gub kaltim 8 5 miliar,https://www.tiktok.com/@millenialzkece/video/7621132387426061575,@millenialzkece,@ptrtliaa_,https://www.tiktok.com/@ptrtliaa_,bilang aja bapak iri 3-26,6,bilang aja bapak iri 3-26,bilang saja bapak iri 3 26
pengadaan mobil dinas gub kaltim 8 5 miliar,https://www.tiktok.com/@millenialzkece/video/7621132387426061575,@millenialzkece,@pikirdewesu,https://www.tiktok.com/@pikirdewesu,gadang suka prawowo kadang nggak 3-25,392,gadang suka prawowo kadang nggak 3-25,gadang suka prawowo kadang tidak 3 25
pengadaan mobil dinas gub kaltim 8 5 miliar,https://www.tiktok.com/@millenialzkece/video/7621132387426061575,@millenialzkece,@yogi_fauzii,https://www.tiktok.com/@yogi_fauzii,iri si Prabowo 3-27,0,iri si Prabowo 3-27,iri si prabowo 3 27
pengadaan mobil dinas gub kaltim 8 5 miliar,https://www.tiktok.com/@millenialzkece/video/7621132387426061575,@millenialzkece,@cahyudin69,https://www.tiktok.com/@cahyudin69,jangan omon omon doang pak wowo 3-25,36,jangan omon omon doang pak wowo 3-25,jangan omon omon doang pak wowo 3 25
pengadaan mobil dinas gub kaltim 8 5 miliar,https://www.tiktok.com/@millenialzkece/video/7621132387426061575,@millenialzkece,@biekentakii,https://www.tiktok.com/@biekentakii,[Stiker] tidak fantass 3-25,2280,[Stiker] tidak fantass 3-25,stiker tidak fantass 3 25
pengadaan mobil dinas gub kaltim 8 5 miliar,https://www.tiktok.com/@millenialzkece/video/7621132387426061575,@millenialzkece,@antonsutanso12,https://www.tiktok.com/@antonsutanso12,gubernur kaltim 3-25,150,gubernur kaltim 3-25,gubernur kaltim 3 25
pengadaan mobil dinas gub kaltim 8 5 miliar,https://www.tiktok.com/@millenialzkece/video/7621132387426061575,@millenialzkece,@khahut.nyak,https://www.tiktok.com/@khahut.nyak,nyindir doang ga berani berhentikan 🤣 3-27,3,nyindir doang ga berani berhentikan 🤣 3-27,nyindir doang tidak berani berhentikan 3 27
pengadaan mobil dinas gub kaltim 8 5 miliar,https://www.tiktok.com/@millenialzkece/video/7621132387426061575,@millenialzkece,@a.l_277,https://www.tiktok.com/@a.l_277,iri bilang boss 🤣 3-27,0,iri bilang boss 🤣 3-27,iri bilang boss 3 27
pengadaan mobil dinas gub kaltim 8 5 miliar,https://www.tiktok.com/@millenialzkece/video/7621132387426061575,@millenialzkece,@haulk_jhon,https://www.tiktok.com/@haulk_jhon,gak nyindir gak makan 3-27,2,gak nyindir gak makan 3-27,tidak nyindir tidak makan 3 27
pengadaan mobil dinas gub kaltim 8 5 miliar,https://www.tiktok.com/@millenialzkece/video/7621132387426061575,@millenialzkece,@user0888855686655,https://www.tiktok.com/@user0888855686655,700 jt pake hanya🗿 3-26,1,700 jt pake hanya🗿 3-26,700 jt pake hanya 3 26
pengadaan mobil dinas gub kaltim 8 5 miliar,https://www.tiktok.com/@millenialzkece/video/7621132387426061575,@millenialzkece,@deo.super6,https://www.tiktok.com/@deo.super6,"""hanyaa"" yaa hanyaaa 3-25",1,"""hanyaa"" yaa hanyaaa 3-25",hanyaa yaa hanyaaa 3 25
pengadaan mobil dinas gub kaltim 8 5 miliar,https://www.tiktok.com/@millenialzkece/video/7621132387426061575,@millenialzkece,@minepack.id,https://www.tiktok.com/@minepack.id,HANYA? 700JT?! 3-28,0,HANYA? 700JT?! 3-28,hanya 700jt 3 28
pengadaan mobil dinas gub kaltim 8 5 miliar,https://www.tiktok.com/@millenialzkece/video/7621132387426061575,@millenialzkece,@usernem1097,https://www.tiktok.com/@usernem1097,jpg di belakang🗿 3-25,7,jpg di belakang🗿 3-25,jpg di belakang 3 25
pengadaan mobil dinas gub kaltim 8 5 miliar,https://www.tiktok.com/@millenialzkece/video/7621132387426061575,@millenialzkece,@hidup_priasolo2,https://www.tiktok.com/@hidup_priasolo2,gua malah lihat jpg di belakang nya 😂 3-25,75,gua malah lihat jpg di belakang nya 😂 3-25,gua malah lihat jpg di belakang nya 3 25
"pengadaan mobil dinas gub kaltim 8,5 miliar",https://www.tiktok.com/@ummu.3.anak/video/7613157935157464340,@ummu.3.anak,@dani_wijaya22,https://www.tiktok.com/@dani_wijaya22,gaya elit kinerja sulit 3-5,3,gaya elit kinerja sulit 3-5,gaya elit kinerja sulit 3 5
"pengadaan mobil dinas gub kaltim 8,5 miliar",https://www.tiktok.com/@ummu.3.anak/video/7613157935157464340,@ummu.3.anak,@wahyu_mxking2,https://www.tiktok.com/@wahyu_mxking2,gk butuh mobil dinas yang bgus yang kita semunya butuh kn itu jln yng bgus aku anak kaltim malu 🙏 3-7,1,gk butuh mobil dinas yang bgus yang kita semunya butuh kn itu jln yng bgus aku anak kaltim malu 🙏 3-7,tidak butuh mobil dinas yang bgus yang kita semunya butuh kn itu jln yng bgus aku anak kaltim malu 3 7
"pengadaan mobil dinas gub kaltim 8,5 miliar",https://www.tiktok.com/@ummu.3.anak/video/7613157935157464340,@ummu.3.anak,@mas.ganteng.13,https://www.tiktok.com/@mas.ganteng.13,gayang elite jalan sulit dibenerin 🤣🤣🤣😂😂 3-6,2,gayang elite jalan sulit dibenerin 🤣🤣🤣😂😂 3-6,gayang elite jalan sulit dibenerin 3 6
"pengadaan mobil dinas gub kaltim 8,5 miliar",https://www.tiktok.com/@ummu.3.anak/video/7613157935157464340,@ummu.3.anak,@kang_ajat2,https://www.tiktok.com/@kang_ajat2,Kenapa bisa jadi kepala daerah?? 🙏🙏🙏 3-6,2,Kenapa bisa jadi kepala daerah?? 🙏🙏🙏 3-6,kenapa bisa jadi kepala daerah 3 6
"pengadaan mobil dinas gub kaltim 8,5 miliar",https://www.tiktok.com/@ummu.3.anak/video/7613157935157464340,@ummu.3.anak,@blie235,https://www.tiktok.com/@blie235,Marwahnya Kaltim Jalan Masih Tanah😂😂😂 3-6,2,Marwahnya Kaltim Jalan Masih Tanah😂😂😂 3-6,marwahnya kaltim jalan masih tanah 3 6
"pengadaan mobil dinas gub kaltim 8,5 miliar",https://www.tiktok.com/@ummu.3.anak/video/7613157935157464340,@ummu.3.anak,@marsin.4g,https://www.tiktok.com/@marsin.4g,mobil mahal...andai biaya buat jln.buat pasilitas.buat sekolah2.buat tmpt ibadah...... andai bkn di buat pakai sendiri🤣🤣 3-5,1,mobil mahal...andai biaya buat jln.buat pasilitas.buat sekolah2.buat tmpt ibadah...... andai bkn di buat pakai sendiri🤣🤣 3-5,mobil mahal andai biaya buat jln buat pasilitas buat sekolah2 buat tmpt ibadah andai bkn di buat pakai sendiri 3 5
"pengadaan mobil dinas gub kaltim 8,5 miliar",https://www.tiktok.com/@ummu.3.anak/video/7613157935157464340,@ummu.3.anak,@imelrudynst,https://www.tiktok.com/@imelrudynst,gaya istri gubernur elit jalan nya sulit 3-5,1,gaya istri gubernur elit jalan nya sulit 3-5,gaya istri gubernur elit jalan nya sulit 3 5
"pengadaan mobil dinas gub kaltim 8,5 miliar",https://www.tiktok.com/@ummu.3.anak/video/7613157935157464340,@ummu.3.anak,@kamasutr,https://www.tiktok.com/@kamasutr,kaltim menuju generasi cemass 3-5,1,kaltim menuju generasi cemass 3-5,kaltim menuju generasi cemass 3 5
"pengadaan mobil dinas gub kaltim 8,5 miliar",https://www.tiktok.com/@ummu.3.anak/video/7613157935157464340,@ummu.3.anak,@novi.anti906,https://www.tiktok.com/@novi.anti906,nah yang gitu jangan di pilih lagi masarakat 3-7,1,nah yang gitu jangan di pilih lagi masarakat 3-7,nah yang gitu jangan di pilih lagi masarakat 3 7
"pengadaan mobil dinas gub kaltim 8,5 miliar",https://www.tiktok.com/@ummu.3.anak/video/7613157935157464340,@ummu.3.anak,@joker4343567,https://www.tiktok.com/@joker4343567,Marwah Kaltim jalan hampir jadi sawah😁😁😁 3-7,1,Marwah Kaltim jalan hampir jadi sawah😁😁😁 3-7,marwah kaltim jalan hampir jadi sawah 3 7
"pengadaan mobil dinas gub kaltim 8,5 miliar",https://www.tiktok.com/@ummu.3.anak/video/7613157935157464340,@ummu.3.anak,@acengtea030,https://www.tiktok.com/@acengtea030,marwah jalan benrin 3-6,1,marwah jalan benrin 3-6,marwah jalan benrin 3 6
"pengadaan mobil dinas gub kaltim 8,5 miliar",https://www.tiktok.com/@ummu.3.anak/video/7613157935157464340,@ummu.3.anak,@yaaaaa_625,https://www.tiktok.com/@yaaaaa_625,ayo SP yg kemaren pilih dia 3-5,1,ayo SP yg kemaren pilih dia 3-5,ayo sp yang kemaren pilih dia 3 5
"pengadaan mobil dinas gub kaltim 8,5 miliar",https://www.tiktok.com/@ummu.3.anak/video/7613157935157464340,@ummu.3.anak,@drsonodarno,https://www.tiktok.com/@drsonodarno,marwah jalan lumpur 3-6,1,marwah jalan lumpur 3-6,marwah jalan lumpur 3 6
"pengadaan mobil dinas gub kaltim 8,5 miliar",https://www.tiktok.com/@ummu.3.anak/video/7613157935157464340,@ummu.3.anak,@jenal.abidin108,https://www.tiktok.com/@jenal.abidin108,masa iya jalannya kaya gitu masih lumpur ini 2026 bos bukan taun 1975😁😁😁😁🤭🤭🤭 3-5,1,masa iya jalannya kaya gitu masih lumpur ini 2026 bos bukan taun 1975😁😁😁😁🤭🤭🤭 3-5,masa iya jalannya kaya gitu masih lumpur ini 2026 bos bukan taun 1975 3 5
"pengadaan mobil dinas gub kaltim 8,5 miliar",https://www.tiktok.com/@ummu.3.anak/video/7613157935157464340,@ummu.3.anak,@fairuz_yeni,https://www.tiktok.com/@fairuz_yeni,marwah marwah 3-6,1,marwah marwah 3-6,marwah marwah 3 6
"pengadaan mobil dinas gub kaltim 8,5 miliar",https://www.tiktok.com/@ummu.3.anak/video/7613157935157464340,@ummu.3.anak,@hofibiadap,https://www.tiktok.com/@hofibiadap,"masarakat di bawa"" 3-5",1,"masarakat di bawa"" 3-5",masarakat di bawa 3 5
"pengadaan mobil dinas gub kaltim 8,5 miliar",https://www.tiktok.com/@ummu.3.anak/video/7613157935157464340,@ummu.3.anak,@galihresa3,https://www.tiktok.com/@galihresa3,mungkin jalannya buat rute mobilnya 😂😂😂😂 3-6,0,mungkin jalannya buat rute mobilnya 😂😂😂😂 3-6,mungkin jalannya buat rute mobilnya 3 6
"pengadaan mobil dinas gub kaltim 8,5 miliar",https://www.tiktok.com/@ummu.3.anak/video/7613157935157464340,@ummu.3.anak,@refankaalgazi586,https://www.tiktok.com/@refankaalgazi586,😂😂😂😂😂Marwah kaltim 3-6,1,😂😂😂😂😂Marwah kaltim 3-6,marwah kaltim 3 6
"pengadaan mobil dinas gub kaltim 8,5 miliar",https://www.tiktok.com/@ummu.3.anak/video/7613157935157464340,@ummu.3.anak,@nur.habiba5,https://www.tiktok.com/@nur.habiba5,marwa weeee😁😁😁😁 3-5,1,marwa weeee😁😁😁😁 3-5,marwa weeee 3 5
"pengadaan mobil dinas gub kaltim 8,5 miliar",https://www.tiktok.com/@ummu.3.anak/video/7613157935157464340,@ummu.3.anak,@paisallubis327,https://www.tiktok.com/@paisallubis327,masyarakat nya pada kaya tuh 3-6,1,masyarakat nya pada kaya tuh 3-6,masyarakat nya pada kaya tuh 3 6
isu mobil dinas gubernur kaltim,https://www.tiktok.com/@aimambandung/video/7611327878239620372,@aimambandung,@17.junimbm.mbm,https://www.tiktok.com/@17.junimbm.mbm,usahanya bayar pajak gak? 2-27,17,usahanya bayar pajak gak? 2-27,usahanya bayar pajak tidak 2 27
isu mobil dinas gubernur kaltim,https://www.tiktok.com/@aimambandung/video/7611327878239620372,@aimambandung,@nendysiskandar,https://www.tiktok.com/@nendysiskandar,terlalu tinggi gaya hidupnya 2-27,33,terlalu tinggi gaya hidupnya 2-27,terlalu tinggi gaya hidupnya 2 27
isu mobil dinas gubernur kaltim,https://www.tiktok.com/@aimambandung/video/7611327878239620372,@aimambandung,@amai_882,https://www.tiktok.com/@amai_882,Tolong KPK kemana 2-27,12,Tolong KPK kemana 2-27,tolong kpk kemana 2 27
isu mobil dinas gubernur kaltim,https://www.tiktok.com/@aimambandung/video/7611327878239620372,@aimambandung,@ahmad.riduansyah4,https://www.tiktok.com/@ahmad.riduansyah4,periksa KPK gubernur kaltim 2-27,29,periksa KPK gubernur kaltim 2-27,periksa kpk gubernur kaltim 2 27
isu mobil dinas gubernur kaltim,https://www.tiktok.com/@aimambandung/video/7611327878239620372,@aimambandung,@user4917255918830,https://www.tiktok.com/@user4917255918830,Audit segera 👍 2-27,11,Audit segera 👍 2-27,audit segera 2 27
isu mobil dinas gubernur kaltim,https://www.tiktok.com/@aimambandung/video/7611327878239620372,@aimambandung,@hijauflorist,https://www.tiktok.com/@hijauflorist,Ajg aing mah 500rb juga ga punya 3-20,1,Ajg aing mah 500rb juga ga punya 3-20,ajg aing mah 500rb juga tidak punya 3 20
isu mobil dinas gubernur kaltim,https://www.tiktok.com/@aimambandung/video/7611327878239620372,@aimambandung,@enzu544,https://www.tiktok.com/@enzu544,salah pilih 2-27,1,salah pilih 2-27,salah pilih 2 27
isu mobil dinas gubernur kaltim,https://www.tiktok.com/@aimambandung/video/7611327878239620372,@aimambandung,@fendyiskandar578,https://www.tiktok.com/@fendyiskandar578,Hebaaat mobil Gubernur termewah dan termahal di seluruh Indonesia. 2-28,4,Hebaaat mobil Gubernur termewah dan termahal di seluruh Indonesia. 2-28,hebaaat mobil gubernur termewah dan termahal di seluruh indonesia 2 28
isu mobil dinas gubernur kaltim,https://www.tiktok.com/@aimambandung/video/7611327878239620372,@aimambandung,@embohdopo02,https://www.tiktok.com/@embohdopo02,"what,137 miliar,sedangkan yang di tulis 127 miliar, 10 miliarnya kemana.😳 2-28",1,"what,137 miliar,sedangkan yang di tulis 127 miliar, 10 miliarnya kemana.😳 2-28",what 137 miliar sedangkan yang di tulis 127 miliar 10 miliarnya kemana 2 28
isu mobil dinas gubernur kaltim,https://www.tiktok.com/@aimambandung/video/7611327878239620372,@aimambandung,@mamakhitzzz,https://www.tiktok.com/@mamakhitzzz,HELLO KPK 2-27,1,HELLO KPK 2-27,hello kpk 2 27
isu mobil dinas gubernur kaltim,https://www.tiktok.com/@aimambandung/video/7611327878239620372,@aimambandung,@ww.tiktok.com.bskara,https://www.tiktok.com/@ww.tiktok.com.bskara,ada sekitar tiga kilo yg sama sekali belum di sentuh oleh pemerintah jembatan. belum ada jalan masih jalan setapak 2-28,0,ada sekitar tiga kilo yg sama sekali belum di sentuh oleh pemerintah jembatan. belum ada jalan masih jalan setapak 2-28,ada sekitar tiga kilo yang sama sekali belum di sentuh oleh pemerintah jembatan belum ada jalan masih jalan setapak 2 28
isu mobil dinas gubernur kaltim,https://www.tiktok.com/@aimambandung/video/7611327878239620372,@aimambandung,@ekothegell,https://www.tiktok.com/@ekothegell,"klo untuk medan berat harusnya beli double cabbin, sprti strada, offroad itu yg khusus medan berat, 2-27",0,"klo untuk medan berat harusnya beli double cabbin, sprti strada, offroad itu yg khusus medan berat, 2-27",kalau untuk medan berat harusnya beli double cabbin sprti strada offroad itu yang khusus medan berat 2 27
isu mobil dinas gubernur kaltim,https://www.tiktok.com/@aimambandung/video/7611327878239620372,@aimambandung,@heru4989,https://www.tiktok.com/@heru4989,c gaya 2-27,2,c gaya 2-27,c gaya 2 27
isu mobil dinas gubernur kaltim,https://www.tiktok.com/@aimambandung/video/7611327878239620372,@aimambandung,@jenal.abidin108,https://www.tiktok.com/@jenal.abidin108,8.5 m padahal buat bangun jln 2-28,1,8.5 m padahal buat bangun jln 2-28,8 5 m padahal buat bangun jln 2 28
isu mobil dinas gubernur kaltim,https://www.tiktok.com/@aimambandung/video/7611327878239620372,@aimambandung,@nedi_ana96,https://www.tiktok.com/@nedi_ana96,Bahaya ni klo bnyak utang pasti cari uang untuk bayar 3-4,0,Bahaya ni klo bnyak utang pasti cari uang untuk bayar 3-4,bahaya ni kalau bnyak utang pasti cari uang untuk bayar 3 4
isu mobil dinas gubernur kaltim,https://www.tiktok.com/@aimambandung/video/7611327878239620372,@aimambandung,@sevven06,https://www.tiktok.com/@sevven06,kpk mana 4-8,0,kpk mana 4-8,kpk mana 4 8
isu mobil dinas gubernur kaltim,https://www.tiktok.com/@aimambandung/video/7611327878239620372,@aimambandung,@thuama73,https://www.tiktok.com/@thuama73,hanya KPK harapan kita 2-27,2,hanya KPK harapan kita 2-27,hanya kpk harapan kita 2 27
isu mobil dinas gubernur kaltim,https://www.tiktok.com/@aimambandung/video/7611327878239620372,@aimambandung,@mustam79,https://www.tiktok.com/@mustam79,orang kaya bagi saya orang yg tdk punya hutang 2-27,6,orang kaya bagi saya orang yg tdk punya hutang 2-27,orang kaya bagi saya orang yang tidak punya hutang 2 27
isu mobil dinas gubernur kaltim,https://www.tiktok.com/@aimambandung/video/7611327878239620372,@aimambandung,@waktovan,https://www.tiktok.com/@waktovan,usaha apa ya utang segituu 3-4,0,usaha apa ya utang segituu 3-4,usaha apa ya utang segituu 3 4
isu mobil dinas gubernur kaltim,https://www.tiktok.com/@aimambandung/video/7611327878239620372,@aimambandung,@firmansyah90221,https://www.tiktok.com/@firmansyah90221,harus transparan 2-28,0,harus transparan 2-28,harus transparan 2 28
isu mobil dinas gubernur kaltim,https://www.tiktok.com/@bonekanegara.in/video/7631481627989839105,@bonekanegara.in,@urlove7482,https://www.tiktok.com/@urlove7482,gubernur yg paling bener kdm gk sih? 4-23,3865,gubernur yg paling bener kdm gk sih? 4-23,gubernur yang paling bener kdm tidak sih 4 23
isu mobil dinas gubernur kaltim,https://www.tiktok.com/@bonekanegara.in/video/7631481627989839105,@bonekanegara.in,@kacang_lidi,https://www.tiktok.com/@kacang_lidi,gue cuma binggung kok bisa di approve renovasi 25m? 😳 4-23,1666,gue cuma binggung kok bisa di approve renovasi 25m? 😳 4-23,gue cuma binggung kok bisa di approve renovasi 25m 4 23
isu mobil dinas gubernur kaltim,https://www.tiktok.com/@bonekanegara.in/video/7631481627989839105,@bonekanegara.in,@gaktu98,https://www.tiktok.com/@gaktu98,padahal gua yg orang Samarinda tapi enggak tau ada kabar ginian 😭 4-22,620,padahal gua yg orang Samarinda tapi enggak tau ada kabar ginian 😭 4-22,padahal gua yang orang samarinda tapi enggak tau ada kabar ginian 4 22
isu mobil dinas gubernur kaltim,https://www.tiktok.com/@bonekanegara.in/video/7631481627989839105,@bonekanegara.in,@cpi.yg.ke.2,https://www.tiktok.com/@cpi.yg.ke.2,pantes es nya jadi tambah 2rb 4-23,541,pantes es nya jadi tambah 2rb 4-23,pantes es nya jadi tambah 2rb 4 23
isu mobil dinas gubernur kaltim,https://www.tiktok.com/@bonekanegara.in/video/7631481627989839105,@bonekanegara.in,@anyeongyerobunn,https://www.tiktok.com/@anyeongyerobunn,tapi kok tidak ada video yaaa 4-23,9,tapi kok tidak ada video yaaa 4-23,tapi kok tidak ada video yaaa 4 23
isu mobil dinas gubernur kaltim,https://www.tiktok.com/@bonekanegara.in/video/7631481627989839105,@bonekanegara.in,@alee_140197,https://www.tiktok.com/@alee_140197,"bukan 2ribu, tp 4ribu lebih ya 4-23",15,"bukan 2ribu, tp 4ribu lebih ya 4-23",bukan 2ribu tapi 4ribu lebih ya 4 23
isu mobil dinas gubernur kaltim,https://www.tiktok.com/@bonekanegara.in/video/7631481627989839105,@bonekanegara.in,@gumball22darwin07,https://www.tiktok.com/@gumball22darwin07,kami hanya perlu kinerja yang bijak.. bukan kemewahan 4-22,1100,kami hanya perlu kinerja yang bijak.. bukan kemewahan 4-22,kami hanya perlu kinerja yang bijak bukan kemewahan 4 22
isu mobil dinas gubernur kaltim,https://www.tiktok.com/@bonekanegara.in/video/7631481627989839105,@bonekanegara.in,@rosmitasinuraya,https://www.tiktok.com/@rosmitasinuraya,ganti dgn yg baru yg lebih peduli dgn rakyat 4-23,125,ganti dgn yg baru yg lebih peduli dgn rakyat 4-23,ganti dengan yang baru yang lebih peduli dengan rakyat 4 23
isu mobil dinas gubernur kaltim,https://www.tiktok.com/@bonekanegara.in/video/7631481627989839105,@bonekanegara.in,@zilva_adadisini9495,https://www.tiktok.com/@zilva_adadisini9495,astaghfirullah 4-22,65,astaghfirullah 4-22,astaghfirullah 4 22
isu mobil dinas gubernur kaltim,https://www.tiktok.com/@bonekanegara.in/video/7631481627989839105,@bonekanegara.in,@suhartini.hamsar,https://www.tiktok.com/@suhartini.hamsar,"KASIHAN RAKYAT KALTIM, SEMOGA DAPAT PEMIMPIN AMANAH SEPERTI KDM 4-23",402,"KASIHAN RAKYAT KALTIM, SEMOGA DAPAT PEMIMPIN AMANAH SEPERTI KDM 4-23",kasihan rakyat kaltim semoga dapat pemimpin amanah seperti kdm 4 23
isu mobil dinas gubernur kaltim,https://www.tiktok.com/@bonekanegara.in/video/7631481627989839105,@bonekanegara.in,@skincare_thatsimple,https://www.tiktok.com/@skincare_thatsimple,Dinegara ini apa sih yg di dengar 🥺 4-24,8,Dinegara ini apa sih yg di dengar 🥺 4-24,dinegara ini apa sih yang di dengar 4 24
isu mobil dinas gubernur kaltim,https://www.tiktok.com/@bonekanegara.in/video/7631481627989839105,@bonekanegara.in,@pretynai,https://www.tiktok.com/@pretynai,yang nonton hari jumat aku fb😁 4-24,21,yang nonton hari jumat aku fb😁 4-24,yang nonton hari jumat aku fb 4 24
isu mobil dinas gubernur kaltim,https://www.tiktok.com/@bonekanegara.in/video/7631481627989839105,@bonekanegara.in,@gadis.penandak,https://www.tiktok.com/@gadis.penandak,yg nonton hari Sabtu aku fb 4-25,1,yg nonton hari Sabtu aku fb 4-25,yang nonton hari sabtu aku fb 4 25
isu mobil dinas gubernur kaltim,https://www.tiktok.com/@bonekanegara.in/video/7631481627989839105,@bonekanegara.in,@samdony91,https://www.tiktok.com/@samdony91,"ya Allah 8,5 M tk gawe tuku omah 2 M wes apik 😩 4-23",50,"ya Allah 8,5 M tk gawe tuku omah 2 M wes apik 😩 4-23",ya allah 8 5 m tk gawe tuku omah 2 m wes apik 4 23
isu mobil dinas gubernur kaltim,https://www.tiktok.com/@bonekanegara.in/video/7631481627989839105,@bonekanegara.in,@achmad.kamalludin,https://www.tiktok.com/@achmad.kamalludin,ga jelas itu dia 4-23,21,ga jelas itu dia 4-23,tidak jelas itu dia 4 23
isu mobil dinas gubernur kaltim,https://www.tiktok.com/@bonekanegara.in/video/7631481627989839105,@bonekanegara.in,@felisiya255,https://www.tiktok.com/@felisiya255,gubernur paling gila sih 🙄 4-24,1,gubernur paling gila sih 🙄 4-24,gubernur paling gila sih 4 24
isu mobil dinas gubernur kaltim,https://www.tiktok.com/@bonekanegara.in/video/7631481627989839105,@bonekanegara.in,@echannahceah_10,https://www.tiktok.com/@echannahceah_10,Stop membuli..!! kalian TDK tau tentang rudi mas’ud kalian hanya melihat sisi buruknya saja..padahal sisi baiknya tidak ada... 5-3,1,Stop membuli..!! kalian TDK tau tentang rudi mas’ud kalian hanya melihat sisi buruknya saja..padahal sisi baiknya tidak ada... 5-3,stop membuli kalian tidak tau tentang rudi mas ud kalian hanya melihat sisi buruknya saja padahal sisi baiknya tidak ada 5 3
isu mobil dinas gubernur kaltim,https://www.tiktok.com/@bonekanegara.in/video/7631481627989839105,@bonekanegara.in,@riyani0877,https://www.tiktok.com/@riyani0877,semangt warga kaltim kami selalu mendoaknmuu 4-23,141,semangt warga kaltim kami selalu mendoaknmuu 4-23,semangt warga kaltim kami selalu mendoaknmuu 4 23
isu mobil dinas gubernur kaltim,https://www.tiktok.com/@bonekanegara.in/video/7631481627989839105,@bonekanegara.in,@rafbzzzedit,https://www.tiktok.com/@rafbzzzedit,nyesel aku coblos dia😌 4-23,7,nyesel aku coblos dia😌 4-23,nyesel aku coblos dia 4 23
isu mobil dinas gubernur kaltim,https://www.tiktok.com/@prabsri1/video/7631102459582336277,@prabsri1,@abunahawabuben,https://www.tiktok.com/@abunahawabuben,"maaf min, gubernur kaltim kader partai apa 4-22",8,"maaf min, gubernur kaltim kader partai apa 4-22",maaf min gubernur kaltim kader partai apa 4 22
isu mobil dinas gubernur kaltim,https://www.tiktok.com/@prabsri1/video/7631102459582336277,@prabsri1,@yakob_djeliran25,https://www.tiktok.com/@yakob_djeliran25,Tv nasional mana ? 4-23,1,Tv nasional mana ? 4-23,tv nasional mana 4 23
isu mobil dinas gubernur kaltim,https://www.tiktok.com/@prabsri1/video/7631102459582336277,@prabsri1,@elcorleonee_ff,https://www.tiktok.com/@elcorleonee_ff,[Stiker] 4-25,2,[Stiker] 4-25,stiker 4 25
isu mobil dinas gubernur kaltim,https://www.tiktok.com/@prabsri1/video/7631102459582336277,@prabsri1,@yazid_hazeeq,https://www.tiktok.com/@yazid_hazeeq,wowo ngomong doang.inti nya kgk ada disidak🤣 4-21,8,wowo ngomong doang.inti nya kgk ada disidak🤣 4-21,wowo ngomong doang inti nya kgk ada disidak 4 21
isu mobil dinas gubernur kaltim,https://www.tiktok.com/@prabsri1/video/7631102459582336277,@prabsri1,@emielnasution,https://www.tiktok.com/@emielnasution,"yang kaya gini nyindir kdm?, kok orang kek gini bisa jadi gubernur ya, bukan nya saling support saling apresiasi apalagi kita 1 negara, padahal kdm gapernah tuh nyinyir ke gubernur lain, adem ayem aja, apa emang gubernur Kaltim menolak maju?🤔 4-22",36,"yang kaya gini nyindir kdm?, kok orang kek gini bisa jadi gubernur ya, bukan nya saling support saling apresiasi apalagi kita 1 negara, padahal kdm gapernah tuh nyinyir ke gubernur lain, adem ayem aja, apa emang gubernur Kaltim menolak maju?🤔 4-22",yang kaya gini nyindir kdm kok orang kek gini bisa jadi gubernur ya bukan nya saling support saling apresiasi apalagi kita 1 negara padahal kdm gapernah tuh nyinyir ke gubernur lain adem ayem saja apa emang gubernur kaltim menolak maju 4 22
isu mobil dinas gubernur kaltim,https://www.tiktok.com/@prabsri1/video/7631102459582336277,@prabsri1,@rendirandi741,https://www.tiktok.com/@rendirandi741,mundur dri jabatanmu dn mundur dinastimu 4-21,17,mundur dri jabatanmu dn mundur dinastimu 4-21,mundur dri jabatanmu dn mundur dinastimu 4 21
isu mobil dinas gubernur kaltim,https://www.tiktok.com/@prabsri1/video/7631102459582336277,@prabsri1,@dewivirgo4233,https://www.tiktok.com/@dewivirgo4233,baru 1 tahun jadi gub petatang peteteng hadeeh nyenggol KDM lagi 4-21,10,baru 1 tahun jadi gub petatang peteteng hadeeh nyenggol KDM lagi 4-21,baru 1 tahun jadi gub petatang peteteng hadeeh nyenggol kdm lagi 4 21
isu mobil dinas gubernur kaltim,https://www.tiktok.com/@prabsri1/video/7631102459582336277,@prabsri1,@boss.tebu7,https://www.tiktok.com/@boss.tebu7,pecat aja gubenur kaya gt 4-22,16,pecat aja gubenur kaya gt 4-22,pecat saja gubenur kaya gt 4 22
isu mobil dinas gubernur kaltim,https://www.tiktok.com/@prabsri1/video/7631102459582336277,@prabsri1,@alxsebastian1,https://www.tiktok.com/@alxsebastian1,kok bisa jadi gubernur ya 4-22,3,kok bisa jadi gubernur ya 4-22,kok bisa jadi gubernur ya 4 22
isu mobil dinas gubernur kaltim,https://www.tiktok.com/@prabsri1/video/7631102459582336277,@prabsri1,@kang.asep.abah.an,https://www.tiktok.com/@kang.asep.abah.an,jateng kapan nih? 4-22,1,jateng kapan nih? 4-22,jateng kapan nih 4 22
isu mobil dinas gubernur kaltim,https://www.tiktok.com/@prabsri1/video/7631102459582336277,@prabsri1,@user6193932300077,https://www.tiktok.com/@user6193932300077,sumber dana Prabowo Subianto 4-22,1,sumber dana Prabowo Subianto 4-22,sumber dana prabowo subianto 4 22
isu mobil dinas gubernur kaltim,https://www.tiktok.com/@prabsri1/video/7631102459582336277,@prabsri1,@bengkelcustomcirebontimu,https://www.tiktok.com/@bengkelcustomcirebontimu,kalo punya anggaran sgtu😂masa buat perbaiki jalan gada pak🤣 4-22,4,kalo punya anggaran sgtu😂masa buat perbaiki jalan gada pak🤣 4-22,kalo punya anggaran sgtu masa buat perbaiki jalan gada pak 4 22
isu mobil dinas gubernur kaltim,https://www.tiktok.com/@prabsri1/video/7631102459582336277,@prabsri1,@erhamsyah3,https://www.tiktok.com/@erhamsyah3,@copot aja jabatan nya 4-22,3,@copot aja jabatan nya 4-22,saja jabatan nya 4 22
isu mobil dinas gubernur kaltim,https://www.tiktok.com/@prabsri1/video/7631102459582336277,@prabsri1,@iiiiiibbbbbbbkkkkkkk,https://www.tiktok.com/@iiiiiibbbbbbbkkkkkkk,GUBERNUR DINASTI. DUIT MILIYARAN ORAK GAWE DANDAN DALAN MALAH GAWE TUKU MOBIL. 4-23,1,GUBERNUR DINASTI. DUIT MILIYARAN ORAK GAWE DANDAN DALAN MALAH GAWE TUKU MOBIL. 4-23,gubernur dinasti duit miliyaran orak gawe dandan dalan malah gawe tuku mobil 4 23
isu mobil dinas gubernur kaltim,https://www.tiktok.com/@prabsri1/video/7631102459582336277,@prabsri1,@erni_852,https://www.tiktok.com/@erni_852,"punya harta banyak mending sumbangin buat jalan pak,di kenang sepanjang masa kaya gubernur aku BPK aing 4-23",1,"punya harta banyak mending sumbangin buat jalan pak,di kenang sepanjang masa kaya gubernur aku BPK aing 4-23",punya harta banyak mending sumbangin buat jalan pak di kenang sepanjang masa kaya gubernur aku bpk aing 4 23
isu mobil dinas gubernur kaltim,https://www.tiktok.com/@prabsri1/video/7631102459582336277,@prabsri1,@paul07116,https://www.tiktok.com/@paul07116,punya harta 166M dari mana aja tuh? 😅 4-23,1,punya harta 166M dari mana aja tuh? 😅 4-23,punya harta 166m dari mana saja tuh 4 23
isu mobil dinas gubernur kaltim,https://www.tiktok.com/@prabsri1/video/7631102459582336277,@prabsri1,@planetsy59,https://www.tiktok.com/@planetsy59,makan yang kenyang suatu saat akan di pertanggung jawab same allah. 4-23,1,makan yang kenyang suatu saat akan di pertanggung jawab same allah. 4-23,makan yang kenyang suatu saat akan di pertanggung jawab same allah 4 23
isu pengadaan mobil dinas kaltim,https://www.tiktok.com/@ibarat_azra/video/7631776481781271826,@ibarat_azra,@azyyt8,https://www.tiktok.com/@azyyt8,mobil elit jalan sulit 4-23,108,mobil elit jalan sulit 4-23,mobil elit jalan sulit 4 23
isu pengadaan mobil dinas kaltim,https://www.tiktok.com/@ibarat_azra/video/7631776481781271826,@ibarat_azra,@epep_emel23,https://www.tiktok.com/@epep_emel23,Liat story ku plss ga mau ga papa 🥺 4-23,0,Liat story ku plss ga mau ga papa 🥺 4-23,liat story ku plss tidak mau tidak papa 4 23
isu pengadaan mobil dinas kaltim,https://www.tiktok.com/@ibarat_azra/video/7631776481781271826,@ibarat_azra,@azkakhairielazzam,https://www.tiktok.com/@azkakhairielazzam,[Stiker] gubernur nya lagi foya foya🗿 4-23,44,[Stiker] gubernur nya lagi foya foya🗿 4-23,stiker gubernur nya lagi foya foya 4 23
isu pengadaan mobil dinas kaltim,https://www.tiktok.com/@ibarat_azra/video/7631776481781271826,@ibarat_azra,@muhammadjalalrumi,https://www.tiktok.com/@muhammadjalalrumi,🫥🫥🫥🫥🫥🫥🫥 minimal 4-23,1,🫥🫥🫥🫥🫥🫥🫥 minimal 4-23,minimal 4 23
isu pengadaan mobil dinas kaltim,https://www.tiktok.com/@ibarat_azra/video/7631776481781271826,@ibarat_azra,@andrimulyadi110,https://www.tiktok.com/@andrimulyadi110,untung gua jabar bapak aing🤭 4-23,8,untung gua jabar bapak aing🤭 4-23,untung gua jabar bapak aing 4 23
isu pengadaan mobil dinas kaltim,https://www.tiktok.com/@ibarat_azra/video/7631776481781271826,@ibarat_azra,@reyhanrevalin,https://www.tiktok.com/@reyhanrevalin,[Stiker] Gubernur 4-23,5,[Stiker] Gubernur 4-23,stiker gubernur 4 23
isu pengadaan mobil dinas kaltim,https://www.tiktok.com/@ibarat_azra/video/7631776481781271826,@ibarat_azra,@clgstjff,https://www.tiktok.com/@clgstjff,sama Jateng juga,0,sama Jateng juga,sama jateng juga
isu pengadaan mobil dinas kaltim,https://www.tiktok.com/@ibarat_azra/video/7631776481781271826,@ibarat_azra,@falih..03,https://www.tiktok.com/@falih..03,mungkin anggaran buat vidio doang 300 miliyar hehhe 4-23,2,mungkin anggaran buat vidio doang 300 miliyar hehhe 4-23,mungkin anggaran buat vidio doang 300 miliyar hehhe 4 23
isu pengadaan mobil dinas kaltim,https://www.tiktok.com/@ibarat_azra/video/7631776481781271826,@ibarat_azra,@nando_pleengerr,https://www.tiktok.com/@nando_pleengerr,kalo jalan ancur ya di baikin bukan beli mobil 4-23,6,kalo jalan ancur ya di baikin bukan beli mobil 4-23,kalo jalan ancur ya di baikin bukan beli mobil 4 23
isu pengadaan mobil dinas kaltim,https://www.tiktok.com/@ibarat_azra/video/7631776481781271826,@ibarat_azra,@vanzzreal31,https://www.tiktok.com/@vanzzreal31,Pasti anggaran buat tuh video nya tembus 30 m 4-23,2,Pasti anggaran buat tuh video nya tembus 30 m 4-23,pasti anggaran buat tuh video nya tembus 30 m 4 23
isu pengadaan mobil dinas kaltim,https://www.tiktok.com/@ibarat_azra/video/7631776481781271826,@ibarat_azra,@fathiaayudiaqueen,https://www.tiktok.com/@fathiaayudiaqueen,maksudnya apasih 4-24,0,maksudnya apasih 4-24,maksudnya apasih 4 24
isu pengadaan mobil dinas kaltim,https://www.tiktok.com/@ibarat_azra/video/7631776481781271826,@ibarat_azra,@bayuslebew176,https://www.tiktok.com/@bayuslebew176,gimana gak panas cobak karena kipas nya belum di hidupin😄 4-23,0,gimana gak panas cobak karena kipas nya belum di hidupin😄 4-23,gimana tidak panas cobak karena kipas nya belum di hidupin 4 23
isu pengadaan mobil dinas kaltim,https://www.tiktok.com/@ibarat_azra/video/7631776481781271826,@ibarat_azra,@kepo.banget.sih756,https://www.tiktok.com/@kepo.banget.sih756,[Stiker] Marwah nama aing 4-23,2,[Stiker] Marwah nama aing 4-23,stiker marwah nama aing 4 23
isu pengadaan mobil dinas kaltim,https://www.tiktok.com/@ibarat_azra/video/7631776481781271826,@ibarat_azra,@rafz3791,https://www.tiktok.com/@rafz3791,[Stiker] semangat pak Rusdy mas'ud 4-23,0,[Stiker] semangat pak Rusdy mas'ud 4-23,stiker semangat pak rusdy mas ud 4 23
isu pengadaan mobil dinas kaltim,https://www.tiktok.com/@ibarat_azra/video/7631776481781271826,@ibarat_azra,@destiadaily,https://www.tiktok.com/@destiadaily,"orang mah klo buat ngelewatin jalan kaltim yang hancur bukan beli mobil 8.5m, tapi benerin tuh jalan kaltim jalan aman&damai,rakyat aman tentram juga berguna untuk semua, untung aku di jabar 4-24",0,"orang mah klo buat ngelewatin jalan kaltim yang hancur bukan beli mobil 8.5m, tapi benerin tuh jalan kaltim jalan aman&damai,rakyat aman tentram juga berguna untuk semua, untung aku di jabar 4-24",orang mah kalau buat ngelewatin jalan kaltim yang hancur bukan beli mobil 8 5m tapi benerin tuh jalan kaltim jalan aman damai rakyat aman tentram juga berguna untuk semua untung aku di jabar 4 24
isu pengadaan mobil dinas kaltim,https://www.tiktok.com/@ibarat_azra/video/7631776481781271826,@ibarat_azra,@fahddinazhadi130,https://www.tiktok.com/@fahddinazhadi130,untuk apa mobil di beli kalo di beli tetap sama gak ada yg berubah tetap sama yg berubah gurbenur yg menjadi jadi 5-11,0,untuk apa mobil di beli kalo di beli tetap sama gak ada yg berubah tetap sama yg berubah gurbenur yg menjadi jadi 5-11,untuk apa mobil di beli kalo di beli tetap sama tidak ada yang berubah tetap sama yang berubah gurbenur yang menjadi jadi 5 11
isu pengadaan mobil dinas kaltim,https://www.tiktok.com/@ibarat_azra/video/7631776481781271826,@ibarat_azra,@winsendid,https://www.tiktok.com/@winsendid,[Stiker] mana ni jir mobilnya udah keliling belum 4-28,0,[Stiker] mana ni jir mobilnya udah keliling belum 4-28,stiker mana ni jir mobilnya udah keliling belum 4 28
isu pengadaan mobil dinas kaltim,https://www.tiktok.com/@ibarat_azra/video/7631776481781271826,@ibarat_azra,@greciaaaja,https://www.tiktok.com/@greciaaaja,seharus nya kan beneein jalan dulu baru beli mobil ya ini malah beli mobil dulu benerin jalan nya kapan kapan 4-23,0,seharus nya kan beneein jalan dulu baru beli mobil ya ini malah beli mobil dulu benerin jalan nya kapan kapan 4-23,seharus nya kan beneein jalan dulu baru beli mobil ya ini malah beli mobil dulu benerin jalan nya kapan kapan 4 23
isu pengadaan mobil dinas kaltim,https://www.tiktok.com/@ibarat_azra/video/7631776481781271826,@ibarat_azra,@kuyasamasi,https://www.tiktok.com/@kuyasamasi,nanti anggaran video klarifikasinya berapa ya🗿 4-23,0,nanti anggaran video klarifikasinya berapa ya🗿 4-23,nanti anggaran video klarifikasinya berapa ya 4 23
isu pengadaan mobil dinas kaltim,https://www.tiktok.com/@ibarat_azra/video/7631776481781271826,@ibarat_azra,@mas.zulvi3,https://www.tiktok.com/@mas.zulvi3,pilih gua aja 4-23,0,pilih gua aja 4-23,pilih gua saja 4 23
mobil dinas baru gubernur kaltim,https://www.tiktok.com/@harianda19/video/7611777664621350164,@harianda19,@asep.sujana778,https://www.tiktok.com/@asep.sujana778,"kuropsi besar besaran buat beli mobil,,, 3-2",0,"kuropsi besar besaran buat beli mobil,,, 3-2",kuropsi besar besaran buat beli mobil 3 2
mobil dinas baru gubernur kaltim,https://www.tiktok.com/@harianda19/video/7611777664621350164,@harianda19,@myusuf740,https://www.tiktok.com/@myusuf740,betol.... pak terlalu mewah mobil nya 2-28,0,betol.... pak terlalu mewah mobil nya 2-28,betol pak terlalu mewah mobil nya 2 28
mobil dinas baru gubernur kaltim,https://www.tiktok.com/@harianda19/video/7611777664621350164,@harianda19,@daenganto_738,https://www.tiktok.com/@daenganto_738,yang penting jaga maruwa 2-28,0,yang penting jaga maruwa 2-28,yang penting jaga maruwa 2 28
mobil dinas baru gubernur kaltim,https://www.tiktok.com/@harianda19/video/7611777664621350164,@harianda19,@panglima_kijang_kencana,https://www.tiktok.com/@panglima_kijang_kencana,"Assalamualaikum buat pencerahan buat yang komen negatif di sosmed media sosial tentang gubernur Kaltim. Wajar aja dia menikmati peselitas itu. Kerna dia juga berjuang berdarah darah berkorban harta benda"" baru bisa duduk jadi gubernur kaltim. KERNA ITU PILIHAN KALIAN JUGA DIA JADI PEJABAT DAN GUBERNUR KALTIM. LEBIH BAIK KITA SENERGI MEMBANGUN KALTIM. Jadi kita jangan membuli' menghujat dan gibahnya ya kawan. Seharusnya kita dukung program beliau agar maksimal membangun kaltim. Ingat kawan manusia itu tidak ada yang sempurna. DIA JUGA BERBUAT SEPERTI ITU. BUAT MASRAKAT KITA KALTIM. MENG""ANGKAT MARWAH WIBAWA DAN MENGENALKAN KALTIM ITU MEMANG KAYA. Santun lah kita ber tutur kata bahasa di sosial media sosmed. Kita tunjukkan ke dunia orang Kaltim punya ahlak adab dan sopan santun kawan...... 3-1",0,"Assalamualaikum buat pencerahan buat yang komen negatif di sosmed media sosial tentang gubernur Kaltim. Wajar aja dia menikmati peselitas itu. Kerna dia juga berjuang berdarah darah berkorban harta benda"" baru bisa duduk jadi gubernur kaltim. KERNA ITU PILIHAN KALIAN JUGA DIA JADI PEJABAT DAN GUBERNUR KALTIM. LEBIH BAIK KITA SENERGI MEMBANGUN KALTIM. Jadi kita jangan membuli' menghujat dan gibahnya ya kawan. Seharusnya kita dukung program beliau agar maksimal membangun kaltim. Ingat kawan manusia itu tidak ada yang sempurna. DIA JUGA BERBUAT SEPERTI ITU. BUAT MASRAKAT KITA KALTIM. MENG""ANGKAT MARWAH WIBAWA DAN MENGENALKAN KALTIM ITU MEMANG KAYA. Santun lah kita ber tutur kata bahasa di sosial media sosmed. Kita tunjukkan ke dunia orang Kaltim punya ahlak adab dan sopan santun kawan...... 3-1",assalamualaikum buat pencerahan buat yang komen negatif di sosmed media sosial tentang gubernur kaltim wajar saja dia menikmati peselitas itu kerna dia juga berjuang berdarah darah berkorban harta benda baru bisa duduk jadi gubernur kaltim kerna itu pilihan kalian juga dia jadi pejabat dan gubernur kaltim lebih baik kita senergi membangun kaltim jadi kita jangan membuli menghujat dan gibahnya ya kawan seharusnya kita dukung program beliau agar maksimal membangun kaltim ingat kawan manusia itu tidak ada yang sempurna dia juga berbuat seperti itu buat masrakat kita kaltim meng angkat marwah wibawa dan mengenalkan kaltim itu memang kaya santun lah kita ber tutur kata bahasa di sosial media sosmed kita tunjukkan ke dunia orang kaltim punya ahlak adab dan sopan santun kawan 3 1
mobil dinas baru gubernur kaltim,https://www.tiktok.com/@sewaktu.com/video/7611114459628571920,@sewaktu.com,@rsstw__,https://www.tiktok.com/@rsstw__,KATAKAN??? 2-26,0,KATAKAN??? 2-26,katakan 2 26
mobil dinas baru gubernur kaltim,https://www.tiktok.com/@sewaktu.com/video/7611114459628571920,@sewaktu.com,@fajar_beronza,https://www.tiktok.com/@fajar_beronza,lain marwah nu jlas mah eta duit rakyat 😂😂 2-26,0,lain marwah nu jlas mah eta duit rakyat 😂😂 2-26,lain marwah nu jlas mah eta duit rakyat 2 26
mobil dinas baru gubernur kaltim,https://www.tiktok.com/@robi.plur/video/7611168030877322514,@robi.plur,@qrontll,https://www.tiktok.com/@qrontll,JANGAN SURUH SAYA PAKAI KIJANG DEK 🤣 2-27,1636,JANGAN SURUH SAYA PAKAI KIJANG DEK 🤣 2-27,jangan suruh saya pakai kijang dek 2 27
mobil dinas baru gubernur kaltim,https://www.tiktok.com/@robi.plur/video/7611168030877322514,@robi.plur,@baaybaa,https://www.tiktok.com/@baaybaa,"harus presiden 2029 ,Hidup.gubernur kaltim 🥰 2-27",17,"harus presiden 2029 ,Hidup.gubernur kaltim 🥰 2-27",harus presiden 2029 hidup gubernur kaltim 2 27
mobil dinas baru gubernur kaltim,https://www.tiktok.com/@robi.plur/video/7611168030877322514,@robi.plur,@tuanmudaabimana25,https://www.tiktok.com/@tuanmudaabimana25,"kalimantan pakai triton, strada, hylux double cabin 4x4 sudah aman pak. jangan maksain pakai mobil mewah. 2-27",234,"kalimantan pakai triton, strada, hylux double cabin 4x4 sudah aman pak. jangan maksain pakai mobil mewah. 2-27",kalimantan pakai triton strada hylux double cabin 4x4 sudah aman pak jangan maksain pakai mobil mewah 2 27
mobil dinas baru gubernur kaltim,https://www.tiktok.com/@robi.plur/video/7611168030877322514,@robi.plur,@d3ddy26,https://www.tiktok.com/@d3ddy26,"..pak gubernur kalau mau mengangkat marwah Kaltim, tingkatkan kemajuan daerah bukan beli mobil mewah...ingat pak, jadi gubernur itu atas keinginan bapak & dipilih rakyat. 2-27",653,"..pak gubernur kalau mau mengangkat marwah Kaltim, tingkatkan kemajuan daerah bukan beli mobil mewah...ingat pak, jadi gubernur itu atas keinginan bapak & dipilih rakyat. 2-27",pak gubernur kalau mau mengangkat marwah kaltim tingkatkan kemajuan daerah bukan beli mobil mewah ingat pak jadi gubernur itu atas keinginan bapak dipilih rakyat 2 27
mobil dinas baru gubernur kaltim,https://www.tiktok.com/@robi.plur/video/7611168030877322514,@robi.plur,@callmeucups,https://www.tiktok.com/@callmeucups,"sebenernya 8,5M itu wajar wajar aja kalo untuk 7-8 mobil, karena di tiap provinsi mobil dinas gubernur nya minimal land cruiser dan alphard 2-27",4,"sebenernya 8,5M itu wajar wajar aja kalo untuk 7-8 mobil, karena di tiap provinsi mobil dinas gubernur nya minimal land cruiser dan alphard 2-27",sebenernya 8 5m itu wajar wajar saja kalo untuk 7 8 mobil karena di tiap provinsi mobil dinas gubernur nya minimal land cruiser dan alphard 2 27
mobil dinas baru gubernur kaltim,https://www.tiktok.com/@robi.plur/video/7611168030877322514,@robi.plur,@lovebyzed,https://www.tiktok.com/@lovebyzed,Omongan nya ga masuk di logika 🙏🏻 2-28,23,Omongan nya ga masuk di logika 🙏🏻 2-28,omongan nya tidak masuk di logika 2 28
mobil dinas baru gubernur kaltim,https://www.tiktok.com/@robi.plur/video/7611168030877322514,@robi.plur,@kikikiwwwk,https://www.tiktok.com/@kikikiwwwk,kaltim 2-28,94,kaltim 2-28,kaltim 2 28
mobil dinas baru gubernur kaltim,https://www.tiktok.com/@robi.plur/video/7611168030877322514,@robi.plur,@pujharani25,https://www.tiktok.com/@pujharani25,"jalan tuh benerin dulu harus nya, biar sesuai sama mobil 3-1",32,"jalan tuh benerin dulu harus nya, biar sesuai sama mobil 3-1",jalan tuh benerin dulu harus nya biar sesuai sama mobil 3 1
mobil dinas baru gubernur kaltim,https://www.tiktok.com/@robi.plur/video/7611168030877322514,@robi.plur,@toko.kak.uwa,https://www.tiktok.com/@toko.kak.uwa,pinter ngomong 2-27,13,pinter ngomong 2-27,pinter ngomong 2 27
mobil dinas baru gubernur kaltim,https://www.tiktok.com/@robi.plur/video/7611168030877322514,@robi.plur,@indra.prtama7,https://www.tiktok.com/@indra.prtama7,jangan saya suruh pake jalan kaki 😂😂 2-27,7,jangan saya suruh pake jalan kaki 😂😂 2-27,jangan saya suruh pake jalan kaki 2 27
mobil dinas baru gubernur kaltim,https://www.tiktok.com/@robi.plur/video/7611168030877322514,@robi.plur,@ahmadmughofar,https://www.tiktok.com/@ahmadmughofar,"Kijang kalau jalannya bagus juga enak ,,, 3-1",4,"Kijang kalau jalannya bagus juga enak ,,, 3-1",kijang kalau jalannya bagus juga enak 3 1
mobil dinas baru gubernur kaltim,https://www.tiktok.com/@robi.plur/video/7611168030877322514,@robi.plur,@endik580,https://www.tiktok.com/@endik580,"sudahlah pak, orang sudah tahu. gak perlu bicara panjang lebar 2-27",696,"sudahlah pak, orang sudah tahu. gak perlu bicara panjang lebar 2-27",sudahlah pak orang sudah tahu tidak perlu bicara panjang lebar 2 27
mobil dinas baru gubernur kaltim,https://www.tiktok.com/@robi.plur/video/7611168030877322514,@robi.plur,@adi.firman.syarif,https://www.tiktok.com/@adi.firman.syarif,pak gubernur.. tolong dicepat kan magrib nya 2-28,3,pak gubernur.. tolong dicepat kan magrib nya 2-28,pak gubernur tolong dicepat kan magrib nya 2 28
mobil dinas baru gubernur kaltim,https://www.tiktok.com/@robi.plur/video/7611168030877322514,@robi.plur,@kodokjail,https://www.tiktok.com/@kodokjail,Harusnya kan jalan yg diperbaiki biar tamunya akses gampang 2-27,21,Harusnya kan jalan yg diperbaiki biar tamunya akses gampang 2-27,harusnya kan jalan yang diperbaiki biar tamunya akses gampang 2 27
mobil dinas baru gubernur kaltim,https://www.tiktok.com/@robi.plur/video/7611168030877322514,@robi.plur,@arul.0789,https://www.tiktok.com/@arul.0789,",cerita macet,jln propensi dibagusin 2-27",5,",cerita macet,jln propensi dibagusin 2-27",cerita macet jln propensi dibagusin 2 27
mobil dinas baru gubernur kaltim,https://www.tiktok.com/@robi.plur/video/7611168030877322514,@robi.plur,@farrelism1,https://www.tiktok.com/@farrelism1,"Misalnya ni kalau ada orang melintasi suatu daerah itu yang pertama dilihat atau dirasakan ya keadaan jalan bukan seberapa kayanya kepala daerah, kalau jalan nya baguss otomatis lngsung keinget sama siapa pimpinan daerahny 3-2",2,"Misalnya ni kalau ada orang melintasi suatu daerah itu yang pertama dilihat atau dirasakan ya keadaan jalan bukan seberapa kayanya kepala daerah, kalau jalan nya baguss otomatis lngsung keinget sama siapa pimpinan daerahny 3-2",misalnya ni kalau ada orang melintasi suatu daerah itu yang pertama dilihat atau dirasakan ya keadaan jalan bukan seberapa kayanya kepala daerah kalau jalan nya baguss otomatis lngsung keinget sama siapa pimpinan daerahny 3 2
mobil dinas baru gubernur kaltim,https://www.tiktok.com/@robi.plur/video/7611168030877322514,@robi.plur,@proximuscesar,https://www.tiktok.com/@proximuscesar,Kasian kaltim gubernurnya gini 2-27,13,Kasian kaltim gubernurnya gini 2-27,kasian kaltim gubernurnya gini 2 27
mobil dinas baru gubernur kaltim,https://www.tiktok.com/@robi.plur/video/7611168030877322514,@robi.plur,@irwannedabang,https://www.tiktok.com/@irwannedabang,gpp pake kijang tapi semua jalan bagus.masyarakat gak ngelu soal jln.. itu bru org akui😂🙏 3-7,3,gpp pake kijang tapi semua jalan bagus.masyarakat gak ngelu soal jln.. itu bru org akui😂🙏 3-7,gpp pake kijang tapi semua jalan bagus masyarakat tidak ngelu soal jln itu bru org akui 3 7
mobil dinas baru gubernur kaltim,https://www.tiktok.com/@robi.plur/video/7611168030877322514,@robi.plur,@just_handoko,https://www.tiktok.com/@just_handoko,termasuk pinter omong 2-27,12,termasuk pinter omong 2-27,termasuk pinter omong 2 27
mobil dinas baru gubernur kaltim,https://www.tiktok.com/@robi.plur/video/7611168030877322514,@robi.plur,@tanyaaja555,https://www.tiktok.com/@tanyaaja555,"ingat, jangan sampe logikanya ikut masuk ke logika teman2 mahasiswa, ya jalannya bnerin bukan mobilnya d bagusin. emang yg jalan mobil dia doang. para pencari nafkah loh 3-7",1,"ingat, jangan sampe logikanya ikut masuk ke logika teman2 mahasiswa, ya jalannya bnerin bukan mobilnya d bagusin. emang yg jalan mobil dia doang. para pencari nafkah loh 3-7",ingat jangan sampe logikanya ikut masuk ke logika teman2 mahasiswa ya jalannya bnerin bukan mobilnya d bagusin emang yang jalan mobil dia doang para pencari nafkah loh 3 7
mobil dinas baru gubernur kaltim,https://www.tiktok.com/@klikkaltim_/video/7610061418548808967,@klikkaltim_,@aisyahsyifahdavina,https://www.tiktok.com/@aisyahsyifahdavina,jalan nya di perbaiki ketua bkn mobil nya di mewahin 😏 pajero atau fortuner aja di tambang dngan jalan licin atau extream aja lolos aja alhamdullilah . masa iya jembatan putus mau ke seberang hrus beli mobil terbang dlu . perbaiki jembatan nya 2-23,1,jalan nya di perbaiki ketua bkn mobil nya di mewahin 😏 pajero atau fortuner aja di tambang dngan jalan licin atau extream aja lolos aja alhamdullilah . masa iya jembatan putus mau ke seberang hrus beli mobil terbang dlu . perbaiki jembatan nya 2-23,jalan nya di perbaiki ketua bkn mobil nya di mewahin pajero atau fortuner saja di tambang dngan jalan licin atau extream saja lolos saja alhamdullilah masa iya jembatan putus mau ke seberang hrus beli mobil terbang dlu perbaiki jembatan nya 2 23
mobil dinas baru gubernur kaltim,https://www.tiktok.com/@klikkaltim_/video/7610061418548808967,@klikkaltim_,@o.gayoo,https://www.tiktok.com/@o.gayoo,Padahal mobil arak arak an nya mobil biasa tembus tembus aja 🤣🤣🤣🤣 kok mikirin diri nya sendiri itu loh gimna mau mikirin rakyat nya 2-24,1,Padahal mobil arak arak an nya mobil biasa tembus tembus aja 🤣🤣🤣🤣 kok mikirin diri nya sendiri itu loh gimna mau mikirin rakyat nya 2-24,padahal mobil arak arak an nya mobil biasa tembus tembus saja kok mikirin diri nya sendiri itu loh gimna mau mikirin rakyat nya 2 24
mobil dinas baru gubernur kaltim,https://www.tiktok.com/@klikkaltim_/video/7610061418548808967,@klikkaltim_,@bijiciwadak,https://www.tiktok.com/@bijiciwadak,"Sejarah mencatat, kekuasaan bukan diukur dari kemewahan fasilitasnya, melainkan dari seberapa kuat ia berpihak pada rakyat kecil. Rp8,5 miliar dari dana Pemprov Kaltim untuk suatu kendaraan adalah angka yang sah untuk dipertanyakan secara moral dan kebijakan. Bukan karena kita anti fasilitas. Tetapi karena prioritas adalah cerminan nurani. Di saat masyarakat membutuhkan akses pendidikan, kesehatan, infrastruktur, keputusan anggaran harus sensitif terhadap rasa keadilan publik. Kritik ini bukan serangan pribadi. Ini panggilan tanggung jawab. Karena dalam demokrasi, yang paling tinggi bukan jabatan — melainkan kedaulatan rakyat.” 2-24",0,"Sejarah mencatat, kekuasaan bukan diukur dari kemewahan fasilitasnya, melainkan dari seberapa kuat ia berpihak pada rakyat kecil. Rp8,5 miliar dari dana Pemprov Kaltim untuk suatu kendaraan adalah angka yang sah untuk dipertanyakan secara moral dan kebijakan. Bukan karena kita anti fasilitas. Tetapi karena prioritas adalah cerminan nurani. Di saat masyarakat membutuhkan akses pendidikan, kesehatan, infrastruktur, keputusan anggaran harus sensitif terhadap rasa keadilan publik. Kritik ini bukan serangan pribadi. Ini panggilan tanggung jawab. Karena dalam demokrasi, yang paling tinggi bukan jabatan — melainkan kedaulatan rakyat.” 2-24",sejarah mencatat kekuasaan bukan diukur dari kemewahan fasilitasnya melainkan dari seberapa kuat ia berpihak pada rakyat kecil rp8 5 miliar dari dana pemprov kaltim untuk suatu kendaraan adalah angka yang sah untuk dipertanyakan secara moral dan kebijakan bukan karena kita anti fasilitas tetapi karena prioritas adalah cerminan nurani di saat masyarakat membutuhkan akses pendidikan kesehatan infrastruktur keputusan anggaran harus sensitif terhadap rasa keadilan publik kritik ini bukan serangan pribadi ini panggilan tanggung jawab karena dalam demokrasi yang paling tinggi bukan jabatan melainkan kedaulatan rakyat 2 24
mobil dinas baru gubernur kaltim,https://www.tiktok.com/@klikkaltim_/video/7610061418548808967,@klikkaltim_,@agussetiawan2109,https://www.tiktok.com/@agussetiawan2109,sini lah ke bontang lewat darat jngan kau lewat muara badak lewat jalan poros ny🤣🤣🤣 2-23,0,sini lah ke bontang lewat darat jngan kau lewat muara badak lewat jalan poros ny🤣🤣🤣 2-23,sini lah ke bontang lewat darat jngan kau lewat muara badak lewat jalan poros ny 2 23
mobil dinas kaltim marwah,https://www.tiktok.com/@asbo.titha/video/7632508094207085842,@asbo.titha,@mrmr.isa,https://www.tiktok.com/@mrmr.isa,Ini bukan manusia Gubernur babi' hutan dasar manusia 🐷🐷🐷🐷 4-25,2,Ini bukan manusia Gubernur babi' hutan dasar manusia 🐷🐷🐷🐷 4-25,ini bukan manusia gubernur babi hutan dasar manusia 4 25
mobil dinas kaltim marwah,https://www.tiktok.com/@asbo.titha/video/7632508094207085842,@asbo.titha,@yuke.sumeru2,https://www.tiktok.com/@yuke.sumeru2,monyet kampung 😂😂😂 4-25,1,monyet kampung 😂😂😂 4-25,monyet kampung 4 25
mobil dinas kaltim marwah,https://www.tiktok.com/@asbo.titha/video/7632508094207085842,@asbo.titha,@bundaningrum66,https://www.tiktok.com/@bundaningrum66,marwah marwah preeetttt 4-25,1,marwah marwah preeetttt 4-25,marwah marwah preeetttt 4 25
mobil dinas kaltim marwah,https://www.tiktok.com/@asbo.titha/video/7632508094207085842,@asbo.titha,@putra.mahkota6589,https://www.tiktok.com/@putra.mahkota6589,soal Marwah di bicarakan tapi rakyatnya menderita dasar gubernur konoha 4-25,1,soal Marwah di bicarakan tapi rakyatnya menderita dasar gubernur konoha 4-25,soal marwah di bicarakan tapi rakyatnya menderita dasar gubernur konoha 4 25
mobil dinas kaltim marwah,https://www.tiktok.com/@asbo.titha/video/7632508094207085842,@asbo.titha,@srnryt,https://www.tiktok.com/@srnryt,gk jelas 4-25,1,gk jelas 4-25,tidak jelas 4 25
mobil dinas kaltim marwah,https://www.tiktok.com/@asbo.titha/video/7632508094207085842,@asbo.titha,@user3454613188756,https://www.tiktok.com/@user3454613188756,mikir ojo gawe sempatan kesepitan duwete sopo 5-24,0,mikir ojo gawe sempatan kesepitan duwete sopo 5-24,mikir ojo gawe sempatan kesepitan duwete sopo 5 24
mobil dinas kaltim marwah,https://www.tiktok.com/@asbo.titha/video/7632508094207085842,@asbo.titha,@lilis.elyanty,https://www.tiktok.com/@lilis.elyanty,lcopot aja langsung 5-10,0,lcopot aja langsung 5-10,lcopot saja langsung 5 10
mobil dinas kaltim marwah,https://www.tiktok.com/@asbo.titha/video/7632508094207085842,@asbo.titha,@novi.lestari777,https://www.tiktok.com/@novi.lestari777,pecat aja turun kan kalau tidak perhatikan rakyat 5-6,0,pecat aja turun kan kalau tidak perhatikan rakyat 5-6,pecat saja turun kan kalau tidak perhatikan rakyat 5 6
mobil dinas kaltim marwah,https://www.tiktok.com/@asbo.titha/video/7632508094207085842,@asbo.titha,@messidiego12,https://www.tiktok.com/@messidiego12,bubenur koropsi ituh tdak benar 5-1,0,bubenur koropsi ituh tdak benar 5-1,bubenur koropsi ituh tdak benar 5 1
mobil dinas kaltim marwah,https://www.tiktok.com/@asbo.titha/video/7632508094207085842,@asbo.titha,@rachmat2084,https://www.tiktok.com/@rachmat2084,"Marwah masyarakat Kaltim , jalan berlumpur Tah pak gubernur Rudi 5-1",0,"Marwah masyarakat Kaltim , jalan berlumpur Tah pak gubernur Rudi 5-1",marwah masyarakat kaltim jalan berlumpur tah pak gubernur rudi 5 1
mobil dinas kaltim marwah,https://www.tiktok.com/@asbo.titha/video/7632508094207085842,@asbo.titha,@andrebarbara643,https://www.tiktok.com/@andrebarbara643,masak iya mobil nya bgus yg pakek alakadarnya mcm ini . jngn dong jaga Marwah mobilnya itu ... 4-25,0,masak iya mobil nya bgus yg pakek alakadarnya mcm ini . jngn dong jaga Marwah mobilnya itu ... 4-25,masak iya mobil nya bgus yang pakek alakadarnya mcm ini jngn dong jaga marwah mobilnya itu 4 25
mobil dinas kaltim marwah,https://www.tiktok.com/@asbo.titha/video/7632508094207085842,@asbo.titha,@akigalau.55,https://www.tiktok.com/@akigalau.55,Nepal kan bos ku 4-25,0,Nepal kan bos ku 4-25,nepal kan bos ku 4 25
mobil dinas kaltim marwah,https://www.tiktok.com/@asbo.titha/video/7632508094207085842,@asbo.titha,@khoriati.riati,https://www.tiktok.com/@khoriati.riati,marwah preeeeeeeeeeet 4-25,0,marwah preeeeeeeeeeet 4-25,marwah preeeeeeeeeeet 4 25
mobil dinas kaltim marwah,https://www.tiktok.com/@asbo.titha/video/7632508094207085842,@asbo.titha,@johanthasmin,https://www.tiktok.com/@johanthasmin,marwah utk pribadi 4-25,0,marwah utk pribadi 4-25,marwah untuk pribadi 4 25
mobil dinas kaltim marwah,https://www.tiktok.com/@asbo.titha/video/7632508094207085842,@asbo.titha,@usnadinadi871,https://www.tiktok.com/@usnadinadi871,msarzkat yang mana kan ralya kg suka 4-25,0,msarzkat yang mana kan ralya kg suka 4-25,msarzkat yang mana kan ralya kg suka 4 25
mobil dinas kaltim marwah,https://www.tiktok.com/@the_amor70/video/7610666343985138951,@the_amor70,@abdullah1707750099,https://www.tiktok.com/@abdullah1707750099,gubernur ada enggak rasa ibah terhadap rakyat miskin 2-25,13,gubernur ada enggak rasa ibah terhadap rakyat miskin 2-25,gubernur ada enggak rasa ibah terhadap rakyat miskin 2 25
mobil dinas kaltim marwah,https://www.tiktok.com/@the_amor70/video/7610666343985138951,@the_amor70,@mriam.mriam13,https://www.tiktok.com/@mriam.mriam13,"dah keliatan dari aura nya, aura... tolong diisi titik titiknya gaez 2-26",4,"dah keliatan dari aura nya, aura... tolong diisi titik titiknya gaez 2-26",dah keliatan dari aura nya aura tolong diisi titik titiknya gaez 2 26
mobil dinas kaltim marwah,https://www.tiktok.com/@the_amor70/video/7610666343985138951,@the_amor70,@didikprasetyo896,https://www.tiktok.com/@didikprasetyo896,"inilah pejabt kita,rakyat akan trs di peras pajak 2-25",4,"inilah pejabt kita,rakyat akan trs di peras pajak 2-25",inilah pejabt kita rakyat akan trs di peras pajak 2 25
mobil dinas kaltim marwah,https://www.tiktok.com/@the_amor70/video/7610666343985138951,@the_amor70,@arifdwip,https://www.tiktok.com/@arifdwip,sah puasanya kalo gibahin gubernur begini 3-4,1,sah puasanya kalo gibahin gubernur begini 3-4,sah puasanya kalo gibahin gubernur begini 3 4
mobil dinas kaltim marwah,https://www.tiktok.com/@the_amor70/video/7610666343985138951,@the_amor70,@egizidan4,https://www.tiktok.com/@egizidan4,bergerak turun kan jabatanya 2-25,2,bergerak turun kan jabatanya 2-25,bergerak turun kan jabatanya 2 25
mobil dinas kaltim marwah,https://www.tiktok.com/@the_amor70/video/7610666343985138951,@the_amor70,@buldozer5038,https://www.tiktok.com/@buldozer5038,"beli mobil 8.5 m mau selesai masa jabatan di dum jadi milik pribadi, 😂😂 3-2",4,"beli mobil 8.5 m mau selesai masa jabatan di dum jadi milik pribadi, 😂😂 3-2",beli mobil 8 5 m mau selesai masa jabatan di dum jadi milik pribadi 3 2
mobil dinas kaltim marwah,https://www.tiktok.com/@the_amor70/video/7610666343985138951,@the_amor70,@arierahmat832,https://www.tiktok.com/@arierahmat832,iya kah buat masyarakat kaltim bukan buat dompet pribadi kah pak gubernur 2-25,2,iya kah buat masyarakat kaltim bukan buat dompet pribadi kah pak gubernur 2-25,iya kah buat masyarakat kaltim bukan buat dompet pribadi kah pak gubernur 2 25
mobil dinas kaltim marwah,https://www.tiktok.com/@the_amor70/video/7610666343985138951,@the_amor70,@alindanurfitriani,https://www.tiktok.com/@alindanurfitriani,ohh baru Nemu kalimat Marwah dr Kaltim toh ini mksdnya,0,ohh baru Nemu kalimat Marwah dr Kaltim toh ini mksdnya,ohh baru nemu kalimat marwah dari kaltim toh ini mksdnya
mobil dinas kaltim marwah,https://www.tiktok.com/@the_amor70/video/7610666343985138951,@the_amor70,@asy..coy,https://www.tiktok.com/@asy..coy,ketahuan ....lah.....telanjur berkuasa...gak apa2 lah 2-25,8,ketahuan ....lah.....telanjur berkuasa...gak apa2 lah 2-25,ketahuan lah telanjur berkuasa tidak apa2 lah 2 25
mobil dinas kaltim marwah,https://www.tiktok.com/@the_amor70/video/7610666343985138951,@the_amor70,@teguhharyono64,https://www.tiktok.com/@teguhharyono64,parah ni Gub kaltim 2-27,1,parah ni Gub kaltim 2-27,parah ni gub kaltim 2 27
mobil dinas kaltim marwah,https://www.tiktok.com/@the_amor70/video/7610666343985138951,@the_amor70,@jemii897,https://www.tiktok.com/@jemii897,Target Nya Gedung Merah Putih ini 😂😂 2-25,2,Target Nya Gedung Merah Putih ini 😂😂 2-25,target nya gedung merah putih ini 2 25
mobil dinas kaltim marwah,https://www.tiktok.com/@the_amor70/video/7610666343985138951,@the_amor70,@cappucinomilktea22,https://www.tiktok.com/@cappucinomilktea22,mikirin diri sendiri dongg jatohnya😭🤣 3-5,1,mikirin diri sendiri dongg jatohnya😭🤣 3-5,mikirin diri sendiri dongg jatohnya 3 5
mobil dinas kaltim marwah,https://www.tiktok.com/@the_amor70/video/7610666343985138951,@the_amor70,@kr_tirtowijoyo1,https://www.tiktok.com/@kr_tirtowijoyo1,Gubernur bengek 3-7,1,Gubernur bengek 3-7,gubernur bengek 3 7
mobil dinas kaltim marwah,https://www.tiktok.com/@the_amor70/video/7610666343985138951,@the_amor70,@sucipto494,https://www.tiktok.com/@sucipto494,Kalimantan bnyak jln yg rusak parah 3-1,1,Kalimantan bnyak jln yg rusak parah 3-1,kalimantan bnyak jln yang rusak parah 3 1
mobil dinas kaltim marwah,https://www.tiktok.com/@the_amor70/video/7610666343985138951,@the_amor70,@bakul_cilok86,https://www.tiktok.com/@bakul_cilok86,marwah kaltim / pingin naik mobil bagus 3-3,1,marwah kaltim / pingin naik mobil bagus 3-3,marwah kaltim pingin naik mobil bagus 3 3
mobil dinas kaltim marwah,https://www.tiktok.com/@the_amor70/video/7610666343985138951,@the_amor70,@utagei6,https://www.tiktok.com/@utagei6,harusnya motor 2-25,2,harusnya motor 2-25,harusnya motor 2 25
mobil dinas kaltim marwah,https://www.tiktok.com/@the_amor70/video/7610666343985138951,@the_amor70,@aran1095,https://www.tiktok.com/@aran1095,uda..lagi musim mmng.. 2-25,2,uda..lagi musim mmng.. 2-25,uda lagi musim mmng 2 25
mobil dinas kaltim marwah,https://www.tiktok.com/@the_amor70/video/7610666343985138951,@the_amor70,@dhenokk06,https://www.tiktok.com/@dhenokk06,lha kalau kepala daerah nya seperti inii.. ya rakyat miskin sengsara pak😭 2-25,1,lha kalau kepala daerah nya seperti inii.. ya rakyat miskin sengsara pak😭 2-25,lha kalau kepala daerah nya seperti inii ya rakyat miskin sengsara pak 2 25
mobil dinas kaltim marwah,https://www.tiktok.com/@the_amor70/video/7610666343985138951,@the_amor70,@jef12315,https://www.tiktok.com/@jef12315,fix...gubernur Marwah... 5-24,0,fix...gubernur Marwah... 5-24,fix gubernur marwah 5 24
mobil dinas kaltim marwah,https://www.tiktok.com/@the_amor70/video/7610666343985138951,@the_amor70,@donnygerot6gmail.com,https://www.tiktok.com/@donnygerot6gmail.com,he he em 2-25,2,he he em 2-25,he he em 2 25
mobil dinas kaltim marwah,https://www.tiktok.com/@treasuretoysid/video/7642284440391077141,@treasuretoysid,@gregory.finnsean,https://www.tiktok.com/@gregory.finnsean,[Stiker] ponakan datang 5-22,2,[Stiker] ponakan datang 5-22,stiker ponakan datang 5 22
mobil dinas kaltim marwah,https://www.tiktok.com/@treasuretoysid/video/7642284440391077141,@treasuretoysid,@dika.hafe,https://www.tiktok.com/@dika.hafe,pertama bg🔥🔥🔥 5-21,2,pertama bg🔥🔥🔥 5-21,pertama bg 5 21
mobil dinas kaltim marwah,https://www.tiktok.com/@mr.random1945/video/7611212543067213074,@mr.random1945,@vanessia05,https://www.tiktok.com/@vanessia05,"uang siapa 8,5 m pak😁 2-27",1,"uang siapa 8,5 m pak😁 2-27",uang siapa 8 5 m pak 2 27
mobil dinas kaltim marwah,https://www.tiktok.com/@mr.random1945/video/7611212543067213074,@mr.random1945,@user5263123137284,https://www.tiktok.com/@user5263123137284,kerja kerja .yg bener mobil aja yg di pikirin . 2-27,1,kerja kerja .yg bener mobil aja yg di pikirin . 2-27,kerja kerja yang bener mobil saja yang di pikirin 2 27
mobil dinas kaltim marwah,https://www.tiktok.com/@mr.random1945/video/7611212543067213074,@mr.random1945,@sa_midzi16,https://www.tiktok.com/@sa_midzi16,Knp jgn? Lo manusia2 juga..marwah atau validasi yg lo kejar. 2-27,2,Knp jgn? Lo manusia2 juga..marwah atau validasi yg lo kejar. 2-27,knp jgn lo manusia2 juga marwah atau validasi yang lo kejar 2 27
mobil dinas kaltim marwah,https://www.tiktok.com/@aby.drone/video/7631155160395402516,@aby.drone,@asikinsaja22_,https://www.tiktok.com/@asikinsaja22_,loundry... 5-17,0,loundry... 5-17,loundry 5 17
mobil dinas kaltim marwah,https://www.tiktok.com/@aby.drone/video/7631155160395402516,@aby.drone,@pejuang.rupiah2572,https://www.tiktok.com/@pejuang.rupiah2572,yang penting jaga Marwah😁😁😁 4-21,1,yang penting jaga Marwah😁😁😁 4-21,yang penting jaga marwah 4 21
mobil dinas kaltim marwah,https://www.tiktok.com/@aby.drone/video/7631155160395402516,@aby.drone,@tugion1,https://www.tiktok.com/@tugion1,menurut saya pemimpin kaltim pemimpin x royal tp tidak masarakat x pecat aja gass 4-22,2,menurut saya pemimpin kaltim pemimpin x royal tp tidak masarakat x pecat aja gass 4-22,menurut saya pemimpin kaltim pemimpin x royal tapi tidak masarakat x pecat saja gass 4 22
mobil dinas kaltim marwah,https://www.tiktok.com/@aby.drone/video/7631155160395402516,@aby.drone,@annalulamii,https://www.tiktok.com/@annalulamii,klo di usut gmn dgn org2 yg bersangkutan dgn pengadaan barang ya?? dri jabat sibuk urus marwah bkn urut warga kaltim.. 5-5,0,klo di usut gmn dgn org2 yg bersangkutan dgn pengadaan barang ya?? dri jabat sibuk urus marwah bkn urut warga kaltim.. 5-5,kalau di usut gmn dengan org2 yang bersangkutan dengan pengadaan barang ya dri jabat sibuk urus marwah bkn urut warga kaltim 5 5
mobil dinas kaltim marwah,https://www.tiktok.com/@aby.drone/video/7631155160395402516,@aby.drone,@eeendi1132,https://www.tiktok.com/@eeendi1132,kenapa kok gubernur bginan kok g lgsung di pecat saja 5-4,0,kenapa kok gubernur bginan kok g lgsung di pecat saja 5-4,kenapa kok gubernur bginan kok g lgsung di pecat saja 5 4
mobil dinas gubernur kaltim marwah,https://www.tiktok.com/@balikpapan.aerial/video/7611418293752253703,@balikpapan.aerial,@ahmadhanif171,https://www.tiktok.com/@ahmadhanif171,marwah nya jalan nya di biarin aja wk 2-27,1,marwah nya jalan nya di biarin aja wk 2-27,marwah nya jalan nya di biarin saja wk 2 27
mobil dinas gubernur kaltim marwah,https://www.tiktok.com/@balikpapan.aerial/video/7611418293752253703,@balikpapan.aerial,@arieummunisa,https://www.tiktok.com/@arieummunisa,Marwah opo gengsi tho pak 😂 2-27,2,Marwah opo gengsi tho pak 😂 2-27,marwah opo gengsi tho pak 2 27
mobil dinas gubernur kaltim marwah,https://www.tiktok.com/@balikpapan.aerial/video/7611418293752253703,@balikpapan.aerial,@m3llong,https://www.tiktok.com/@m3llong,kita jaga marwah Kalimantan Timur🥰 2-27,2,kita jaga marwah Kalimantan Timur🥰 2-27,kita jaga marwah kalimantan timur 2 27
mobil dinas gubernur kaltim marwah,https://www.tiktok.com/@balikpapan.aerial/video/7611418293752253703,@balikpapan.aerial,@qiyu_qiyu_86,https://www.tiktok.com/@qiyu_qiyu_86,si paling Marwah 😩😩😩😩 2-27,2,si paling Marwah 😩😩😩😩 2-27,si paling marwah 2 27
