Column 1,username,original_text,reply_url,source_tiktok,annotator_aspect,ai_aspect,researcher_aspect,final_aspect,annotator_sentiment,ai_sentiment,researcher_sentiment,final_sentiment,final_label,notes,clean_text,id
1,@anhari_li,"alasan saja lembali padahal tetap dipakai, kpk periksa guburnur kkn itu 3-4",https://www.tiktok.com/@anhari_li,https://www.tiktok.com/@beritakukar/video/7613011166838738196,Akuntabilitas,Akuntabilitas,Akuntabilitas,Akuntabilitas,Negatif,Negatif,Negatif,Negatif,Akuntabilitas_Negatif,,alasan saja lembali padahal tetap dipakai kpk periksa guburnur kkn itu 3 4,1
2,@yan.lim.kam.siu,😂😂😂😂 pecat sudah 5-13,https://www.tiktok.com/@yan.lim.kam.siu,https://www.tiktok.com/@aditya.yudono/video/7631554392633675028,Akuntabilitas,Akuntabilitas,Akuntabilitas,Akuntabilitas,Negatif,Negatif,Negatif,Negatif,Akuntabilitas_Negatif,,pecat sudah 5 13,2
3,@sofieyanayana,kpk lagi tidur 5-4,https://www.tiktok.com/@sofieyanayana,https://www.tiktok.com/@keadilanfiktif/video/7615447599402798357,Akuntabilitas,Akuntabilitas,Akuntabilitas,Akuntabilitas,Negatif,Negatif,Negatif,Negatif,Akuntabilitas_Negatif,,kpk lagi tidur 5 4,3
4,@zambudisusilo42,yg udah tau cara lapor ada dugaan gratifikasi atau korupsi ayo lapor ke KPK... biar cpat di usut .... 3-6,https://www.tiktok.com/@zambudisusilo42,https://www.tiktok.com/@beritakukar/video/7612310183590530324,Akuntabilitas,Akuntabilitas,Akuntabilitas,Akuntabilitas,Negatif,Negatif,Negatif,Negatif,Akuntabilitas_Negatif,,yg udah tau cara lapor ada dugaan gratifikasi atau korupsi ayo lapor ke kpk biar cpat di usut 3 6,4
5,@paanebharra,kasian warga kalimantan punya pemimpin seperti ini🥺🥺😭😭 3-5,https://www.tiktok.com/@paanebharra,https://www.tiktok.com/@ae_affiliat/video/7612919691111107848,Akuntabilitas,Akuntabilitas,Akuntabilitas,Akuntabilitas,Negatif,Negatif,Negatif,Negatif,Akuntabilitas_Negatif,,kasian warga kalimantan punya pemimpin seperti ini 3 5,5
6,@ekaherman3,Betul Beliau Memang Pantas TerPilih👍Dgn Ketekunan Dan Ketulusan Hati Membangun Kaltim Maju Dan BerJaya🔥🔥 4-16,https://www.tiktok.com/@ekaherman3,https://www.tiktok.com/@keadilanfiktif/video/7615447599402798357,Akuntabilitas,Akuntabilitas,Akuntabilitas,Akuntabilitas,Positif,Positif,Positif,Positif,Akuntabilitas_Positif,,betul beliau memang pantas terpilih dgn ketekunan dan ketulusan hati membangun kaltim maju dan berjaya 4 16,6
7,@lovebyzed,Omongan nya ga masuk di logika 🙏🏻 2-28,https://www.tiktok.com/@lovebyzed,https://www.tiktok.com/@robi.plur/video/7611168030877322514,Transparansi,Transparansi,Responsivitas,Transparansi,Negatif,Negatif,Negatif,Negatif,Transparansi_Negatif,,omongan nya ga masuk di logika 2 28,7
8,@fahddinazhadi130,untuk apa mobil di beli kalo di beli tetap sama gak ada yg berubah tetap sama yg berubah gurbenur yg menjadi jadi 5-11,https://www.tiktok.com/@fahddinazhadi130,https://www.tiktok.com/@ibarat_azra/video/7631776481781271826,Efektivitas & Efisiensi,Efektivitas & Efisiensi,Efektivitas & Efisiensi,Efektivitas & Efisiensi,Negatif,Negatif,Negatif,Negatif,Efektivitas & Efisiensi_Negatif,,untuk apa mobil di beli kalo di beli tetap sama gak ada yg berubah tetap sama yg berubah gurbenur yg menjadi jadi 5 11,8
9,@_xzx_8,dimana2 jalan rusak di perbaiki bukanya malah update mobil🗿 2-25 71.4K,https://www.tiktok.com/@_xzx_8,https://www.tiktok.com/@metropolitan.id/video/7610646870599175445,Efektivitas & Efisiensi,Efektivitas & Efisiensi,Efektivitas & Efisiensi,Efektivitas & Efisiensi,Negatif,Negatif,Negatif,Negatif,Efektivitas & Efisiensi_Negatif,,dimana2 jalan rusak di perbaiki bukanya malah update mobil 2 25 71 4k,9
10,@deni_setiawan888,angaran keuangan luar negri bijak di olah buat kepentingan rakyat.y 4-24,https://www.tiktok.com/@deni_setiawan888,https://www.tiktok.com/@prapancas/video/7631918131128061191,Efektivitas & Efisiensi,Efektivitas & Efisiensi,Efektivitas & Efisiensi,Efektivitas & Efisiensi,Positif,Positif,Positif,Positif,Efektivitas & Efisiensi_Positif,,angaran keuangan luar negri bijak di olah buat kepentingan rakyat y 4 24,10
11,@atepsahripin,ganti saja gubernur kaltim itu 2-18,https://www.tiktok.com/@atepsahripin,https://www.tiktok.com/@ashepsayfullq/video/7608021220088433936,Akuntabilitas,Akuntabilitas,Akuntabilitas,Akuntabilitas,Negatif,Negatif,Negatif,Negatif,Akuntabilitas_Negatif,,ganti saja gubernur kaltim itu 2 18,11
12,@saidahida1804,mana suaranya KPK 4-21,https://www.tiktok.com/@saidahida1804,https://www.tiktok.com/@keadilanfiktif/video/7615447599402798357,Akuntabilitas,Akuntabilitas,Responsivitas,Akuntabilitas,Negatif,Negatif,Negatif,Negatif,Akuntabilitas_Negatif,,mana suaranya kpk 4 21,12
13,@anny24384,tidak di pecat yach Pak😅😅😅 3-26,https://www.tiktok.com/@anny24384,https://www.tiktok.com/@fans_pak_prabowo/video/7621100320243928341,Akuntabilitas,Akuntabilitas,Akuntabilitas,Akuntabilitas,Negatif,Negatif,Negatif,Negatif,Akuntabilitas_Negatif,,tidak di pecat yach pak 3 26,13
14,@mapleleafdiary,public speaking nya sangat bagusss 4-26,https://www.tiktok.com/@mapleleafdiary,https://www.tiktok.com/@themis.law3/video/7612442626234633480,Transparansi,Transparansi,Responsivitas,Transparansi,Positif,Positif,Positif,Positif,Transparansi_Positif,,public speaking nya sangat bagusss 4 26,14
15,@ranibengkel,Pesan Esemka bos seperti Mulyono...😁😁😁 2-25,https://www.tiktok.com/@ranibengkel,https://www.tiktok.com/@operasikhusus/video/7610752915036310791,Akuntabilitas,Akuntabilitas,Efektivitas & Efisiensi,Akuntabilitas,Negatif,Negatif,Negatif,Negatif,Akuntabilitas_Negatif,,pesan esemka bos seperti mulyono 2 25,15
16,@boinibrahim8,hemat buat rakyat buat pejabat poya poya omon omon 4-23,https://www.tiktok.com/@boinibrahim8,https://www.tiktok.com/@aditya.yudono/video/7631554392633675028,Efektivitas & Efisiensi,Efektivitas & Efisiensi,Efektivitas & Efisiensi,Efektivitas & Efisiensi,Negatif,Negatif,Negatif,Negatif,Efektivitas & Efisiensi_Negatif,,hemat buat rakyat buat pejabat poya poya omon omon 4 23,16
17,@dstnbrgf,Harusnya jalanya yang di perbagus bukan mobilnya 3-15,https://www.tiktok.com/@dstnbrgf,https://www.tiktok.com/@suka.otom0tif/video/7612478466214104328,Efektivitas & Efisiensi,Efektivitas & Efisiensi,Efektivitas & Efisiensi,Efektivitas & Efisiensi,Negatif,Negatif,Negatif,Negatif,Efektivitas & Efisiensi_Negatif,,harusnya jalanya yang di perbagus bukan mobilnya 3 15,17
18,@riko.azura,ekspresi rakyat nya 3-20,https://www.tiktok.com/@riko.azura,https://www.tiktok.com/@beritasatuofficial/video/7619163357022997780,Akuntabilitas,Akuntabilitas,Akuntabilitas,Akuntabilitas,Negatif,Negatif,Negatif,Negatif,Akuntabilitas_Negatif,,ekspresi rakyat nya 3 20,18
19,@raja.mansur8,gasss aj pakkkk 5-17,https://www.tiktok.com/@raja.mansur8,https://www.tiktok.com/@paramedis_army/video/7640251593434221845,Akuntabilitas,Akuntabilitas,Akuntabilitas,Akuntabilitas,Positif,Positif,Positif,Positif,Akuntabilitas_Positif,,gasss aj pakkkk 5 17,19
20,@ww.tiktok.com.bskara,ada sekitar tiga kilo yg sama sekali belum di sentuh oleh pemerintah jembatan. belum ada jalan masih jalan setapak 2-28,https://www.tiktok.com/@ww.tiktok.com.bskara,https://www.tiktok.com/@aimambandung/video/7611327878239620372,Efektivitas & Efisiensi,Efektivitas & Efisiensi,Akuntabilitas,Efektivitas & Efisiensi,Negatif,Negatif,Negatif,Negatif,Efektivitas & Efisiensi_Negatif,,ada sekitar tiga kilo yg sama sekali belum di sentuh oleh pemerintah jembatan belum ada jalan masih jalan setapak 2 28,20
21,@zieya471,langsung di spill sama pak presiden 4-12,https://www.tiktok.com/@zieya471,https://www.tiktok.com/@apasaja2825/video/7620377571229781269,Transparansi,Transparansi,Responsivitas,Transparansi,Positif,Negatif,Positif,Positif,Transparansi_Positif,,langsung di spill sama pak presiden 4 12,21
22,@ca780112,bukannya lebih baik anggaran mevvvah mobil utk bangun perbaiki jalan jalan ya.. 2-22,https://www.tiktok.com/@ca780112,https://www.tiktok.com/@mata_publik_/video/7608632050790239495,Efektivitas & Efisiensi,Efektivitas & Efisiensi,Efektivitas & Efisiensi,Efektivitas & Efisiensi,Negatif,Negatif,Negatif,Negatif,Efektivitas & Efisiensi_Negatif,,bukannya lebih baik anggaran mevvvah mobil utk bangun perbaiki jalan jalan ya 2 22,22
23,@uji.coba.ke.100,kalo kata gw mah anggaran segitu mah betulin jalan bukan malah beli mobil 8.5 m 2-28,https://www.tiktok.com/@uji.coba.ke.100,https://www.tiktok.com/@3halll/video/7611863206281137428,Efektivitas & Efisiensi,Efektivitas & Efisiensi,Efektivitas & Efisiensi,Efektivitas & Efisiensi,Negatif,Negatif,Negatif,Negatif,Efektivitas & Efisiensi_Negatif,,kalo kata gw mah anggaran segitu mah betulin jalan bukan malah beli mobil 8 5 m 2 28,23
24,@kaegoargata1,"Gubernur yg satu ini mampu menjaga marwah nya kaltim, Semoga masyarakat kaltim jg mampu menjaga arwah nya gubernur kaltim 4-24",https://www.tiktok.com/@kaegoargata1,https://www.tiktok.com/@prapancas/video/7631918131128061191,Akuntabilitas,Akuntabilitas,Akuntabilitas,Akuntabilitas,Positif,Positif,Positif,Positif,Akuntabilitas_Positif,,gubernur yg satu ini mampu menjaga marwah nya kaltim semoga masyarakat kaltim jg mampu menjaga arwah nya gubernur kaltim 4 24,24
25,@saikotravel0,waduhhh ngabisin agaran 3-3,https://www.tiktok.com/@saikotravel0,https://www.tiktok.com/@detik.lebak/video/7612096372824608008,Efektivitas & Efisiensi,Efektivitas & Efisiensi,Akuntabilitas,Efektivitas & Efisiensi,Negatif,Negatif,Negatif,Negatif,Efektivitas & Efisiensi_Negatif,,waduhhh ngabisin agaran 3 3,25
26,@denierwandierwand,dinasti politik 3-9,https://www.tiktok.com/@denierwandierwand,https://www.tiktok.com/@ompro_autocaree/video/7614061884127317266,Akuntabilitas,Akuntabilitas,Akuntabilitas,Akuntabilitas,Negatif,Negatif,Negatif,Negatif,Akuntabilitas_Negatif,,dinasti politik 3 9,26
27,@gabuters1431,Tapi g bisa apa2 wkwkkwkwkw 3-21,https://www.tiktok.com/@gabuters1431,https://www.tiktok.com/@wargawargi2025/video/7619281381293755669,Akuntabilitas,Responsivitas,Akuntabilitas,Akuntabilitas,Negatif,Negatif,Negatif,Negatif,Akuntabilitas_Negatif,,tapi g bisa apa2 wkwkkwkwkw 3 21,27
28,@pasoepati69,ini lucu juga seharusnya jalanya di perbaiki kalau jalan bagus pake mobil grenmax ajah terasa pake perari 😏,https://www.tiktok.com/@pasoepati69,https://www.tiktok.com/@beritakukar/video/7612310183590530324,Efektivitas & Efisiensi,Efektivitas & Efisiensi,Efektivitas & Efisiensi,Efektivitas & Efisiensi,Negatif,Negatif,Negatif,Negatif,Efektivitas & Efisiensi_Negatif,,ini lucu juga seharusnya jalanya di perbaiki kalau jalan bagus pake mobil grenmax ajah terasa pake perari,28
29,@longor072,klarifikasi gubernur Kaltim 3-30,https://www.tiktok.com/@longor072,https://www.tiktok.com/@sigit_sugiana/video/7612287428258237704,Transparansi,Transparansi,Transparansi,Transparansi,Negatif,Negatif,Negatif,Negatif,Transparansi_Negatif,,klarifikasi gubernur kaltim 3 30,29
30,@maya.yes21,masa mobil mewah yg naik jelek jaga donk marwah mobilnya 3-22,https://www.tiktok.com/@maya.yes21,https://www.tiktok.com/@themis.law3/video/7612442626234633480,Akuntabilitas,Akuntabilitas,Akuntabilitas,Akuntabilitas,Negatif,Negatif,Negatif,Negatif,Akuntabilitas_Negatif,,masa mobil mewah yg naik jelek jaga donk marwah mobilnya 3 22,30
31,@gumiwang58,"dia itu berniat ngejadiin kaltim kayak Jurassic park apa gimana, masa jalanannya tanah kayak zaman purba 3-6",https://www.tiktok.com/@gumiwang58,https://www.tiktok.com/@sentilin_indonesia/video/7613820353550306581,Efektivitas & Efisiensi,Efektivitas & Efisiensi,Efektivitas & Efisiensi,Efektivitas & Efisiensi,Negatif,Negatif,Negatif,Negatif,Efektivitas & Efisiensi_Negatif,,dia itu berniat ngejadiin kaltim kayak jurassic park apa gimana masa jalanannya tanah kayak zaman purba 3 6,31
32,@rezkiabdulrahman,presiden kira kira denger berita gini kh? 3-1,https://www.tiktok.com/@rezkiabdulrahman,https://www.tiktok.com/@wglobalmedia/video/7610699657475329298,Responsivitas,Responsivitas,Responsivitas,Responsivitas,Negatif,Negatif,Negatif,Negatif,Responsivitas_Negatif,,presiden kira kira denger berita gini kh 3 1,32
33,@erdedy1965,bersaudara ingin hidup mewahan 3-3,https://www.tiktok.com/@erdedy1965,https://www.tiktok.com/@balikpapantv_official/video/7612479352479026453,Akuntabilitas,Akuntabilitas,Akuntabilitas,Akuntabilitas,Negatif,Negatif,Negatif,Negatif,Akuntabilitas_Negatif,,bersaudara ingin hidup mewahan 3 3,33
34,@adi_permadi,"kan gratis kalo sdh tdk menjabat mobilnya lsng untuk dia kan semua begitu,bupati wlikota dikalimantan mobil dinasnya paling rendah LC crk aja kalo tdk percya seluruh kalimantan,walaupun jalan nya banyak yg rusak yg penting saingan mobil,iyakan fakta 2-20",https://www.tiktok.com/@adi_permadi,https://www.tiktok.com/@mata_publik_/video/7608632050790239495,Efektivitas & Efisiensi,Akuntabilitas,Efektivitas & Efisiensi,Efektivitas & Efisiensi,Negatif,Negatif,Negatif,Negatif,Efektivitas & Efisiensi_Negatif,,kan gratis kalo sdh tdk menjabat mobilnya lsng untuk dia kan semua begitu bupati wlikota dikalimantan mobil dinasnya paling rendah lc crk aja kalo tdk percya seluruh kalimantan walaupun jalan nya banyak yg rusak yg penting saingan mobil iyakan fakta 2 20,34
35,@satriaaaa.09,mobil elit. jalan sulit 3-31,https://www.tiktok.com/@satriaaaa.09,https://www.tiktok.com/@sahambijak0/video/7611953329421421845,Efektivitas & Efisiensi,Efektivitas & Efisiensi,Efektivitas & Efisiensi,Efektivitas & Efisiensi,Negatif,Negatif,Negatif,Negatif,Efektivitas & Efisiensi_Negatif,,mobil elit jalan sulit 3 31,35
36,@zambudisusilo42,ternyata gaya kepemimpinan nya HEDON....😁😁😁😁 2-26,https://www.tiktok.com/@zambudisusilo42,https://www.tiktok.com/@dokmus05/video/7610810591543823636,Akuntabilitas,Akuntabilitas,Akuntabilitas,Akuntabilitas,Negatif,Negatif,Negatif,Negatif,Akuntabilitas_Negatif,,ternyata gaya kepemimpinan nya hedon 2 26,36
37,@public_dark_system,KPK mana KPK 2-28,https://www.tiktok.com/@public_dark_system,https://www.tiktok.com/@sindonews/video/7611810371535375633,Akuntabilitas,Akuntabilitas,Akuntabilitas,Akuntabilitas,Negatif,Negatif,Negatif,Negatif,Akuntabilitas_Negatif,,kpk mana kpk 2 28,37
38,@nununghatta,"salut warganya berani demo 👍👍👍 padahal ketika bencana banjir si gub. telat respon, bnyak lokasi tambang liar ""adem ayem"" 2-25",https://www.tiktok.com/@nununghatta,https://www.tiktok.com/@mata_publik_/video/7608632050790239495,Responsivitas,Responsivitas,Responsivitas,Responsivitas,Negatif,Negatif,Negatif,Negatif,Responsivitas_Negatif,,salut warganya berani demo padahal ketika bencana banjir si gub telat respon bnyak lokasi tambang liar adem ayem 2 25,38
39,@azzamgemul55,yaqin ta semua daerah kaltim pernah d kunjungi 4-13,https://www.tiktok.com/@azzamgemul55,https://www.tiktok.com/@beritakukar/video/7612310183590530324,Responsivitas,Responsivitas,Responsivitas,Responsivitas,Negatif,Negatif,Negatif,Negatif,Responsivitas_Negatif,,yaqin ta semua daerah kaltim pernah d kunjungi 4 13,39
40,@hafidh.alhanif,"@masa mobilnya bagus yang naiknya jelek jangan dong,jaga marwah mobilnya dong 3-25",https://www.tiktok.com/@hafidh.alhanif,https://www.tiktok.com/@fans_pak_prabowo/video/7621100320243928341,Akuntabilitas,Akuntabilitas,Akuntabilitas,Akuntabilitas,Negatif,Negatif,Negatif,Negatif,Akuntabilitas_Negatif,,mobilnya bagus yang naiknya jelek jangan dong jaga marwah mobilnya dong 3 25,40
41,@user5636847829710,"saya orang Sumatra, tapi kalau dilihat tidak ada yg salah dengan gubernur dan istrinya...",https://www.tiktok.com/@user5636847829710,https://www.tiktok.com/@tripol.co/video/7642126377168293141,Akuntabilitas,Akuntabilitas,Akuntabilitas,Akuntabilitas,Positif,Positif,Positif,Positif,Akuntabilitas_Positif,,saya orang sumatra tapi kalau dilihat tidak ada yg salah dengan gubernur dan istrinya,41
42,@raden4158,"padahal mobil dinas seharga 500Jt pun sudah lumayan keren kalau niat mengabdikan diri ke rakyat jgn mikir mobil dinas nya,,,, bila perlu mobil pribadi yg di jadikan kendaraan dinas 3-2",https://www.tiktok.com/@raden4158,https://www.tiktok.com/@sigit_sugiana/video/7612287428258237704,Efektivitas & Efisiensi,Efektivitas & Efisiensi,Efektivitas & Efisiensi,Efektivitas & Efisiensi,Negatif,Negatif,Negatif,Negatif,Efektivitas & Efisiensi_Negatif,,padahal mobil dinas seharga 500jt pun sudah lumayan keren kalau niat mengabdikan diri ke rakyat jgn mikir mobil dinas nya bila perlu mobil pribadi yg di jadikan kendaraan dinas 3 2,42
43,@artful0_0,"8,5 M benerin jalan tu bisa berkilo-kilo meter 4-13",https://www.tiktok.com/@artful0_0,https://www.tiktok.com/@themis.law3/video/7612442626234633480,Efektivitas & Efisiensi,Efektivitas & Efisiensi,Efektivitas & Efisiensi,Efektivitas & Efisiensi,Negatif,Negatif,Negatif,Negatif,Efektivitas & Efisiensi_Negatif,,8 5 m benerin jalan tu bisa berkilo kilo meter 4 13,43
44,@arieummunisa,Marwah opo gengsi tho pak 😂 2-27,https://www.tiktok.com/@arieummunisa,https://www.tiktok.com/@balikpapan.aerial/video/7611418293752253703,Akuntabilitas,Akuntabilitas,Akuntabilitas,Akuntabilitas,Negatif,Negatif,Negatif,Negatif,Akuntabilitas_Negatif,,marwah opo gengsi tho pak 2 27,44
45,@aeroskyviolet,seorang wakil presiden aja mobil pribadinya zenix🤣 3-6,https://www.tiktok.com/@aeroskyviolet,https://www.tiktok.com/@sentilin_indonesia/video/7613820353550306581,Efektivitas & Efisiensi,Akuntabilitas,Efektivitas & Efisiensi,Efektivitas & Efisiensi,Negatif,Negatif,Negatif,Negatif,Efektivitas & Efisiensi_Negatif,,seorang wakil presiden aja mobil pribadinya zenix 3 6,45
46,@yani.rohyani449,mobil horor kalahin mobil gubernur kaltim 3-2,https://www.tiktok.com/@yani.rohyani449,https://www.tiktok.com/@sigit_sugiana/video/7612287428258237704,Akuntabilitas,Akuntabilitas,Akuntabilitas,Akuntabilitas,Negatif,Negatif,Negatif,Negatif,Akuntabilitas_Negatif,,mobil horor kalahin mobil gubernur kaltim 3 2,46
47,@panglima_kijang_kencana,"Assalamualaikum buat pencerahan buat yang komen negatif di sosmed media sosial tentang gubernur Kaltim. Wajar aja dia menikmati peselitas itu. Kerna dia juga berjuang berdarah darah berkorban harta benda"" baru bisa duduk jadi gubernur kaltim. KERNA ITU PILIHAN KALIAN JUGA DIA JADI PEJABAT DAN GUBERNUR KALTIM. LEBIH BAIK KITA SENERGI MEMBANGUN KALTIM. Jadi kita jangan membuli' menghujat dan gibahnya ya kawan. Seharusnya kita dukung program beliau agar maksimal membangun kaltim. Ingat kawan manusi",https://www.tiktok.com/@panglima_kijang_kencana,https://www.tiktok.com/@harianda19/video/7611777664621350164,Akuntabilitas,Responsivitas,Akuntabilitas,Akuntabilitas,Positif,Positif,Positif,Positif,Akuntabilitas_Positif,,assalamualaikum buat pencerahan buat yang komen negatif di sosmed media sosial tentang gubernur kaltim wajar aja dia menikmati peselitas itu kerna dia juga berjuang berdarah darah berkorban harta benda baru bisa duduk jadi gubernur kaltim kerna itu pilihan kalian juga dia jadi pejabat dan gubernur kaltim lebih baik kita senergi membangun kaltim jadi kita jangan membuli menghujat dan gibahnya ya kawan seharusnya kita dukung program beliau agar maksimal membangun kaltim ingat kawan manusi,47
48,@_ikramb0,masa mobilnya mewah yg naik jlk. jngan dong.. 3-27,https://www.tiktok.com/@_ikramb0,https://www.tiktok.com/@fans_pak_prabowo/video/7621100320243928341,Akuntabilitas,Akuntabilitas,Akuntabilitas,Akuntabilitas,Negatif,Negatif,Negatif,Negatif,Akuntabilitas_Negatif,,masa mobilnya mewah yg naik jlk jngan dong 3 27,48
49,@sarwiyana4,pakai mobil ambulance aja 2-27,https://www.tiktok.com/@sarwiyana4,https://www.tiktok.com/@ashepsayfullq/video/7608021220088433936,Efektivitas & Efisiensi,Efektivitas & Efisiensi,Efektivitas & Efisiensi,Efektivitas & Efisiensi,Negatif,Negatif,Negatif,Negatif,Efektivitas & Efisiensi_Negatif,,pakai mobil ambulance aja 2 27,49
50,@ahmad.lestari2,lucu ya klo lihat pejabat jaman skrg bukan jln nya yang diperbaiki malah mobil dinasnya yang dimahalin 3-3,https://www.tiktok.com/@ahmad.lestari2,https://www.tiktok.com/@politikdotin/video/7612142044219231508,Efektivitas & Efisiensi,Efektivitas & Efisiensi,Efektivitas & Efisiensi,Efektivitas & Efisiensi,Negatif,Negatif,Negatif,Negatif,Efektivitas & Efisiensi_Negatif,,lucu ya klo lihat pejabat jaman skrg bukan jln nya yang diperbaiki malah mobil dinasnya yang dimahalin 3 3,50
51,@heny_rosiana,untuk mobil dinas sdh dibalikkan 4-11,https://www.tiktok.com/@heny_rosiana,https://www.tiktok.com/@keadilanfiktif/video/7615447599402798357,Transparansi,Akuntabilitas,Transparansi,Transparansi,Positif,Positif,Positif,Positif,Transparansi_Positif,,untuk mobil dinas sdh dibalikkan 4 11,51
52,@mi.zmi,di tindak pak bukan disindir 3-20 40.4K,https://www.tiktok.com/@mi.zmi,https://www.tiktok.com/@beritasatuofficial/video/7619163357022997780,Akuntabilitas,Responsivitas,Akuntabilitas,Akuntabilitas,Negatif,Negatif,Negatif,Negatif,Akuntabilitas_Negatif,,di tindak pak bukan disindir 3 20 40 4k,52
53,@mm_.cla812,"kata"" pak Presiden, Ga papa asal di pimpin yg bener, 3-10",https://www.tiktok.com/@mm_.cla812,https://www.tiktok.com/@ompro_autocaree/video/7614061884127317266,Akuntabilitas,Transparansi,Akuntabilitas,Akuntabilitas,Positif,Negatif,Positif,Positif,Akuntabilitas_Positif,,kata pak presiden ga papa asal di pimpin yg bener 3 10,53
54,@prindavan_4,jaga marwah pak 4-21,https://www.tiktok.com/@prindavan_4,https://www.tiktok.com/@apasaja2825/video/7620377571229781269,Akuntabilitas,Akuntabilitas,Akuntabilitas,Akuntabilitas,Positif,Negatif,Positif,Positif,Akuntabilitas_Positif,,jaga marwah pak 4 21,54
55,@rini.shandi,Betul soal gaya mah bebas tak jdi soal 5-6,https://www.tiktok.com/@rini.shandi,https://www.tiktok.com/@sindonews/video/7611810371535375633,Akuntabilitas,Akuntabilitas,Akuntabilitas,Akuntabilitas,Positif,Positif,Positif,Positif,Akuntabilitas_Positif,,betul soal gaya mah bebas tak jdi soal 5 6,55
56,@adi.putra5509,"8,5 m dr pada beli mobil mewah jlnnya aja di benerin duit segitu cukup bwt perbaikan jln 2-26",https://www.tiktok.com/@adi.putra5509,https://www.tiktok.com/@kutai.dailynews/video/7609068555455253780,Efektivitas & Efisiensi,Efektivitas & Efisiensi,Efektivitas & Efisiensi,Efektivitas & Efisiensi,Negatif,Negatif,Negatif,Negatif,Efektivitas & Efisiensi_Negatif,,8 5 m dr pada beli mobil mewah jlnnya aja di benerin duit segitu cukup bwt perbaikan jln 2 26,56
57,@imelrudynst,gaya istri gubernur elit jalan nya sulit 3-5,https://www.tiktok.com/@imelrudynst,https://www.tiktok.com/@ummu.3.anak/video/7613157935157464340,Efektivitas & Efisiensi,Efektivitas & Efisiensi,Efektivitas & Efisiensi,Efektivitas & Efisiensi,Negatif,Negatif,Negatif,Negatif,Efektivitas & Efisiensi_Negatif,,gaya istri gubernur elit jalan nya sulit 3 5,57
58,@mahagraaaaa__,bro yang pake kendaraan apapun tetep berangkat 3-5,https://www.tiktok.com/@mahagraaaaa__,https://www.tiktok.com/@detik.lebak/video/7612096372824608008,Efektivitas & Efisiensi,Responsivitas,Efektivitas & Efisiensi,Efektivitas & Efisiensi,Positif,Positif,Positif,Positif,Efektivitas & Efisiensi_Positif,,bro yang pake kendaraan apapun tetep berangkat 3 5,58
59,@naurafeniela,sadar pak.. itu uang rakyat.. 2-26,https://www.tiktok.com/@naurafeniela,https://www.tiktok.com/@wglobalmedia/video/7610699657475329298,Efektivitas & Efisiensi,Akuntabilitas,Efektivitas & Efisiensi,Efektivitas & Efisiensi,Negatif,Negatif,Negatif,Negatif,Efektivitas & Efisiensi_Negatif,,sadar pak itu uang rakyat 2 26,59
60,@anakdhieke,yg ditunjang tuh jalannyaa woiiii 3-1,https://www.tiktok.com/@anakdhieke,https://www.tiktok.com/@beritaenamdua/video/7612139610507873557,Efektivitas & Efisiensi,Efektivitas & Efisiensi,Efektivitas & Efisiensi,Efektivitas & Efisiensi,Negatif,Negatif,Negatif,Negatif,Efektivitas & Efisiensi_Negatif,,yg ditunjang tuh jalannyaa woiiii 3 1,60
61,@qianaa822,lambat 3-24,https://www.tiktok.com/@qianaa822,https://www.tiktok.com/@relung.id/video/7611814381126520065,Responsivitas,Responsivitas,Responsivitas,Responsivitas,Negatif,Negatif,Negatif,Negatif,Responsivitas_Negatif,,lambat 3 24,61
62,@mriam.mriam13,"dah keliatan dari aura nya, aura... tolong diisi titik titiknya gaez 2-26",https://www.tiktok.com/@mriam.mriam13,https://www.tiktok.com/@the_amor70/video/7610666343985138951,Akuntabilitas,Akuntabilitas,Akuntabilitas,Akuntabilitas,Negatif,Negatif,Negatif,Negatif,Akuntabilitas_Negatif,,dah keliatan dari aura nya aura tolong diisi titik titiknya gaez 2 26,62
63,@user8134762508136,belikan KTM aja Ndak perlu mobil ini karena gubernurnya gengsian 2-23,https://www.tiktok.com/@user8134762508136,https://www.tiktok.com/@kutai.dailynews/video/7609068555455253780,Efektivitas & Efisiensi,Akuntabilitas,Efektivitas & Efisiensi,Efektivitas & Efisiensi,Negatif,Negatif,Negatif,Negatif,Efektivitas & Efisiensi_Negatif,,belikan ktm aja ndak perlu mobil ini karena gubernurnya gengsian 2 23,63
64,@cuttank04,pertanyaan nya kenapa nda di periksa 5-10,https://www.tiktok.com/@cuttank04,https://www.tiktok.com/@apasaja2825/video/7620377571229781269,Akuntabilitas,Akuntabilitas,Akuntabilitas,Akuntabilitas,Negatif,Negatif,Negatif,Negatif,Akuntabilitas_Negatif,,pertanyaan nya kenapa nda di periksa 5 10,64
65,@grbalaborneo5,adek kakak sama saja 3-2,https://www.tiktok.com/@grbalaborneo5,https://www.tiktok.com/@balikpapantv_official/video/7612479352479026453,Akuntabilitas,Akuntabilitas,Akuntabilitas,Akuntabilitas,Negatif,Negatif,Negatif,Negatif,Akuntabilitas_Negatif,,adek kakak sama saja 3 2,65
66,@atmajagirimartopawiro,auranya kuat sekali .... apakah kalian tau aura apa ? 2-25 17.2K,https://www.tiktok.com/@atmajagirimartopawiro,https://www.tiktok.com/@metropolitan.id/video/7610646870599175445,Akuntabilitas,Akuntabilitas,Akuntabilitas,Akuntabilitas,Negatif,Negatif,Negatif,Negatif,Akuntabilitas_Negatif,,auranya kuat sekali apakah kalian tau aura apa 2 25 17 2k,66
67,@feriferdiansyah1987,"logikanya, harusnya jalan dlu di benerin baru beli mobil.. bapak anti mainstream pak,beda dr yg lain.. mungkin si bapak nya pengen coba jalan off-road.. 🤣🤣🤣🤣 3-7",https://www.tiktok.com/@feriferdiansyah1987,https://www.tiktok.com/@tikuskokberdasi/video/7613343929244618005,Efektivitas & Efisiensi,Efektivitas & Efisiensi,Akuntabilitas,Efektivitas & Efisiensi,Negatif,Negatif,Negatif,Negatif,Efektivitas & Efisiensi_Negatif,,logikanya harusnya jalan dlu di benerin baru beli mobil bapak anti mainstream pak beda dr yg lain mungkin si bapak nya pengen coba jalan off road 3 7,67
68,@aditya_sukaryo05,kenapa mau di kembalikan itu kan marwah kaltim😂😂😂😂. 3-5,https://www.tiktok.com/@aditya_sukaryo05,https://www.tiktok.com/@kompastv_jateng/video/7613321888445615381,Akuntabilitas,Akuntabilitas,Akuntabilitas,Akuntabilitas,Negatif,Negatif,Negatif,Negatif,Akuntabilitas_Negatif,,kenapa mau di kembalikan itu kan marwah kaltim 3 5,68
69,@vio.verdianto,marwah yang buat cuman satu orang tapi dibilang seluruh provinsi wkwkw 2-25,https://www.tiktok.com/@vio.verdianto,https://www.tiktok.com/@wglobalmedia/video/7610699657475329298,Akuntabilitas,Transparansi,Akuntabilitas,Akuntabilitas,Negatif,Negatif,Negatif,Negatif,Akuntabilitas_Negatif,,marwah yang buat cuman satu orang tapi dibilang seluruh provinsi wkwkw 2 25,69
70,@bobby88828,"pak gibran ae wakil presiden pakainya zenix, paling pol alphard atau land cruiser 300 itupun ga setiap hari pakainya 3-6",https://www.tiktok.com/@bobby88828,https://www.tiktok.com/@kompastv_jateng/video/7613321888445615381,Efektivitas & Efisiensi,Akuntabilitas,Efektivitas & Efisiensi,Efektivitas & Efisiensi,Negatif,Negatif,Negatif,Negatif,Efektivitas & Efisiensi_Negatif,,pak gibran ae wakil presiden pakainya zenix paling pol alphard atau land cruiser 300 itupun ga setiap hari pakainya 3 6,70
71,@hajicicik,yg pentg istrix bajux mahal2😂😂😂 3-5,https://www.tiktok.com/@hajicicik,https://www.tiktok.com/@ae_affiliat/video/7612919691111107848,Akuntabilitas,Akuntabilitas,Akuntabilitas,Akuntabilitas,Negatif,Negatif,Negatif,Negatif,Akuntabilitas_Negatif,,yg pentg istrix bajux mahal2 3 5,71
72,@yaaaaa_625,ayo SP yg kemaren pilih dia 3-5,https://www.tiktok.com/@yaaaaa_625,https://www.tiktok.com/@ummu.3.anak/video/7613157935157464340,Akuntabilitas,Akuntabilitas,Akuntabilitas,Akuntabilitas,Negatif,Negatif,Negatif,Negatif,Akuntabilitas_Negatif,,ayo sp yg kemaren pilih dia 3 5,72
73,@reza.agustieawan,"masa 8,5M 5-10",https://www.tiktok.com/@reza.agustieawan,https://www.tiktok.com/@suka.otom0tif/video/7612478466214104328,Efektivitas & Efisiensi,Efektivitas & Efisiensi,Transparansi,Efektivitas & Efisiensi,Negatif,Negatif,Negatif,Negatif,Efektivitas & Efisiensi_Negatif,,masa 8 5m 5 10,73
74,@bocorhalus_.00,Menurut aku itu wajar ah seorang istri gubernur. Mungkin sebelom nya punya usaha yng belom pernah orang tau 🙏 maaf klau salah 5-11,https://www.tiktok.com/@bocorhalus_.00,https://www.tiktok.com/@sindonews/video/7611810371535375633,Akuntabilitas,Akuntabilitas,Akuntabilitas,Akuntabilitas,Positif,Positif,Positif,Positif,Akuntabilitas_Positif,,menurut aku itu wajar ah seorang istri gubernur mungkin sebelom nya punya usaha yng belom pernah orang tau maaf klau salah 5 11,74
75,@ulynapitu,mobilnya SDH di kembalikan...beliau Baru nyadar rakyat Kaltim msh bnyak di garis kemiskinan 3-4,https://www.tiktok.com/@ulynapitu,https://www.tiktok.com/@ae_affiliat/video/7612919691111107848,Responsivitas,Responsivitas,Responsivitas,Responsivitas,Negatif,Negatif,Negatif,Negatif,Responsivitas_Negatif,,mobilnya sdh di kembalikan beliau baru nyadar rakyat kaltim msh bnyak di garis kemiskinan 3 4,75
76,@putraderita920,KPK ga becus usut gobernur dan ketua dewan kal.tim. 3-24,https://www.tiktok.com/@putraderita920,https://www.tiktok.com/@relung.id/video/7611814381126520065,Akuntabilitas,Akuntabilitas,Akuntabilitas,Akuntabilitas,Negatif,Negatif,Negatif,Negatif,Akuntabilitas_Negatif,,kpk ga becus usut gobernur dan ketua dewan kal tim 3 24,76
77,@latifa.azzahra322,itu bawahan anda pakk 3-20,https://www.tiktok.com/@latifa.azzahra322,https://www.tiktok.com/@beritasatuofficial/video/7619163357022997780,Akuntabilitas,Akuntabilitas,Akuntabilitas,Akuntabilitas,Negatif,Negatif,Negatif,Negatif,Akuntabilitas_Negatif,,itu bawahan anda pakk 3 20,77
78,@maulanamalikkeren,buset duit segitu benerin jalan marmer bisa itu 3-25,https://www.tiktok.com/@maulanamalikkeren,https://www.tiktok.com/@3halll/video/7611863206281137428,Efektivitas & Efisiensi,Efektivitas & Efisiensi,Efektivitas & Efisiensi,Efektivitas & Efisiensi,Negatif,Negatif,Negatif,Negatif,Efektivitas & Efisiensi_Negatif,,buset duit segitu benerin jalan marmer bisa itu 3 25,78
79,@sem66002,gubernur lol 2-28,https://www.tiktok.com/@sem66002,https://www.tiktok.com/@arteranews.id/video/7611460664074390804,Akuntabilitas,Akuntabilitas,Akuntabilitas,Akuntabilitas,Negatif,Negatif,Negatif,Negatif,Akuntabilitas_Negatif,,gubernur lol 2 28,79
80,@korneliusnorkemno,marwah dari Hongkong 3-1,https://www.tiktok.com/@korneliusnorkemno,https://www.tiktok.com/@dokmus05/video/7610810591543823636,Akuntabilitas,Akuntabilitas,Akuntabilitas,Akuntabilitas,Negatif,Negatif,Negatif,Negatif,Akuntabilitas_Negatif,,marwah dari hongkong 3 1,80
81,@ugidamarpalang,giliran kita bnyar pajak mhal bnar 2-26,https://www.tiktok.com/@ugidamarpalang,https://www.tiktok.com/@aryo.g1/video/7611001576907427090,Efektivitas & Efisiensi,Akuntabilitas,Akuntabilitas,Akuntabilitas,Negatif,Negatif,Negatif,Negatif,Akuntabilitas_Negatif,,giliran kita bnyar pajak mhal bnar 2 26,81
82,@insancell83,mobil nya bgus jlannya juga lebih bgus 2-25,https://www.tiktok.com/@insancell83,https://www.tiktok.com/@lensanalarcom/video/7610698043981090068,Efektivitas & Efisiensi,Efektivitas & Efisiensi,Akuntabilitas,Efektivitas & Efisiensi,Positif,Negatif,Positif,Positif,Efektivitas & Efisiensi_Positif,,mobil nya bgus jlannya juga lebih bgus 2 25,82
83,@ditgdhog,dana pribadi blok 3-8,https://www.tiktok.com/@ditgdhog,https://www.tiktok.com/@jollyroger.strawhat/video/7614678060616404245,Transparansi,Transparansi,Transparansi,Transparansi,Negatif,Negatif,Negatif,Negatif,Transparansi_Negatif,,dana pribadi blok 3 8,83
84,@winsendid,[Stiker] mana ni jir mobilnya udah keliling belum 4-28,https://www.tiktok.com/@winsendid,https://www.tiktok.com/@ibarat_azra/video/7631776481781271826,Responsivitas,Responsivitas,Transparansi,Responsivitas,Negatif,Negatif,Negatif,Negatif,Responsivitas_Negatif,,stiker mana ni jir mobilnya udah keliling belum 4 28,84
85,@arilsamsung778,korop 1 kluarga pjbat nys 3-9,https://www.tiktok.com/@arilsamsung778,https://www.tiktok.com/@relung.id/video/7611773381997890833,Akuntabilitas,Akuntabilitas,Akuntabilitas,Akuntabilitas,Negatif,Negatif,Negatif,Negatif,Akuntabilitas_Negatif,,korop 1 kluarga pjbat nys 3 9,85
86,@midimidi7676,"Pindad suruh bikin cepat kendaraan 4x4 yg ramah medan berat, biar kepala dserah seluruh Indonesia pakai kendaraan yg seragam 2-25",https://www.tiktok.com/@midimidi7676,https://www.tiktok.com/@operasikhusus/video/7610752915036310791,Efektivitas & Efisiensi,Efektivitas & Efisiensi,Efektivitas & Efisiensi,Efektivitas & Efisiensi,Positif,Positif,Positif,Positif,Efektivitas & Efisiensi_Positif,,pindad suruh bikin cepat kendaraan 4x4 yg ramah medan berat biar kepala dserah seluruh indonesia pakai kendaraan yg seragam 2 25,86
87,@zahramisrana,itu baru mikirin masarakat nya 4-24,https://www.tiktok.com/@zahramisrana,https://www.tiktok.com/@damarmart/video/7631483584649481479,Akuntabilitas,Efektivitas & Efisiensi,Akuntabilitas,Akuntabilitas,Positif,Positif,Positif,Positif,Akuntabilitas_Positif,,itu baru mikirin masarakat nya 4 24,87
88,@arjunasatya01,"perbaiki dulu jalananmu bro,..biar Marwah jalannya Kaltim di kenal secara Global,.. 4-22",https://www.tiktok.com/@arjunasatya01,https://www.tiktok.com/@ip.alphawolf/video/7629140462753926420,Efektivitas & Efisiensi,Efektivitas & Efisiensi,Efektivitas & Efisiensi,Efektivitas & Efisiensi,Negatif,Negatif,Negatif,Negatif,Efektivitas & Efisiensi_Negatif,,perbaiki dulu jalananmu bro biar marwah jalannya kaltim di kenal secara global 4 22,88
89,@scrane32,"DPRD,GUBERNUR, SEKDA dan KOMINFO sepertinya pandai berAKTING masalah MOBIL 8,6 M. 3-4",https://www.tiktok.com/@scrane32,https://www.tiktok.com/@beritakukar/video/7613011166838738196,Transparansi,Transparansi,Transparansi,Transparansi,Negatif,Negatif,Negatif,Negatif,Transparansi_Negatif,,dprd gubernur sekda dan kominfo sepertinya pandai berakting masalah mobil 8 6 m 3 4,89
90,@akhira.bali,pola pikir terbalik nih pak Gubernur... bukan mobil yg canggih yg dibeli tp sarana dan prasarana jalan dibangun...biar mobil inova bisa kok lalui 2-27,https://www.tiktok.com/@akhira.bali,https://www.tiktok.com/@libra.pahing1/video/7611302313097153813,Efektivitas & Efisiensi,Efektivitas & Efisiensi,Efektivitas & Efisiensi,Efektivitas & Efisiensi,Negatif,Negatif,Negatif,Negatif,Efektivitas & Efisiensi_Negatif,,pola pikir terbalik nih pak gubernur bukan mobil yg canggih yg dibeli tp sarana dan prasarana jalan dibangun biar mobil inova bisa kok lalui 2 27,90
91,@ferry.caloso,BRAVO KPK 3-20,https://www.tiktok.com/@ferry.caloso,https://www.tiktok.com/@relung.id/video/7611814381126520065,Akuntabilitas,Akuntabilitas,Akuntabilitas,Akuntabilitas,Positif,Positif,Positif,Positif,Akuntabilitas_Positif,,bravo kpk 3 20,91
92,@usripc13,usut kpk 3-4,https://www.tiktok.com/@usripc13,https://www.tiktok.com/@relung.id/video/7611773381997890833,Akuntabilitas,Akuntabilitas,Akuntabilitas,Akuntabilitas,Negatif,Negatif,Negatif,Negatif,Akuntabilitas_Negatif,,usut kpk 3 4,92
93,@junaida.ida319,pakaian nya istrinya seperti putri Diana 3-11,https://www.tiktok.com/@junaida.ida319,https://www.tiktok.com/@f.405_/video/7612591026666048789,Akuntabilitas,Akuntabilitas,Akuntabilitas,Akuntabilitas,Negatif,Negatif,Negatif,Negatif,Akuntabilitas_Negatif,,pakaian nya istrinya seperti putri diana 3 11,93
94,@bembeng.mario,sama kaya anis manis di awal pahit di akhir 2-28,https://www.tiktok.com/@bembeng.mario,https://www.tiktok.com/@tyasmira81/video/7610723179446783252,Akuntabilitas,Akuntabilitas,Akuntabilitas,Akuntabilitas,Negatif,Negatif,Negatif,Negatif,Akuntabilitas_Negatif,,sama kaya anis manis di awal pahit di akhir 2 28,94
95,@mafen4l07,Gubernur kaltim 11 12 dengan Gubernur NTT🤣 3-6,https://www.tiktok.com/@mafen4l07,https://www.tiktok.com/@sentilin_indonesia/video/7613820353550306581,Akuntabilitas,Akuntabilitas,Akuntabilitas,Akuntabilitas,Negatif,Negatif,Negatif,Negatif,Akuntabilitas_Negatif,,gubernur kaltim 11 12 dengan gubernur ntt 3 6,95
96,@zainal.habdi,jln dari alrah ke kubar. rusak parah. kasian driver pemburu dolar tetkendala 3-4,https://www.tiktok.com/@zainal.habdi,https://www.tiktok.com/@ae_affiliat/video/7612919691111107848,Efektivitas & Efisiensi,Efektivitas & Efisiensi,Efektivitas & Efisiensi,Efektivitas & Efisiensi,Negatif,Negatif,Negatif,Negatif,Efektivitas & Efisiensi_Negatif,,jln dari alrah ke kubar rusak parah kasian driver pemburu dolar tetkendala 3 4,96
97,@m.panjaitan.86,marwah sampai segitu yang nama nya marwah ya🤣🤣🤣 3-3,https://www.tiktok.com/@m.panjaitan.86,https://www.tiktok.com/@ae_affiliat/video/7612919691111107848,Akuntabilitas,Akuntabilitas,Akuntabilitas,Akuntabilitas,Negatif,Negatif,Negatif,Negatif,Akuntabilitas_Negatif,,marwah sampai segitu yang nama nya marwah ya 3 3,97
98,@kai20573,[Stiker] jadiin gw gubernur deh 4-23,https://www.tiktok.com/@kai20573,https://www.tiktok.com/@aditya.yudono/video/7631554392633675028,Akuntabilitas,Akuntabilitas,Akuntabilitas,Akuntabilitas,Negatif,Negatif,Negatif,Negatif,Akuntabilitas_Negatif,,stiker jadiin gw gubernur deh 4 23,98
99,@hamzz_libingbing,"Prabowo aja mobil maung seharga 700juta lah itu malah 8,5m kocak 3-22",https://www.tiktok.com/@hamzz_libingbing,https://www.tiktok.com/@sahambijak0/video/7611953329421421845,Efektivitas & Efisiensi,Akuntabilitas,Efektivitas & Efisiensi,Efektivitas & Efisiensi,Negatif,Negatif,Negatif,Negatif,Efektivitas & Efisiensi_Negatif,,prabowo aja mobil maung seharga 700juta lah itu malah 8 5m kocak 3 22,99
100,@nama.ku.alul.929,kenapa gak beli Toyota land cruiser harga nya aja lengkap 2.5 Miliar 😊😊 4-18,https://www.tiktok.com/@nama.ku.alul.929,https://www.tiktok.com/@3halll/video/7611863206281137428,Efektivitas & Efisiensi,Efektivitas & Efisiensi,Efektivitas & Efisiensi,Efektivitas & Efisiensi,Negatif,Negatif,Negatif,Negatif,Efektivitas & Efisiensi_Negatif,,kenapa gak beli toyota land cruiser harga nya aja lengkap 2 5 miliar 4 18,100
101,@meghan0972,publik kaltim kemane ya 3-10,https://www.tiktok.com/@meghan0972,https://www.tiktok.com/@keadilanfiktif/video/7615447599402798357,Responsivitas,Responsivitas,Responsivitas,Responsivitas,Negatif,Negatif,Negatif,Negatif,Responsivitas_Negatif,,publik kaltim kemane ya 3 10,101
102,@botoh699,MENYALA BAPAK ISRAK NOOR..🥰🥰 4-27,https://www.tiktok.com/@botoh699,https://www.tiktok.com/@damarmart/video/7631483584649481479,Akuntabilitas,Akuntabilitas,Akuntabilitas,Akuntabilitas,Negatif,Positif,Positif,Positif,Akuntabilitas_Positif,,menyala bapak israk noor 4 27,102
103,@eenjii641,"masa mobil bagus yang naik jelek, jaga dong marwah mobilnya 3-23 36.7K",https://www.tiktok.com/@eenjii641,https://www.tiktok.com/@themis.law3/video/7612442626234633480,Akuntabilitas,Akuntabilitas,Akuntabilitas,Akuntabilitas,Negatif,Negatif,Negatif,Negatif,Akuntabilitas_Negatif,,masa mobil bagus yang naik jelek jaga dong marwah mobilnya 3 23 36 7k,103
104,@punyamasaq23,jalan donk perbaiki 3-2,https://www.tiktok.com/@punyamasaq23,https://www.tiktok.com/@sigit_sugiana/video/7612287428258237704,Efektivitas & Efisiensi,Efektivitas & Efisiensi,Efektivitas & Efisiensi,Efektivitas & Efisiensi,Negatif,Negatif,Negatif,Negatif,Efektivitas & Efisiensi_Negatif,,jalan donk perbaiki 3 2,104
105,@yusuf.setiawan89,beli hilux aja kenapa harus yg miliaran 3-1,https://www.tiktok.com/@yusuf.setiawan89,https://www.tiktok.com/@beritaenamdua/video/7612139610507873557,Efektivitas & Efisiensi,Efektivitas & Efisiensi,Efektivitas & Efisiensi,Efektivitas & Efisiensi,Negatif,Negatif,Negatif,Negatif,Efektivitas & Efisiensi_Negatif,,beli hilux aja kenapa harus yg miliaran 3 1,105
106,@im_rudd,"minimal benerin jalan dulu, heran guehhh 3-7",https://www.tiktok.com/@im_rudd,https://www.tiktok.com/@sentilin_indonesia/video/7613820353550306581,Efektivitas & Efisiensi,Efektivitas & Efisiensi,Efektivitas & Efisiensi,Efektivitas & Efisiensi,Negatif,Negatif,Negatif,Negatif,Efektivitas & Efisiensi_Negatif,,minimal benerin jalan dulu heran guehhh 3 7,106
107,@dexter.xixixi,knp gak jalan nya aja yang di bnerin? 3-3,https://www.tiktok.com/@dexter.xixixi,https://www.tiktok.com/@suka.otom0tif/video/7612478466214104328,Efektivitas & Efisiensi,Efektivitas & Efisiensi,Efektivitas & Efisiensi,Efektivitas & Efisiensi,Negatif,Negatif,Negatif,Negatif,Efektivitas & Efisiensi_Negatif,,knp gak jalan nya aja yang di bnerin 3 3,107
108,@tehpucukharum571,"Mending gubernur gue , ladang ngonten pake benerin jalan 3-20",https://www.tiktok.com/@tehpucukharum571,https://www.tiktok.com/@detik.lebak/video/7612096372824608008,Efektivitas & Efisiensi,Efektivitas & Efisiensi,Akuntabilitas,Efektivitas & Efisiensi,Positif,Positif,Positif,Positif,Efektivitas & Efisiensi_Positif,,mending gubernur gue ladang ngonten pake benerin jalan 3 20,108
109,@ukiesandy3,lacau kaltim penentu kebijakan gub bersaudara 3-9,https://www.tiktok.com/@ukiesandy3,https://www.tiktok.com/@relung.id/video/7611773381997890833,Akuntabilitas,Akuntabilitas,Akuntabilitas,Akuntabilitas,Negatif,Negatif,Negatif,Negatif,Akuntabilitas_Negatif,,lacau kaltim penentu kebijakan gub bersaudara 3 9,109
110,@renti_d,Jalanya dibenarin 3-3,https://www.tiktok.com/@renti_d,https://www.tiktok.com/@suka.otom0tif/video/7612478466214104328,Efektivitas & Efisiensi,Efektivitas & Efisiensi,Efektivitas & Efisiensi,Efektivitas & Efisiensi,Negatif,Negatif,Negatif,Negatif,Efektivitas & Efisiensi_Negatif,,jalanya dibenarin 3 3,110
111,@user3248820325143,lebih cerdas Abang ini 👍 2-27,https://www.tiktok.com/@user3248820325143,https://www.tiktok.com/@libra.pahing1/video/7611302313097153813,Akuntabilitas,Efektivitas & Efisiensi,Akuntabilitas,Akuntabilitas,Positif,Positif,Positif,Positif,Akuntabilitas_Positif,,lebih cerdas abang ini 2 27,111
112,@umi.maimunah1,"pikiraranya gubernur Kaltim lgi rusak ,,sm kyk jln nya 3-4",https://www.tiktok.com/@umi.maimunah1,https://www.tiktok.com/@ae_affiliat/video/7612919691111107848,Akuntabilitas,Efektivitas & Efisiensi,Akuntabilitas,Akuntabilitas,Negatif,Negatif,Negatif,Negatif,Akuntabilitas_Negatif,,pikiraranya gubernur kaltim lgi rusak sm kyk jln nya 3 4,112
113,@fox5treet,warga kaltim kemana?ngk protes? 2-28,https://www.tiktok.com/@fox5treet,https://www.tiktok.com/@arteranews.id/video/7611460664074390804,Responsivitas,Responsivitas,Responsivitas,Responsivitas,Negatif,Negatif,Negatif,Negatif,Responsivitas_Negatif,,warga kaltim kemana ngk protes 2 28,113
114,@sevven06,kpk mana 4-8,https://www.tiktok.com/@sevven06,https://www.tiktok.com/@aimambandung/video/7611327878239620372,Akuntabilitas,Akuntabilitas,Akuntabilitas,Akuntabilitas,Negatif,Negatif,Negatif,Negatif,Akuntabilitas_Negatif,,kpk mana 4 8,114
115,@indra.prtama7,jangan saya suruh pake jalan kaki 😂😂 2-27,https://www.tiktok.com/@indra.prtama7,https://www.tiktok.com/@robi.plur/video/7611168030877322514,Efektivitas & Efisiensi,Efektivitas & Efisiensi,Efektivitas & Efisiensi,Efektivitas & Efisiensi,Negatif,Negatif,Negatif,Negatif,Efektivitas & Efisiensi_Negatif,,jangan saya suruh pake jalan kaki 2 27,115
116,@paracetamol_ctm,"klo menurutq, selama beliau kerja nya udh bener, soal gaya dan stylist bebas aja sih, py ciri khas sndr 3-3",https://www.tiktok.com/@paracetamol_ctm,https://www.tiktok.com/@sindonews/video/7611810371535375633,Akuntabilitas,Akuntabilitas,Akuntabilitas,Akuntabilitas,Positif,Positif,Positif,Positif,Akuntabilitas_Positif,,klo menurutq selama beliau kerja nya udh bener soal gaya dan stylist bebas aja sih py ciri khas sndr 3 3,116
117,@udinjaya464,iyaaa GK jalan nya aja di benarin 3-20,https://www.tiktok.com/@udinjaya464,https://www.tiktok.com/@suka.otom0tif/video/7612478466214104328,Efektivitas & Efisiensi,Efektivitas & Efisiensi,Efektivitas & Efisiensi,Efektivitas & Efisiensi,Negatif,Negatif,Negatif,Negatif,Efektivitas & Efisiensi_Negatif,,iyaaa gk jalan nya aja di benarin 3 20,117
118,@user2781329788492,ngomong aja tindakan a GK ada ... 3-20,https://www.tiktok.com/@user2781329788492,https://www.tiktok.com/@beritasatuofficial/video/7619163357022997780,Responsivitas,Responsivitas,Responsivitas,Responsivitas,Negatif,Negatif,Negatif,Negatif,Responsivitas_Negatif,,ngomong aja tindakan a gk ada 3 20,118
119,@sergiofernando921,"Masa iya mobilnya mahal dan bagus tapi yg naiknya jelek, jangan dong jaga marwah mobilnya 5-20",https://www.tiktok.com/@sergiofernando921,https://www.tiktok.com/@themis.law3/video/7612442626234633480,Akuntabilitas,Akuntabilitas,Akuntabilitas,Akuntabilitas,Negatif,Negatif,Negatif,Negatif,Akuntabilitas_Negatif,,masa iya mobilnya mahal dan bagus tapi yg naiknya jelek jangan dong jaga marwah mobilnya 5 20,119
120,@abdullah1707750099,gubernur ada enggak rasa ibah terhadap rakyat miskin 2-25,https://www.tiktok.com/@abdullah1707750099,https://www.tiktok.com/@the_amor70/video/7610666343985138951,Akuntabilitas,Responsivitas,Akuntabilitas,Akuntabilitas,Negatif,Negatif,Negatif,Negatif,Akuntabilitas_Negatif,,gubernur ada enggak rasa ibah terhadap rakyat miskin 2 25,120
121,@tuanmudaabimana25,"kalimantan pakai triton, strada, hylux double cabin 4x4 sudah aman pak. jangan maksain pakai mobil mewah. 2-27",https://www.tiktok.com/@tuanmudaabimana25,https://www.tiktok.com/@robi.plur/video/7611168030877322514,Efektivitas & Efisiensi,Efektivitas & Efisiensi,Efektivitas & Efisiensi,Efektivitas & Efisiensi,Negatif,Negatif,Negatif,Negatif,Efektivitas & Efisiensi_Negatif,,kalimantan pakai triton strada hylux double cabin 4x4 sudah aman pak jangan maksain pakai mobil mewah 2 27,121
122,@nugrohohamid,beliau sudah kaya sebelum jadi Gubernur....beliau orang baik... 5-23,https://www.tiktok.com/@nugrohohamid,https://www.tiktok.com/@tripol.co/video/7642126377168293141,Akuntabilitas,Akuntabilitas,Akuntabilitas,Akuntabilitas,Positif,Positif,Positif,Positif,Akuntabilitas_Positif,,beliau sudah kaya sebelum jadi gubernur beliau orang baik 5 23,122
123,@rafliekaa1,digosipin presiden is another level🤣 4-22,https://www.tiktok.com/@rafliekaa1,https://www.tiktok.com/@apasaja2825/video/7620377571229781269,Responsivitas,Akuntabilitas,Responsivitas,Responsivitas,Negatif,Negatif,Negatif,Negatif,Responsivitas_Negatif,,digosipin presiden is another level 4 22,123
124,@mamakhitzzz,HELLO KPK 2-27,https://www.tiktok.com/@mamakhitzzz,https://www.tiktok.com/@aimambandung/video/7611327878239620372,Akuntabilitas,Akuntabilitas,Akuntabilitas,Akuntabilitas,Negatif,Negatif,Negatif,Negatif,Akuntabilitas_Negatif,,hello kpk 2 27,124
125,@roby_kushatanto,plat nya kok gak ada di samsat online ya...apa saya yg salah 3-4,https://www.tiktok.com/@roby_kushatanto,https://www.tiktok.com/@beritakukar/video/7613011166838738196,Transparansi,Transparansi,Transparansi,Transparansi,Negatif,Negatif,Negatif,Negatif,Transparansi_Negatif,,plat nya kok gak ada di samsat online ya apa saya yg salah 3 4,125
126,@bocahtengil833,[Stiker] sampe disindir presiden 3-25 14.1K,https://www.tiktok.com/@bocahtengil833,https://www.tiktok.com/@millenialzkece/video/7621132387426061575,Responsivitas,Responsivitas,Responsivitas,Responsivitas,Negatif,Negatif,Negatif,Negatif,Responsivitas_Negatif,,stiker sampe disindir presiden 3 25 14 1k,126
127,@madonkbeliyau,wkwkwkkwk kaltim mmpunyai marwah jalanna rusak.... 3-3,https://www.tiktok.com/@madonkbeliyau,https://www.tiktok.com/@f.405_/video/7612591026666048789,Efektivitas & Efisiensi,Efektivitas & Efisiensi,Efektivitas & Efisiensi,Efektivitas & Efisiensi,Negatif,Negatif,Negatif,Negatif,Efektivitas & Efisiensi_Negatif,,wkwkwkkwk kaltim mmpunyai marwah jalanna rusak 3 3,127
128,@mr.phoe_,mobil dilembalikan lemana..... uangnya mana.... 5-24,https://www.tiktok.com/@mr.phoe_,https://www.tiktok.com/@jollyroger.strawhat/video/7614678060616404245,Transparansi,Transparansi,Transparansi,Transparansi,Negatif,Negatif,Negatif,Negatif,Transparansi_Negatif,,mobil dilembalikan lemana uangnya mana 5 24,128
129,@warni.com123,knpa gk jalan.a aja yg di perbaiki 2-27,https://www.tiktok.com/@warni.com123,https://www.tiktok.com/@libra.pahing1/video/7611302313097153813,Efektivitas & Efisiensi,Efektivitas & Efisiensi,Efektivitas & Efisiensi,Efektivitas & Efisiensi,Negatif,Negatif,Negatif,Negatif,Efektivitas & Efisiensi_Negatif,,knpa gk jalan a aja yg di perbaiki 2 27,129
130,@echannahceah_10,Stop membuli..!! kalian TDK tau tentang rudi mas’ud kalian hanya melihat sisi buruknya saja..padahal sisi baiknya tidak ada... 5-3,https://www.tiktok.com/@echannahceah_10,https://www.tiktok.com/@bonekanegara.in/video/7631481627989839105,Akuntabilitas,Akuntabilitas,Akuntabilitas,Akuntabilitas,Negatif,Negatif,Negatif,Negatif,Akuntabilitas_Negatif,,stop membuli kalian tdk tau tentang rudi mas ud kalian hanya melihat sisi buruknya saja padahal sisi baiknya tidak ada 5 3,130
131,@miozann_,700 jt?? saya hanya motor 3 jt 3-22,https://www.tiktok.com/@miozann_,https://www.tiktok.com/@beritasatuofficial/video/7619163357022997780,Efektivitas & Efisiensi,Akuntabilitas,Efektivitas & Efisiensi,Efektivitas & Efisiensi,Negatif,Negatif,Negatif,Negatif,Efektivitas & Efisiensi_Negatif,,700 jt saya hanya motor 3 jt 3 22,131
132,@dannylamoren,KPK diam2 aja.. sudah dpt amplop coklat 3-4,https://www.tiktok.com/@dannylamoren,https://www.tiktok.com/@beritakukar/video/7613011166838738196,Akuntabilitas,Akuntabilitas,Akuntabilitas,Akuntabilitas,Negatif,Negatif,Negatif,Negatif,Akuntabilitas_Negatif,,kpk diam2 aja sudah dpt amplop coklat 3 4,132
133,@komentator433,pemimpin sekarang kagak ada yang mikir rakyat 2-28,https://www.tiktok.com/@komentator433,https://www.tiktok.com/@arteranews.id/video/7611460664074390804,Akuntabilitas,Responsivitas,Akuntabilitas,Akuntabilitas,Negatif,Negatif,Negatif,Negatif,Akuntabilitas_Negatif,,pemimpin sekarang kagak ada yang mikir rakyat 2 28,133
134,@urlove7482,gubernur yg paling bener kdm gk sih? 4-23,https://www.tiktok.com/@urlove7482,https://www.tiktok.com/@bonekanegara.in/video/7631481627989839105,Akuntabilitas,Efektivitas & Efisiensi,Akuntabilitas,Akuntabilitas,Positif,Positif,Positif,Positif,Akuntabilitas_Positif,,gubernur yg paling bener kdm gk sih 4 23,134
135,@d3ddy26,"..pak gubernur kalau mau mengangkat marwah Kaltim, tingkatkan kemajuan daerah bukan beli mobil mewah...ingat pak, jadi gubernur itu atas keinginan bapak & dipilih rakyat. 2-27",https://www.tiktok.com/@d3ddy26,https://www.tiktok.com/@robi.plur/video/7611168030877322514,Efektivitas & Efisiensi,Efektivitas & Efisiensi,Efektivitas & Efisiensi,Efektivitas & Efisiensi,Negatif,Negatif,Negatif,Negatif,Efektivitas & Efisiensi_Negatif,,pak gubernur kalau mau mengangkat marwah kaltim tingkatkan kemajuan daerah bukan beli mobil mewah ingat pak jadi gubernur itu atas keinginan bapak dipilih rakyat 2 27,135
136,@tanyaaja555,"ingat, jangan sampe logikanya ikut masuk ke logika teman2 mahasiswa, ya jalannya bnerin bukan mobilnya d bagusin. emang yg jalan mobil dia doang. para pencari nafkah loh 3-7",https://www.tiktok.com/@tanyaaja555,https://www.tiktok.com/@robi.plur/video/7611168030877322514,Efektivitas & Efisiensi,Efektivitas & Efisiensi,Efektivitas & Efisiensi,Efektivitas & Efisiensi,Negatif,Negatif,Negatif,Negatif,Efektivitas & Efisiensi_Negatif,,ingat jangan sampe logikanya ikut masuk ke logika teman2 mahasiswa ya jalannya bnerin bukan mobilnya d bagusin emang yg jalan mobil dia doang para pencari nafkah loh 3 7,136
137,@user4752781248182,mobil mentri gak sampai segitu harganya 2-27,https://www.tiktok.com/@user4752781248182,https://www.tiktok.com/@operasikhusus/video/7610752915036310791,Efektivitas & Efisiensi,Efektivitas & Efisiensi,Efektivitas & Efisiensi,Efektivitas & Efisiensi,Negatif,Negatif,Negatif,Negatif,Efektivitas & Efisiensi_Negatif,,mobil mentri gak sampai segitu harganya 2 27,137
138,@mamianeu001,sodaraan😂 3-8,https://www.tiktok.com/@mamianeu001,https://www.tiktok.com/@ompro_autocaree/video/7614061884127317266,Akuntabilitas,Akuntabilitas,Akuntabilitas,Akuntabilitas,Negatif,Negatif,Negatif,Negatif,Akuntabilitas_Negatif,,sodaraan 3 8,138
139,@yog7188,apalah artinya hidup mewah kalau di atas penderitaan rakyatnya. 3-29,https://www.tiktok.com/@yog7188,https://www.tiktok.com/@keadilanfiktif/video/7615447599402798357,Akuntabilitas,Akuntabilitas,Akuntabilitas,Akuntabilitas,Negatif,Negatif,Negatif,Negatif,Akuntabilitas_Negatif,,apalah artinya hidup mewah kalau di atas penderitaan rakyatnya 3 29,139
140,@mgaffar887,mobil jeep aja kuat 3-25,https://www.tiktok.com/@mgaffar887,https://www.tiktok.com/@3halll/video/7611863206281137428,Efektivitas & Efisiensi,Efektivitas & Efisiensi,Efektivitas & Efisiensi,Efektivitas & Efisiensi,Negatif,Negatif,Negatif,Negatif,Efektivitas & Efisiensi_Negatif,,mobil jeep aja kuat 3 25,140
141,@user9875935317875,"perlu diusut semua proyek, pasti ada indikasi tim sukses 3-3",https://www.tiktok.com/@user9875935317875,https://www.tiktok.com/@beritakukar/video/7612310183590530324,Akuntabilitas,Akuntabilitas,Akuntabilitas,Akuntabilitas,Negatif,Negatif,Negatif,Negatif,Akuntabilitas_Negatif,,perlu diusut semua proyek pasti ada indikasi tim sukses 3 3,141
142,@falih..03,mungkin anggaran buat vidio doang 300 miliyar hehhe 4-23,https://www.tiktok.com/@falih..03,https://www.tiktok.com/@ibarat_azra/video/7631776481781271826,Transparansi,Efektivitas & Efisiensi,Transparansi,Transparansi,Negatif,Negatif,Negatif,Negatif,Transparansi_Negatif,,mungkin anggaran buat vidio doang 300 miliyar hehhe 4 23,142
143,@unyilsyalala,Marwah nya jalan di alusin pak 2-25,https://www.tiktok.com/@unyilsyalala,https://www.tiktok.com/@wakandatalks_id/video/7610767646996368661,Efektivitas & Efisiensi,Efektivitas & Efisiensi,Efektivitas & Efisiensi,Efektivitas & Efisiensi,Negatif,Negatif,Negatif,Negatif,Efektivitas & Efisiensi_Negatif,,marwah nya jalan di alusin pak 2 25,143
144,@moutya25,Ibu Maaf fashion nya ke sering Aku liat di kota tua jakarta 😌🙏🏻 2-27,https://www.tiktok.com/@moutya25,https://www.tiktok.com/@media_indonesia/video/7611183349964524821,Akuntabilitas,Akuntabilitas,Akuntabilitas,Akuntabilitas,Negatif,Negatif,Negatif,Negatif,Akuntabilitas_Negatif,,ibu maaf fashion nya ke sering aku liat di kota tua jakarta 2 27,144
145,@rizalerda6,buat beli mantel salju lagi 3-6,https://www.tiktok.com/@rizalerda6,https://www.tiktok.com/@sentilin_indonesia/video/7613820353550306581,Akuntabilitas,Efektivitas & Efisiensi,Akuntabilitas,Akuntabilitas,Negatif,Negatif,Negatif,Negatif,Akuntabilitas_Negatif,,buat beli mantel salju lagi 3 6,145
146,@m.rezky.alkiansya,mobil elit buat jalan sulit 3-25,https://www.tiktok.com/@m.rezky.alkiansya,https://www.tiktok.com/@sahambijak0/video/7611953329421421845,Efektivitas & Efisiensi,Efektivitas & Efisiensi,Akuntabilitas,Efektivitas & Efisiensi,Negatif,Negatif,Negatif,Negatif,Efektivitas & Efisiensi_Negatif,,mobil elit buat jalan sulit 3 25,146
147,@khoriati.riati,marwah preeeeeeeeeeet 4-25,https://www.tiktok.com/@khoriati.riati,https://www.tiktok.com/@asbo.titha/video/7632508094207085842,Akuntabilitas,Akuntabilitas,Akuntabilitas,Akuntabilitas,Negatif,Negatif,Negatif,Negatif,Akuntabilitas_Negatif,,marwah preeeeeeeeeeet 4 25,147
148,@widjajanto88,"marwah pejabat ditentukan keberhasilan dia mensejahterakan rakyatnya, bukan mempersolek diri sendiri 2-25",https://www.tiktok.com/@widjajanto88,https://www.tiktok.com/@wglobalmedia/video/7610699657475329298,Akuntabilitas,Akuntabilitas,Akuntabilitas,Akuntabilitas,Negatif,Negatif,Negatif,Negatif,Akuntabilitas_Negatif,,marwah pejabat ditentukan keberhasilan dia mensejahterakan rakyatnya bukan mempersolek diri sendiri 2 25,148
149,@proximuscesar,Kasian kaltim gubernurnya gini 2-27,https://www.tiktok.com/@proximuscesar,https://www.tiktok.com/@robi.plur/video/7611168030877322514,Akuntabilitas,Akuntabilitas,Akuntabilitas,Akuntabilitas,Negatif,Negatif,Negatif,Negatif,Akuntabilitas_Negatif,,kasian kaltim gubernurnya gini 2 27,149
150,@zaidtoreto123,pak contoh lah gubernur jabar....(kdm💖) 3-31,https://www.tiktok.com/@zaidtoreto123,https://www.tiktok.com/@sahambijak0/video/7611953329421421845,Akuntabilitas,Efektivitas & Efisiensi,Akuntabilitas,Akuntabilitas,Negatif,Positif,Positif,Positif,Akuntabilitas_Positif,,pak contoh lah gubernur jabar kdm 3 31,150
151,@usripc13,keluarga dinasti itu 3-8,https://www.tiktok.com/@usripc13,https://www.tiktok.com/@ompro_autocaree/video/7614061884127317266,Akuntabilitas,Akuntabilitas,Akuntabilitas,Akuntabilitas,Negatif,Negatif,Negatif,Negatif,Akuntabilitas_Negatif,,keluarga dinasti itu 3 8,151
152,@irdianto96,ini pemimpin² nya kaltim dari luar semua kah 3-8,https://www.tiktok.com/@irdianto96,https://www.tiktok.com/@politikdotin/video/7612142044219231508,Akuntabilitas,Akuntabilitas,Akuntabilitas,Akuntabilitas,Negatif,Negatif,Negatif,Negatif,Akuntabilitas_Negatif,,ini pemimpin nya kaltim dari luar semua kah 3 8,152
153,@xtensy79,du5ta 4-21,https://www.tiktok.com/@xtensy79,https://www.tiktok.com/@ip.alphawolf/video/7629140462753926420,Akuntabilitas,Transparansi,Akuntabilitas,Akuntabilitas,Negatif,Negatif,Negatif,Negatif,Akuntabilitas_Negatif,,du5ta 4 21,153
154,@user4831345691684tomi,Harus di pantau itu 3-9,https://www.tiktok.com/@user4831345691684tomi,https://www.tiktok.com/@relung.id/video/7611814381126520065,Akuntabilitas,Akuntabilitas,Akuntabilitas,Akuntabilitas,Negatif,Negatif,Negatif,Negatif,Akuntabilitas_Negatif,,harus di pantau itu 3 9,154
155,@usercwqucm36gm,"kan cuma wakil rakyat,rakyatnya aja naik Mio second STNK doank,,, wakilnya range Rover autobiograpy 3-9",https://www.tiktok.com/@usercwqucm36gm,https://www.tiktok.com/@morrodin88/video/7611104729929747733,Efektivitas & Efisiensi,Akuntabilitas,Efektivitas & Efisiensi,Efektivitas & Efisiensi,Negatif,Negatif,Negatif,Negatif,Efektivitas & Efisiensi_Negatif,,kan cuma wakil rakyat rakyatnya aja naik mio second stnk doank wakilnya range rover autobiograpy 3 9,155
156,@febryaffandy,"masa iya, jalannya rusak pak😂 3-3",https://www.tiktok.com/@febryaffandy,https://www.tiktok.com/@libra.pahing1/video/7611302313097153813,Efektivitas & Efisiensi,Efektivitas & Efisiensi,Efektivitas & Efisiensi,Efektivitas & Efisiensi,Negatif,Negatif,Negatif,Negatif,Efektivitas & Efisiensi_Negatif,,masa iya jalannya rusak pak 3 3,156
157,@ahmadmughofar,"Kijang kalau jalannya bagus juga enak ,,, 3-1",https://www.tiktok.com/@ahmadmughofar,https://www.tiktok.com/@robi.plur/video/7611168030877322514,Efektivitas & Efisiensi,Efektivitas & Efisiensi,Efektivitas & Efisiensi,Efektivitas & Efisiensi,Negatif,Negatif,Negatif,Negatif,Efektivitas & Efisiensi_Negatif,,kijang kalau jalannya bagus juga enak 3 1,157
158,@hofibiadap,"masarakat di bawa"" 3-5",https://www.tiktok.com/@hofibiadap,https://www.tiktok.com/@ummu.3.anak/video/7613157935157464340,Akuntabilitas,Responsivitas,Akuntabilitas,Akuntabilitas,Negatif,Negatif,Negatif,Negatif,Akuntabilitas_Negatif,,masarakat di bawa 3 5,158
159,@helhendra321,"omon"" 3-21",https://www.tiktok.com/@helhendra321,https://www.tiktok.com/@ompro_autocaree/video/7614061884127317266,Responsivitas,Responsivitas,Responsivitas,Responsivitas,Negatif,Negatif,Negatif,Negatif,Responsivitas_Negatif,,omon 3 21,159
160,@bakol_cilik03,Ibu wapres kita sederhana sekali 2-27,https://www.tiktok.com/@bakol_cilik03,https://www.tiktok.com/@media_indonesia/video/7611183349964524821,Efektivitas & Efisiensi,Akuntabilitas,Efektivitas & Efisiensi,Efektivitas & Efisiensi,Negatif,Positif,Negatif,Negatif,Efektivitas & Efisiensi_Negatif,,ibu wapres kita sederhana sekali 2 27,160
161,@dwardana86,masa iya jalannya ga di perbaiki jaga donk marwahnya 😂 4-26,https://www.tiktok.com/@dwardana86,https://www.tiktok.com/@ip.alphawolf/video/7629140462753926420,Efektivitas & Efisiensi,Efektivitas & Efisiensi,Efektivitas & Efisiensi,Efektivitas & Efisiensi,Negatif,Negatif,Negatif,Negatif,Efektivitas & Efisiensi_Negatif,,masa iya jalannya ga di perbaiki jaga donk marwahnya 4 26,161
162,@bijiciwadak,"Sejarah mencatat, kekuasaan bukan diukur dari kemewahan fasilitasnya, melainkan dari seberapa kuat ia berpihak pada rakyat kecil. Rp8,5 miliar dari dana Pemprov Kaltim untuk suatu kendaraan adalah angka yang sah untuk dipertanyakan secara moral dan kebijakan. Bukan karena kita anti fasilitas. Tetapi karena prioritas adalah cerminan nurani. Di saat masyarakat membutuhkan akses pendidikan, kesehatan, infrastruktur, keputusan anggaran harus sensitif terhadap rasa keadilan publik. Kritik ini bukan s",https://www.tiktok.com/@bijiciwadak,https://www.tiktok.com/@klikkaltim_/video/7610061418548808967,Efektivitas & Efisiensi,Efektivitas & Efisiensi,Efektivitas & Efisiensi,Efektivitas & Efisiensi,Negatif,Negatif,Negatif,Negatif,Efektivitas & Efisiensi_Negatif,,sejarah mencatat kekuasaan bukan diukur dari kemewahan fasilitasnya melainkan dari seberapa kuat ia berpihak pada rakyat kecil rp8 5 miliar dari dana pemprov kaltim untuk suatu kendaraan adalah angka yang sah untuk dipertanyakan secara moral dan kebijakan bukan karena kita anti fasilitas tetapi karena prioritas adalah cerminan nurani di saat masyarakat membutuhkan akses pendidikan kesehatan infrastruktur keputusan anggaran harus sensitif terhadap rasa keadilan publik kritik ini bukan s,162
163,@dellassi,"tampilannya familiar kek siapa ya, ternyata kek lady dimitrescu #izin 🙂‍↕️🙏🏼 3-2",https://www.tiktok.com/@dellassi,https://www.tiktok.com/@sindonews/video/7611810371535375633,Akuntabilitas,Akuntabilitas,Akuntabilitas,Akuntabilitas,Negatif,Negatif,Negatif,Negatif,Akuntabilitas_Negatif,,tampilannya familiar kek siapa ya ternyata kek lady dimitrescu izin 3 2,163
164,@man.maulana27,pak utk jaga marwah tuh kaltim itu bikin maju kaltim bikin warga kaltim itu sejahteta perekonomian kaltim lbh baik lg bkn beli mobil itu see bkn jaga marwah kaltim 4-24,https://www.tiktok.com/@man.maulana27,https://www.tiktok.com/@f.405_/video/7612591026666048789,Efektivitas & Efisiensi,Efektivitas & Efisiensi,Efektivitas & Efisiensi,Efektivitas & Efisiensi,Negatif,Negatif,Negatif,Negatif,Efektivitas & Efisiensi_Negatif,,pak utk jaga marwah tuh kaltim itu bikin maju kaltim bikin warga kaltim itu sejahteta perekonomian kaltim lbh baik lg bkn beli mobil itu see bkn jaga marwah kaltim 4 24,164
165,@gassecond,JALANMU PERBAIKI WAHAI GUBERNUR OON 3-5,https://www.tiktok.com/@gassecond,https://www.tiktok.com/@kompastv_jateng/video/7613321888445615381,Efektivitas & Efisiensi,Efektivitas & Efisiensi,Efektivitas & Efisiensi,Efektivitas & Efisiensi,Negatif,Negatif,Negatif,Negatif,Efektivitas & Efisiensi_Negatif,,jalanmu perbaiki wahai gubernur oon 3 5,165
166,@kinabe.lay30,"Wee presiden sa dia punya mobil 700juta sa nih masa hanya gubernur sa harus 8,5m nc 4-25",https://www.tiktok.com/@kinabe.lay30,https://www.tiktok.com/@3halll/video/7611863206281137428,Efektivitas & Efisiensi,Efektivitas & Efisiensi,Efektivitas & Efisiensi,Efektivitas & Efisiensi,Negatif,Negatif,Negatif,Negatif,Efektivitas & Efisiensi_Negatif,,wee presiden sa dia punya mobil 700juta sa nih masa hanya gubernur sa harus 8 5m nc 4 25,166
167,@erwinpurnama885,jalan nya di perbaiki biar bisa make avanza 4-7,https://www.tiktok.com/@erwinpurnama885,https://www.tiktok.com/@suka.otom0tif/video/7612478466214104328,Efektivitas & Efisiensi,Efektivitas & Efisiensi,Efektivitas & Efisiensi,Efektivitas & Efisiensi,Negatif,Negatif,Negatif,Negatif,Efektivitas & Efisiensi_Negatif,,jalan nya di perbaiki biar bisa make avanza 4 7,167
168,@natte094,gw aja malu sama pemerintah gw sendiri di kaltim😂 3-22,https://www.tiktok.com/@natte094,https://www.tiktok.com/@themis.law3/video/7612442626234633480,Akuntabilitas,Akuntabilitas,Akuntabilitas,Akuntabilitas,Negatif,Negatif,Negatif,Negatif,Akuntabilitas_Negatif,,gw aja malu sama pemerintah gw sendiri di kaltim 3 22,168
169,@mnurrahman20,"nah jalanya bang yg mau di lewatin mobil 8,5 m😳 3-5",https://www.tiktok.com/@mnurrahman20,https://www.tiktok.com/@botakteras/video/7613416347250314517,Efektivitas & Efisiensi,Efektivitas & Efisiensi,Efektivitas & Efisiensi,Efektivitas & Efisiensi,Negatif,Negatif,Negatif,Negatif,Efektivitas & Efisiensi_Negatif,,nah jalanya bang yg mau di lewatin mobil 8 5 m 3 5,169
170,@user4050227010443,perlu dipriksa 2-18,https://www.tiktok.com/@user4050227010443,https://www.tiktok.com/@ashepsayfullq/video/7608021220088433936,Akuntabilitas,Akuntabilitas,Akuntabilitas,Akuntabilitas,Negatif,Negatif,Negatif,Negatif,Akuntabilitas_Negatif,,perlu dipriksa 2 18,170
171,@bung_hew,tegur ❎ sindir✅ 3-20,https://www.tiktok.com/@bung_hew,https://www.tiktok.com/@beritasatuofficial/video/7619163357022997780,Responsivitas,Responsivitas,Responsivitas,Responsivitas,Negatif,Negatif,Negatif,Negatif,Responsivitas_Negatif,,tegur sindir 3 20,171
172,@aly.cross07,marwah siapa pak.... marwah kaltim adalah masyarakatnya sejahtera pemimpinnya amanah pembangunan infrastruktur bagus..janji ditepati. 3-2,https://www.tiktok.com/@aly.cross07,https://www.tiktok.com/@f.405_/video/7612591026666048789,Efektivitas & Efisiensi,Efektivitas & Efisiensi,Efektivitas & Efisiensi,Efektivitas & Efisiensi,Negatif,Negatif,Negatif,Negatif,Efektivitas & Efisiensi_Negatif,,marwah siapa pak marwah kaltim adalah masyarakatnya sejahtera pemimpinnya amanah pembangunan infrastruktur bagus janji ditepati 3 2,172
173,@sro.sahyd,kumaha piikirana etta Gub 3-2,https://www.tiktok.com/@sro.sahyd,https://www.tiktok.com/@suka.otom0tif/video/7612478466214104328,Akuntabilitas,Akuntabilitas,Akuntabilitas,Akuntabilitas,Negatif,Negatif,Negatif,Negatif,Akuntabilitas_Negatif,,kumaha piikirana etta gub 3 2,173
174,@nugerahantofilza20,"padahal banyak mobil tangguh lainnya kayak Ford , Pajero , Fortuner dll itu kan dibawah 1m 3-23",https://www.tiktok.com/@nugerahantofilza20,https://www.tiktok.com/@3halll/video/7611863206281137428,Efektivitas & Efisiensi,Efektivitas & Efisiensi,Efektivitas & Efisiensi,Efektivitas & Efisiensi,Negatif,Negatif,Negatif,Negatif,Efektivitas & Efisiensi_Negatif,,padahal banyak mobil tangguh lainnya kayak ford pajero fortuner dll itu kan dibawah 1m 3 23,174
175,@rofie_pratama,"Mau tanya, siapa yg pilih gubernur itu ?? gubernur kaltim ?? 5-27",https://www.tiktok.com/@rofie_pratama,https://www.tiktok.com/@tripol.co/video/7642126377168293141,Akuntabilitas,Akuntabilitas,Akuntabilitas,Akuntabilitas,Negatif,Negatif,Negatif,Negatif,Akuntabilitas_Negatif,,mau tanya siapa yg pilih gubernur itu gubernur kaltim 5 27,175
176,@xuxicarls,dikira ini era Bridgerton kali😭 2-27,https://www.tiktok.com/@xuxicarls,https://www.tiktok.com/@media_indonesia/video/7611183349964524821,Akuntabilitas,Akuntabilitas,Akuntabilitas,Akuntabilitas,Negatif,Negatif,Negatif,Negatif,Akuntabilitas_Negatif,,dikira ini era bridgerton kali 2 27,176
177,@user0888855686655,700 jt pake hanya🗿 3-26,https://www.tiktok.com/@user0888855686655,https://www.tiktok.com/@millenialzkece/video/7621132387426061575,Efektivitas & Efisiensi,Efektivitas & Efisiensi,Akuntabilitas,Efektivitas & Efisiensi,Negatif,Negatif,Negatif,Negatif,Efektivitas & Efisiensi_Negatif,,700 jt pake hanya 3 26,177
178,@novi.lestari777,pecat aja turun kan kalau tidak perhatikan rakyat 5-6,https://www.tiktok.com/@novi.lestari777,https://www.tiktok.com/@asbo.titha/video/7632508094207085842,Akuntabilitas,Akuntabilitas,Akuntabilitas,Akuntabilitas,Negatif,Negatif,Negatif,Negatif,Akuntabilitas_Negatif,,pecat aja turun kan kalau tidak perhatikan rakyat 5 6,178
179,@agus.yudha23,jangan adal ngomong mas diberita mana 3-10,https://www.tiktok.com/@agus.yudha23,https://www.tiktok.com/@relung.id/video/7611814381126520065,Transparansi,Transparansi,Transparansi,Transparansi,Negatif,Negatif,Negatif,Negatif,Transparansi_Negatif,,jangan adal ngomong mas diberita mana 3 10,179
180,@fans.el.real0,bukan nya ditambal jalan nya tapi membeli mobil mahal 3-25,https://www.tiktok.com/@fans.el.real0,https://www.tiktok.com/@3halll/video/7611863206281137428,Efektivitas & Efisiensi,Efektivitas & Efisiensi,Efektivitas & Efisiensi,Efektivitas & Efisiensi,Negatif,Negatif,Negatif,Negatif,Efektivitas & Efisiensi_Negatif,,bukan nya ditambal jalan nya tapi membeli mobil mahal 3 25,180
181,@deafajar_,lapor KPK lsg turun 2-18,https://www.tiktok.com/@deafajar_,https://www.tiktok.com/@ashepsayfullq/video/7608021220088433936,Akuntabilitas,Akuntabilitas,Akuntabilitas,Akuntabilitas,Negatif,Negatif,Negatif,Negatif,Akuntabilitas_Negatif,,lapor kpk lsg turun 2 18,181
182,@godok698,ciri korop 2-26,https://www.tiktok.com/@godok698,https://www.tiktok.com/@mata_publik_/video/7608632050790239495,Akuntabilitas,Akuntabilitas,Akuntabilitas,Akuntabilitas,Negatif,Negatif,Negatif,Negatif,Akuntabilitas_Negatif,,ciri korop 2 26,182
183,@cahyudin69,jangan omon omon doang pak wowo 3-25,https://www.tiktok.com/@cahyudin69,https://www.tiktok.com/@millenialzkece/video/7621132387426061575,Responsivitas,Responsivitas,Akuntabilitas,Responsivitas,Negatif,Negatif,Negatif,Negatif,Responsivitas_Negatif,,jangan omon omon doang pak wowo 3 25,183
184,@ammarzai650,napa tak betulkan jalan je😅 3-9,https://www.tiktok.com/@ammarzai650,https://www.tiktok.com/@3halll/video/7611863206281137428,Efektivitas & Efisiensi,Efektivitas & Efisiensi,Efektivitas & Efisiensi,Efektivitas & Efisiensi,Negatif,Negatif,Negatif,Negatif,Efektivitas & Efisiensi_Negatif,,napa tak betulkan jalan je 3 9,184
185,@jemii897,Target Nya Gedung Merah Putih ini 😂😂 2-25,https://www.tiktok.com/@jemii897,https://www.tiktok.com/@the_amor70/video/7610666343985138951,Akuntabilitas,Akuntabilitas,Akuntabilitas,Akuntabilitas,Negatif,Negatif,Negatif,Negatif,Akuntabilitas_Negatif,,target nya gedung merah putih ini 2 25,185
186,@_beeyyyyy,dulu yg milih siapa sih😂 4-29,https://www.tiktok.com/@_beeyyyyy,https://www.tiktok.com/@themis.law3/video/7612442626234633480,Akuntabilitas,Akuntabilitas,Akuntabilitas,Akuntabilitas,Negatif,Negatif,Negatif,Negatif,Akuntabilitas_Negatif,,dulu yg milih siapa sih 4 29,186
187,@sonyakhbar5,"Ngapo di pulangke, mana KPK usut tuntas 3-2",https://www.tiktok.com/@sonyakhbar5,https://www.tiktok.com/@beritakukar/video/7612310183590530324,Akuntabilitas,Akuntabilitas,Akuntabilitas,Akuntabilitas,Negatif,Negatif,Negatif,Negatif,Akuntabilitas_Negatif,,ngapo di pulangke mana kpk usut tuntas 3 2,187
188,@teguhharyono64,parah ni Gub kaltim 2-27,https://www.tiktok.com/@teguhharyono64,https://www.tiktok.com/@the_amor70/video/7610666343985138951,Akuntabilitas,Akuntabilitas,Akuntabilitas,Akuntabilitas,Negatif,Negatif,Negatif,Negatif,Akuntabilitas_Negatif,,parah ni gub kaltim 2 27,188
189,@alitapena0,kalo di tempatku suka banyak di sawah pas padi udah berbuah biasaNya buat nakutin burung 3-7,https://www.tiktok.com/@alitapena0,https://www.tiktok.com/@sindonews/video/7611810371535375633,Akuntabilitas,Efektivitas & Efisiensi,Akuntabilitas,Akuntabilitas,Negatif,Positif,Negatif,Negatif,Akuntabilitas_Negatif,,kalo di tempatku suka banyak di sawah pas padi udah berbuah biasanya buat nakutin burung 3 7,189
190,@enal_epponabbas,jujur saya kelahiran Kaltim.. sangat malu dengan hujatan warga net... kpan yah punya pemimpin kaya KDM... 3-4,https://www.tiktok.com/@enal_epponabbas,https://www.tiktok.com/@ae_affiliat/video/7612919691111107848,Akuntabilitas,Responsivitas,Akuntabilitas,Akuntabilitas,Negatif,Negatif,Negatif,Negatif,Akuntabilitas_Negatif,,jujur saya kelahiran kaltim sangat malu dengan hujatan warga net kpan yah punya pemimpin kaya kdm 3 4,190
191,@papisultan82,"curhat Mulu ini presiden, byk ngomong drpd tindakan 3-20",https://www.tiktok.com/@papisultan82,https://www.tiktok.com/@beritasatuofficial/video/7619163357022997780,Responsivitas,Responsivitas,Responsivitas,Responsivitas,Negatif,Negatif,Negatif,Negatif,Responsivitas_Negatif,,curhat mulu ini presiden byk ngomong drpd tindakan 3 20,191
192,@anggajulian207,"8,5m kalo pake buat nambal jalan lumayan tuh 3-5",https://www.tiktok.com/@anggajulian207,https://www.tiktok.com/@politikdotin/video/7612142044219231508,Efektivitas & Efisiensi,Efektivitas & Efisiensi,Efektivitas & Efisiensi,Efektivitas & Efisiensi,Negatif,Negatif,Negatif,Negatif,Efektivitas & Efisiensi_Negatif,,8 5m kalo pake buat nambal jalan lumayan tuh 3 5,192
193,@wattimena4,gaya tdk sesuai dgn kinerja 3-20,https://www.tiktok.com/@wattimena4,https://www.tiktok.com/@ashepsayfullq/video/7608021220088433936,Akuntabilitas,Efektivitas & Efisiensi,Akuntabilitas,Akuntabilitas,Negatif,Negatif,Negatif,Negatif,Akuntabilitas_Negatif,,gaya tdk sesuai dgn kinerja 3 20,193
194,@iamjadenhokuowei,Gubenur syampachhh😅😅😅 2-25,https://www.tiktok.com/@iamjadenhokuowei,https://www.tiktok.com/@wakandatalks_id/video/7610767646996368661,Akuntabilitas,Akuntabilitas,Akuntabilitas,Akuntabilitas,Negatif,Negatif,Negatif,Negatif,Akuntabilitas_Negatif,,gubenur syampachhh 2 25,194
195,@annalulamii,klo di usut gmn dgn org2 yg bersangkutan dgn pengadaan barang ya?? dri jabat sibuk urus marwah bkn urut warga kaltim.. 5-5,https://www.tiktok.com/@annalulamii,https://www.tiktok.com/@aby.drone/video/7631155160395402516,Akuntabilitas,Akuntabilitas,Akuntabilitas,Akuntabilitas,Negatif,Negatif,Negatif,Negatif,Akuntabilitas_Negatif,,klo di usut gmn dgn org2 yg bersangkutan dgn pengadaan barang ya dri jabat sibuk urus marwah bkn urut warga kaltim 5 5,195
196,@rendirandi741,mundur dri jabatanmu dn mundur dinastimu 4-21,https://www.tiktok.com/@rendirandi741,https://www.tiktok.com/@prabsri1/video/7631102459582336277,Akuntabilitas,Akuntabilitas,Akuntabilitas,Akuntabilitas,Negatif,Negatif,Negatif,Negatif,Akuntabilitas_Negatif,,mundur dri jabatanmu dn mundur dinastimu 4 21,196
197,@dhenzhan_37,masa iya mobil nya bagus. yang naik nya jelek.. jaga dong Marwah mobil nya... 3-31,https://www.tiktok.com/@dhenzhan_37,https://www.tiktok.com/@sahambijak0/video/7611953329421421845,Akuntabilitas,Akuntabilitas,Akuntabilitas,Akuntabilitas,Negatif,Negatif,Negatif,Negatif,Akuntabilitas_Negatif,,masa iya mobil nya bagus yang naik nya jelek jaga dong marwah mobil nya 3 31,197
198,@arifbahaa,"Siapa pun bisa tau dan ngerti, walau pak presiden engga bilang gitu 3-20",https://www.tiktok.com/@arifbahaa,https://www.tiktok.com/@ompro_autocaree/video/7614061884127317266,Responsivitas,Responsivitas,Responsivitas,Responsivitas,Negatif,Negatif,Negatif,Negatif,Responsivitas_Negatif,,siapa pun bisa tau dan ngerti walau pak presiden engga bilang gitu 3 20,198
199,@saifulbaqa12,semua pandai bersilat lidah gubernurx ketua dprx sekdax smpai kasix jg bgtu 3-4,https://www.tiktok.com/@saifulbaqa12,https://www.tiktok.com/@beritakukar/video/7613011166838738196,Transparansi,Transparansi,Transparansi,Transparansi,Negatif,Negatif,Negatif,Negatif,Transparansi_Negatif,,semua pandai bersilat lidah gubernurx ketua dprx sekdax smpai kasix jg bgtu 3 4,199
200,@moh.suryadi397,mantab KPK 3-4,https://www.tiktok.com/@moh.suryadi397,https://www.tiktok.com/@relung.id/video/7611814381126520065,Akuntabilitas,Akuntabilitas,Akuntabilitas,Akuntabilitas,Positif,Positif,Positif,Positif,Akuntabilitas_Positif,,mantab kpk 3 4,200
201,@muhammd_daffa5,"org Kaltim asli cuma Diam ngk mau koment apa""👍 3-4",https://www.tiktok.com/@muhammd_daffa5,https://www.tiktok.com/@ae_affiliat/video/7612919691111107848,Responsivitas,Responsivitas,Responsivitas,Responsivitas,Negatif,Negatif,Negatif,Negatif,Responsivitas_Negatif,,org kaltim asli cuma diam ngk mau koment apa 3 4,201
202,@alvynn01_,titik terendah di gosipin presiden 3-28,https://www.tiktok.com/@alvynn01_,https://www.tiktok.com/@fans_pak_prabowo/video/7621100320243928341,Responsivitas,Akuntabilitas,Responsivitas,Responsivitas,Negatif,Negatif,Negatif,Negatif,Responsivitas_Negatif,,titik terendah di gosipin presiden 3 28,202
203,@arif2291,ko Gk risih yaa naiknya padahal kan Rakyat 🤣 2-22,https://www.tiktok.com/@arif2291,https://www.tiktok.com/@kutai.dailynews/video/7609068555455253780,Akuntabilitas,Akuntabilitas,Akuntabilitas,Akuntabilitas,Negatif,Negatif,Negatif,Negatif,Akuntabilitas_Negatif,,ko gk risih yaa naiknya padahal kan rakyat 2 22,203
204,@viyaa8992,mobil elit jalan sulit 5-14,https://www.tiktok.com/@viyaa8992,https://www.tiktok.com/@aditya.yudono/video/7631554392633675028,Efektivitas & Efisiensi,Efektivitas & Efisiensi,Efektivitas & Efisiensi,Efektivitas & Efisiensi,Negatif,Negatif,Negatif,Negatif,Efektivitas & Efisiensi_Negatif,,mobil elit jalan sulit 5 14,204
205,@leonardo_di_catmeeow,"Emang bukan sekedarnya, tapi ya jangan yang paling mewah juga. Itu kan bukan uang kamu. Kalo kamu beli pake duit sendiri Roll Royce juga gak apa 2-25",https://www.tiktok.com/@leonardo_di_catmeeow,https://www.tiktok.com/@operasikhusus/video/7610752915036310791,Efektivitas & Efisiensi,Akuntabilitas,Efektivitas & Efisiensi,Efektivitas & Efisiensi,Negatif,Negatif,Negatif,Negatif,Efektivitas & Efisiensi_Negatif,,emang bukan sekedarnya tapi ya jangan yang paling mewah juga itu kan bukan uang kamu kalo kamu beli pake duit sendiri roll royce juga gak apa 2 25,205
206,@bglesmana6,apa hubungan nya dengan kemewahan kendaraan pak? sesungguh nya marwah kaltim ekonomi rakyat nya meningkat jalan di kaltim bagus semua dan kesederhanaan pejabat nya itu marwah sesungguh nya.. 4-16,https://www.tiktok.com/@bglesmana6,https://www.tiktok.com/@ip.alphawolf/video/7629140462753926420,Efektivitas & Efisiensi,Efektivitas & Efisiensi,Efektivitas & Efisiensi,Efektivitas & Efisiensi,Negatif,Negatif,Negatif,Negatif,Efektivitas & Efisiensi_Negatif,,apa hubungan nya dengan kemewahan kendaraan pak sesungguh nya marwah kaltim ekonomi rakyat nya meningkat jalan di kaltim bagus semua dan kesederhanaan pejabat nya itu marwah sesungguh nya 4 16,206
207,@aplikasicuangacor,"Coba pakai mobil sigra aja pak, sisa nya buat benerin jalan 2-27",https://www.tiktok.com/@aplikasicuangacor,https://www.tiktok.com/@libra.pahing1/video/7611302313097153813,Efektivitas & Efisiensi,Efektivitas & Efisiensi,Efektivitas & Efisiensi,Efektivitas & Efisiensi,Negatif,Negatif,Negatif,Negatif,Efektivitas & Efisiensi_Negatif,,coba pakai mobil sigra aja pak sisa nya buat benerin jalan 2 27,207
208,@pandujuansyahcihvu,jam juga mahal itu weded korupsi terossssss 2-25,https://www.tiktok.com/@pandujuansyahcihvu,https://www.tiktok.com/@wglobalmedia/video/7610699657475329298,Akuntabilitas,Akuntabilitas,Akuntabilitas,Akuntabilitas,Negatif,Negatif,Negatif,Negatif,Akuntabilitas_Negatif,,jam juga mahal itu weded korupsi terossssss 2 25,208
209,@sndyrisky,Pejabat naik mobil mewah rakyat nya jalan rusak parahh 3-4,https://www.tiktok.com/@sndyrisky,https://www.tiktok.com/@botakteras/video/7613416347250314517,Efektivitas & Efisiensi,Efektivitas & Efisiensi,Efektivitas & Efisiensi,Efektivitas & Efisiensi,Negatif,Negatif,Negatif,Negatif,Efektivitas & Efisiensi_Negatif,,pejabat naik mobil mewah rakyat nya jalan rusak parahh 3 4,209
210,@mhdariansyahp,"bisa gak ya setiap pidato para pejabat atau pemerintah , gak usah pake bawa"" partai... mending fokus gimna cara nya buat negara ini maju dan sejahtera... kalau mau cerita partai nanti buat porum sendiri... 3-10",https://www.tiktok.com/@mhdariansyahp,https://www.tiktok.com/@ompro_autocaree/video/7614061884127317266,Responsivitas,Responsivitas,Responsivitas,Responsivitas,Negatif,Negatif,Negatif,Negatif,Responsivitas_Negatif,,bisa gak ya setiap pidato para pejabat atau pemerintah gak usah pake bawa partai mending fokus gimna cara nya buat negara ini maju dan sejahtera kalau mau cerita partai nanti buat porum sendiri 3 10,210
211,@orang.orang212,gubenur. Kaltim harus. belajar dari. Usman. bin Affan. . dia pemimpin yg. takut. rakyatnya ada yg lapar . 3-6,https://www.tiktok.com/@orang.orang212,https://www.tiktok.com/@ashepsayfullq/video/7608021220088433936,Akuntabilitas,Akuntabilitas,Akuntabilitas,Akuntabilitas,Negatif,Negatif,Negatif,Negatif,Akuntabilitas_Negatif,,gubenur kaltim harus belajar dari usman bin affan dia pemimpin yg takut rakyatnya ada yg lapar 3 6,211
212,@sujanana0,gw aja pake honda beat 3-21,https://www.tiktok.com/@sujanana0,https://www.tiktok.com/@wargawargi2025/video/7619281381293755669,Efektivitas & Efisiensi,Akuntabilitas,Efektivitas & Efisiensi,Efektivitas & Efisiensi,Negatif,Negatif,Negatif,Negatif,Efektivitas & Efisiensi_Negatif,,gw aja pake honda beat 3 21,212
213,@alviannn2,mana ni masyarakat Kaltim...👌 3-1,https://www.tiktok.com/@alviannn2,https://www.tiktok.com/@detik.lebak/video/7612096372824608008,Responsivitas,Responsivitas,Responsivitas,Responsivitas,Negatif,Negatif,Negatif,Negatif,Responsivitas_Negatif,,mana ni masyarakat kaltim 3 1,213
214,@kingawurpermana,marwah kok di mobil. di jalanan pak. 3-2,https://www.tiktok.com/@kingawurpermana,https://www.tiktok.com/@lensanalarcom/video/7610698043981090068,Efektivitas & Efisiensi,Efektivitas & Efisiensi,Efektivitas & Efisiensi,Efektivitas & Efisiensi,Negatif,Negatif,Negatif,Negatif,Efektivitas & Efisiensi_Negatif,,marwah kok di mobil di jalanan pak 3 2,214
215,@chandrah76,"KLO bisa Marwah jalan egk apa""yg penting gaya mobil dinas nya 3-25",https://www.tiktok.com/@chandrah76,https://www.tiktok.com/@f.405_/video/7612591026666048789,Efektivitas & Efisiensi,Efektivitas & Efisiensi,Efektivitas & Efisiensi,Efektivitas & Efisiensi,Negatif,Negatif,Negatif,Negatif,Efektivitas & Efisiensi_Negatif,,klo bisa marwah jalan egk apa yg penting gaya mobil dinas nya 3 25,215
216,@gerimis.mengundan040,harap2 di panggil SMA kpk 2-27,https://www.tiktok.com/@gerimis.mengundan040,https://www.tiktok.com/@libra.pahing1/video/7611302313097153813,Akuntabilitas,Akuntabilitas,Akuntabilitas,Akuntabilitas,Negatif,Negatif,Negatif,Negatif,Akuntabilitas_Negatif,,harap2 di panggil sma kpk 2 27,216
217,@candra.fahmi,"Gubernur kaltim ini org paling kuat se Indonesia, bahkan KpK dan kejaksaan pun g mampu menyentuhnya 3-5",https://www.tiktok.com/@candra.fahmi,https://www.tiktok.com/@kompastv_jateng/video/7613321888445615381,Akuntabilitas,Akuntabilitas,Akuntabilitas,Akuntabilitas,Negatif,Negatif,Negatif,Negatif,Akuntabilitas_Negatif,,gubernur kaltim ini org paling kuat se indonesia bahkan kpk dan kejaksaan pun g mampu menyentuhnya 3 5,217
218,@kemaszaa,mahalan mobil gub kaltim ketimbang mobil presiden 2-25,https://www.tiktok.com/@kemaszaa,https://www.tiktok.com/@ashepsayfullq/video/7608021220088433936,Efektivitas & Efisiensi,Efektivitas & Efisiensi,Efektivitas & Efisiensi,Efektivitas & Efisiensi,Negatif,Negatif,Negatif,Negatif,Efektivitas & Efisiensi_Negatif,,mahalan mobil gub kaltim ketimbang mobil presiden 2 25,218
219,@kacang_lidi,gue cuma binggung kok bisa di approve renovasi 25m? 😳 4-23,https://www.tiktok.com/@kacang_lidi,https://www.tiktok.com/@bonekanegara.in/video/7631481627989839105,Transparansi,Efektivitas & Efisiensi,Transparansi,Transparansi,Negatif,Negatif,Negatif,Negatif,Transparansi_Negatif,,gue cuma binggung kok bisa di approve renovasi 25m 4 23,219
220,@samsung.indo402,jalannya bos perbaiki bukan beli mobil mewahh😏 3-20,https://www.tiktok.com/@samsung.indo402,https://www.tiktok.com/@sahambijak0/video/7611953329421421845,Efektivitas & Efisiensi,Efektivitas & Efisiensi,Efektivitas & Efisiensi,Efektivitas & Efisiensi,Negatif,Negatif,Negatif,Negatif,Efektivitas & Efisiensi_Negatif,,jalannya bos perbaiki bukan beli mobil mewahh 3 20,220
221,@wiidd.07_,"knp presiden naik mobil 700jt, sedangkan rakyatnya saja kredit motor listrik 3-21",https://www.tiktok.com/@wiidd.07_,https://www.tiktok.com/@beritasatuofficial/video/7619163357022997780,Efektivitas & Efisiensi,Akuntabilitas,Efektivitas & Efisiensi,Efektivitas & Efisiensi,Negatif,Negatif,Negatif,Negatif,Efektivitas & Efisiensi_Negatif,,knp presiden naik mobil 700jt sedangkan rakyatnya saja kredit motor listrik 3 21,221
222,@panglima_kijang_kencana,"Assalamualaikum buat kita semua. Wajar aja dia menikmati peselitas itu. Kerna dia juga berjuang berdarah darah berkorban harta benda"" baru bisa duduk jadi gubernur kaltim. KERNA ITU PILIHAN KALIAN JUGA DIA JADI PEJABAT DAN GUBERNUR KALTIM. LEBIH BAIK KITA SENERGI MEMBANGUN KALTIM. Jadi kita jangan membuli' menghujat dan gibahnya ya kawan. Seharusnya kita dukung program beliau agar maksimal membangun kaltim. Ingat kawan manusia itu tidak ada yang sempurna. DIA JUGA BERBUAT SEPERTI ITU. BUAT MASRA",https://www.tiktok.com/@panglima_kijang_kencana,https://www.tiktok.com/@relung.id/video/7611773381997890833,Akuntabilitas,Responsivitas,Akuntabilitas,Akuntabilitas,Positif,Positif,Positif,Positif,Akuntabilitas_Positif,,assalamualaikum buat kita semua wajar aja dia menikmati peselitas itu kerna dia juga berjuang berdarah darah berkorban harta benda baru bisa duduk jadi gubernur kaltim kerna itu pilihan kalian juga dia jadi pejabat dan gubernur kaltim lebih baik kita senergi membangun kaltim jadi kita jangan membuli menghujat dan gibahnya ya kawan seharusnya kita dukung program beliau agar maksimal membangun kaltim ingat kawan manusia itu tidak ada yang sempurna dia juga berbuat seperti itu buat masra,222
223,@ibu.priyo,"Lah gpp bang mobil jelek yg penting msh bisa d pake asal wilayahnya baik rapih jlnnya bagus & rakyatnya Senang hidupnya, pasti yg bagus kan para pejabatnya jg bnr g sih 5-12",https://www.tiktok.com/@ibu.priyo,https://www.tiktok.com/@f.405_/video/7612591026666048789,Efektivitas & Efisiensi,Efektivitas & Efisiensi,Efektivitas & Efisiensi,Efektivitas & Efisiensi,Positif,Positif,Positif,Positif,Efektivitas & Efisiensi_Positif,,lah gpp bang mobil jelek yg penting msh bisa d pake asal wilayahnya baik rapih jlnnya bagus rakyatnya senang hidupnya pasti yg bagus kan para pejabatnya jg bnr g sih 5 12,223
224,@pwn_garage1,pinter omong 3-1,https://www.tiktok.com/@pwn_garage1,https://www.tiktok.com/@beritaenamdua/video/7612139610507873557,Responsivitas,Transparansi,Responsivitas,Responsivitas,Negatif,Negatif,Negatif,Negatif,Responsivitas_Negatif,,pinter omong 3 1,224
225,@barry.gallen,DPRD pasti sudah mengkaji dan menyetujui anggaran ini. Jadi secara administrasi pasti sudah aman 3-4,https://www.tiktok.com/@barry.gallen,https://www.tiktok.com/@tikuskokberdasi/video/7613343929244618005,Transparansi,Responsivitas,Transparansi,Transparansi,Positif,Positif,Positif,Positif,Transparansi_Positif,,dprd pasti sudah mengkaji dan menyetujui anggaran ini jadi secara administrasi pasti sudah aman 3 4,225
226,@harta_tahta_umroh,MOBIL PRESIDEN AJA GA SEGITU😂 3-5,https://www.tiktok.com/@harta_tahta_umroh,https://www.tiktok.com/@tikuskokberdasi/video/7613343929244618005,Efektivitas & Efisiensi,Efektivitas & Efisiensi,Efektivitas & Efisiensi,Efektivitas & Efisiensi,Negatif,Negatif,Negatif,Negatif,Efektivitas & Efisiensi_Negatif,,mobil presiden aja ga segitu 3 5,226
227,@7362863sjdiej,sindir tanpa tindakan juga fungsinya apa 3-21,https://www.tiktok.com/@7362863sjdiej,https://www.tiktok.com/@wargawargi2025/video/7619281381293755669,Responsivitas,Responsivitas,Responsivitas,Responsivitas,Negatif,Negatif,Negatif,Negatif,Responsivitas_Negatif,,sindir tanpa tindakan juga fungsinya apa 3 21,227
228,@siti.marni94,ya allah parah.... 4-24,https://www.tiktok.com/@siti.marni94,https://www.tiktok.com/@prapancas/video/7631918131128061191,Akuntabilitas,Akuntabilitas,Akuntabilitas,Akuntabilitas,Negatif,Negatif,Negatif,Negatif,Akuntabilitas_Negatif,,ya allah parah 4 24,228
229,@krupukmlemp,woiiiii...jalannya yg diperbaiki.malah beli mobil mewah 2-25,https://www.tiktok.com/@krupukmlemp,https://www.tiktok.com/@wglobalmedia/video/7610699657475329298,Efektivitas & Efisiensi,Efektivitas & Efisiensi,Efektivitas & Efisiensi,Efektivitas & Efisiensi,Negatif,Negatif,Negatif,Negatif,Efektivitas & Efisiensi_Negatif,,woiiiii jalannya yg diperbaiki malah beli mobil mewah 2 25,229
230,@army16556,GEMES NGELIHAT NYA... IH GK TAU MAU KOMEN APA. SI MARWAH. AKU PANGGIL DIA SI MARWAH AJ LAH 3-27,https://www.tiktok.com/@army16556,https://www.tiktok.com/@f.405_/video/7612591026666048789,Akuntabilitas,Akuntabilitas,Akuntabilitas,Akuntabilitas,Negatif,Negatif,Negatif,Negatif,Akuntabilitas_Negatif,,gemes ngelihat nya ih gk tau mau komen apa si marwah aku panggil dia si marwah aj lah 3 27,230
231,@user9292094939676,"Fortuner, Pajero dan yg selevel sdh cukup kok. 2-25",https://www.tiktok.com/@user9292094939676,https://www.tiktok.com/@operasikhusus/video/7610752915036310791,Efektivitas & Efisiensi,Efektivitas & Efisiensi,Efektivitas & Efisiensi,Efektivitas & Efisiensi,Negatif,Negatif,Negatif,Negatif,Efektivitas & Efisiensi_Negatif,,fortuner pajero dan yg selevel sdh cukup kok 2 25,231
232,@chocomaltman,"puncak komedinya ""saya ajaa cuman 700jt dia malah 8m🤣"" 3-20",https://www.tiktok.com/@chocomaltman,https://www.tiktok.com/@beritasatuofficial/video/7619163357022997780,Efektivitas & Efisiensi,Akuntabilitas,Efektivitas & Efisiensi,Efektivitas & Efisiensi,Negatif,Negatif,Negatif,Negatif,Efektivitas & Efisiensi_Negatif,,puncak komedinya saya ajaa cuman 700jt dia malah 8m 3 20,232
233,@lidi4774,udah ketakutan sama KPK. 3-2,https://www.tiktok.com/@lidi4774,https://www.tiktok.com/@beritakukar/video/7612310183590530324,Akuntabilitas,Akuntabilitas,Akuntabilitas,Akuntabilitas,Negatif,Negatif,Negatif,Negatif,Akuntabilitas_Negatif,,udah ketakutan sama kpk 3 2,233
234,@changliya,waduhh mobil mewah .jalan nya rusak nanti monil cepat rusak 3-1,https://www.tiktok.com/@changliya,https://www.tiktok.com/@beritaenamdua/video/7612139610507873557,Efektivitas & Efisiensi,Efektivitas & Efisiensi,Akuntabilitas,Efektivitas & Efisiensi,Negatif,Negatif,Negatif,Negatif,Efektivitas & Efisiensi_Negatif,,waduhh mobil mewah jalan nya rusak nanti monil cepat rusak 3 1,234
235,@asiaanur96,Blunder terus ya gubernur kaltim ini 😅 4-16,https://www.tiktok.com/@asiaanur96,https://www.tiktok.com/@ip.alphawolf/video/7629140462753926420,Akuntabilitas,Akuntabilitas,Akuntabilitas,Akuntabilitas,Negatif,Negatif,Negatif,Negatif,Akuntabilitas_Negatif,,blunder terus ya gubernur kaltim ini 4 16,235
236,@user4917255918830,Audit segera 👍 2-27,https://www.tiktok.com/@user4917255918830,https://www.tiktok.com/@aimambandung/video/7611327878239620372,Akuntabilitas,Akuntabilitas,Akuntabilitas,Akuntabilitas,Negatif,Negatif,Negatif,Negatif,Akuntabilitas_Negatif,,audit segera 2 27,236
237,@agensolo4,"lah lu kan presiden ,ya buat lah peraturan, jgn cm ngomong kosong 3-21",https://www.tiktok.com/@agensolo4,https://www.tiktok.com/@beritasatuofficial/video/7619163357022997780,Responsivitas,Responsivitas,Responsivitas,Responsivitas,Negatif,Negatif,Negatif,Negatif,Responsivitas_Negatif,,lah lu kan presiden ya buat lah peraturan jgn cm ngomong kosong 3 21,237
238,@mustofingah0,mau mobil mahal maupun mobil murah bagi rakyat ga ngaruh.yg penting kerjanya untuk rakyat.aneh....aneh....bukanya mikir rakyatnya gmn malah mikirin Marwah jdi pejabat. 2-26,https://www.tiktok.com/@mustofingah0,https://www.tiktok.com/@kutai.dailynews/video/7609068555455253780,Akuntabilitas,Efektivitas & Efisiensi,Akuntabilitas,Akuntabilitas,Negatif,Negatif,Negatif,Negatif,Akuntabilitas_Negatif,,mau mobil mahal maupun mobil murah bagi rakyat ga ngaruh yg penting kerjanya untuk rakyat aneh aneh bukanya mikir rakyatnya gmn malah mikirin marwah jdi pejabat 2 26,238
239,@sayank969696969696,yg milih siapa pertanyaan begitu 5-27,https://www.tiktok.com/@sayank969696969696,https://www.tiktok.com/@prapancas/video/7631918131128061191,Akuntabilitas,Akuntabilitas,Akuntabilitas,Akuntabilitas,Negatif,Negatif,Negatif,Negatif,Akuntabilitas_Negatif,,yg milih siapa pertanyaan begitu 5 27,239
240,@user4752781248182,mobil untuk keluarga gengsi nya dia sendiriiiiiiiiii 2-27,https://www.tiktok.com/@user4752781248182,https://www.tiktok.com/@operasikhusus/video/7610752915036310791,Akuntabilitas,Akuntabilitas,Akuntabilitas,Akuntabilitas,Negatif,Negatif,Negatif,Negatif,Akuntabilitas_Negatif,,mobil untuk keluarga gengsi nya dia sendiriiiiiiiiii 2 27,240
241,@user3454613188756,mikir ojo gawe sempatan kesepitan duwete sopo 5-24,https://www.tiktok.com/@user3454613188756,https://www.tiktok.com/@asbo.titha/video/7632508094207085842,Efektivitas & Efisiensi,Akuntabilitas,Efektivitas & Efisiensi,Efektivitas & Efisiensi,Negatif,Negatif,Negatif,Negatif,Efektivitas & Efisiensi_Negatif,,mikir ojo gawe sempatan kesepitan duwete sopo 5 24,241
242,@agussetiawan2109,sini lah ke bontang lewat darat jngan kau lewat muara badak lewat jalan poros ny🤣🤣🤣 2-23,https://www.tiktok.com/@agussetiawan2109,https://www.tiktok.com/@klikkaltim_/video/7610061418548808967,Efektivitas & Efisiensi,Efektivitas & Efisiensi,Efektivitas & Efisiensi,Efektivitas & Efisiensi,Negatif,Negatif,Negatif,Negatif,Efektivitas & Efisiensi_Negatif,,sini lah ke bontang lewat darat jngan kau lewat muara badak lewat jalan poros ny 2 23,242
243,@cablack008,Gak di pusat gak di pedesaan pejabatnya sama pemikirannya pada kebalik semua..! 2-27,https://www.tiktok.com/@cablack008,https://www.tiktok.com/@libra.pahing1/video/7611302313097153813,Akuntabilitas,Efektivitas & Efisiensi,Akuntabilitas,Akuntabilitas,Negatif,Negatif,Negatif,Negatif,Akuntabilitas_Negatif,,gak di pusat gak di pedesaan pejabatnya sama pemikirannya pada kebalik semua 2 27,243
244,@agusprianto172,"serius nanya, kok platnya putih? bukannya harusnya merah? terus yaa, INI RAKYAT KALTIM DIEM AJA SERIUS? KALIAN MUAK NGGA SI? 2-28",https://www.tiktok.com/@agusprianto172,https://www.tiktok.com/@arteranews.id/video/7611460664074390804,Transparansi,Transparansi,Transparansi,Transparansi,Negatif,Negatif,Negatif,Negatif,Transparansi_Negatif,,serius nanya kok platnya putih bukannya harusnya merah terus yaa ini rakyat kaltim diem aja serius kalian muak ngga si 2 28,244
245,@nazir.ziran,"KPK,,,mana,,? 3-10",https://www.tiktok.com/@nazir.ziran,https://www.tiktok.com/@keadilanfiktif/video/7615447599402798357,Akuntabilitas,Akuntabilitas,Akuntabilitas,Akuntabilitas,Negatif,Negatif,Negatif,Negatif,Akuntabilitas_Negatif,,kpk mana 3 10,245
246,@yahooyay08,"duhhhh pak Gub.....semoga semua sarana prasarana, infrastruktur kaltim telah disediakan/dibangun dengan baik untuk meningkatkan perekonomian dan kesejateraan. ada standarisasi spek dan harga kendaraan. estimasi rata2 harga mobil dinas menteri 1,5 M???? 2-26",https://www.tiktok.com/@yahooyay08,https://www.tiktok.com/@morrodin88/video/7611104729929747733,Efektivitas & Efisiensi,Efektivitas & Efisiensi,Efektivitas & Efisiensi,Efektivitas & Efisiensi,Negatif,Negatif,Negatif,Negatif,Efektivitas & Efisiensi_Negatif,,duhhhh pak gub semoga semua sarana prasarana infrastruktur kaltim telah disediakan dibangun dengan baik untuk meningkatkan perekonomian dan kesejateraan ada standarisasi spek dan harga kendaraan estimasi rata2 harga mobil dinas menteri 1 5 m 2 26,246
247,@irpan_putra24,"masak mobil 8M dinaikin orang ala kadarnya, janganndong, kasihan mobilnya 3-26",https://www.tiktok.com/@irpan_putra24,https://www.tiktok.com/@fans_pak_prabowo/video/7621100320243928341,Akuntabilitas,Akuntabilitas,Akuntabilitas,Akuntabilitas,Negatif,Negatif,Negatif,Negatif,Akuntabilitas_Negatif,,masak mobil 8m dinaikin orang ala kadarnya janganndong kasihan mobilnya 3 26,247
248,@wongtsugie2,"jadi Mobil 8,5M lebih penting ketimbang mengaspal akses jalan² yg rusak.??? 3-2",https://www.tiktok.com/@wongtsugie2,https://www.tiktok.com/@beritakukar/video/7612310183590530324,Efektivitas & Efisiensi,Efektivitas & Efisiensi,Efektivitas & Efisiensi,Efektivitas & Efisiensi,Negatif,Negatif,Negatif,Negatif,Efektivitas & Efisiensi_Negatif,,jadi mobil 8 5m lebih penting ketimbang mengaspal akses jalan yg rusak 3 2,248
249,@userblackhole0,jalan jalan kabupaten saja masih lumpur 4-1,https://www.tiktok.com/@userblackhole0,https://www.tiktok.com/@keadilanfiktif/video/7615447599402798357,Efektivitas & Efisiensi,Efektivitas & Efisiensi,Efektivitas & Efisiensi,Efektivitas & Efisiensi,Negatif,Negatif,Negatif,Negatif,Efektivitas & Efisiensi_Negatif,,jalan jalan kabupaten saja masih lumpur 4 1,249
250,@mas.t683,mas Gibran mobil apa yang di pake cobak 3-2,https://www.tiktok.com/@mas.t683,https://www.tiktok.com/@sahambijak0/video/7611953329421421845,Efektivitas & Efisiensi,Akuntabilitas,Efektivitas & Efisiensi,Efektivitas & Efisiensi,Negatif,Negatif,Negatif,Negatif,Efektivitas & Efisiensi_Negatif,,mas gibran mobil apa yang di pake cobak 3 2,250
251,@anifamufida,pemimpin seperti ini kok malah di pilih ... kasian rakyat lagi lagi tertipu 3-5,https://www.tiktok.com/@anifamufida,https://www.tiktok.com/@ae_affiliat/video/7612919691111107848,Akuntabilitas,Akuntabilitas,Akuntabilitas,Akuntabilitas,Negatif,Negatif,Negatif,Negatif,Akuntabilitas_Negatif,,pemimpin seperti ini kok malah di pilih kasian rakyat lagi lagi tertipu 3 5,251
252,@vil4aaa_,Aura ngabisin duit kuat banget lagi wkwkwk 2-27,https://www.tiktok.com/@vil4aaa_,https://www.tiktok.com/@media_indonesia/video/7611183349964524821,Efektivitas & Efisiensi,Akuntabilitas,Efektivitas & Efisiensi,Efektivitas & Efisiensi,Negatif,Negatif,Negatif,Negatif,Efektivitas & Efisiensi_Negatif,,aura ngabisin duit kuat banget lagi wkwkwk 2 27,252
253,@errykhienzsusanoo,ini video asli nya kok gk ada ya apa di suruh hapus kah? @David Alfa Sunarna 5-8,https://www.tiktok.com/@errykhienzsusanoo,https://www.tiktok.com/@masss_mulll/video/7610745658986745095,Transparansi,Transparansi,Transparansi,Transparansi,Negatif,Negatif,Negatif,Negatif,Transparansi_Negatif,,ini video asli nya kok gk ada ya apa di suruh hapus kah alfa sunarna 5 8,253
254,@usernamenotfound12329,sebuah daerah dilihat dari masyarakatnya bukan dari kekayaan pemimpinnya 3-7,https://www.tiktok.com/@usernamenotfound12329,https://www.tiktok.com/@sentilin_indonesia/video/7613820353550306581,Akuntabilitas,Akuntabilitas,Akuntabilitas,Akuntabilitas,Negatif,Negatif,Negatif,Negatif,Akuntabilitas_Negatif,,sebuah daerah dilihat dari masyarakatnya bukan dari kekayaan pemimpinnya 3 7,254
255,@jxaverious,toilet 3 m renovasi rumah 25 m mobil 8.5 m real Raja Kaltim 4-15,https://www.tiktok.com/@jxaverious,https://www.tiktok.com/@sentilin_indonesia/video/7613820353550306581,Efektivitas & Efisiensi,Akuntabilitas,Efektivitas & Efisiensi,Efektivitas & Efisiensi,Negatif,Negatif,Negatif,Negatif,Efektivitas & Efisiensi_Negatif,,toilet 3 m renovasi rumah 25 m mobil 8 5 m real raja kaltim 4 15,255
256,@asep.sujana778,"kuropsi besar besaran buat beli mobil,,, 3-2",https://www.tiktok.com/@asep.sujana778,https://www.tiktok.com/@harianda19/video/7611777664621350164,Akuntabilitas,Akuntabilitas,Akuntabilitas,Akuntabilitas,Negatif,Negatif,Negatif,Negatif,Akuntabilitas_Negatif,,kuropsi besar besaran buat beli mobil 3 2,256
257,@arfaalkapi,kenapaya tinggal beli isuzu mux 4-27,https://www.tiktok.com/@arfaalkapi,https://www.tiktok.com/@3halll/video/7611863206281137428,Efektivitas & Efisiensi,Efektivitas & Efisiensi,Efektivitas & Efisiensi,Efektivitas & Efisiensi,Negatif,Negatif,Negatif,Negatif,Efektivitas & Efisiensi_Negatif,,kenapaya tinggal beli isuzu mux 4 27,257
258,@topik.hidayat.hid3,pecat 4-25,https://www.tiktok.com/@topik.hidayat.hid3,https://www.tiktok.com/@f.405_/video/7612591026666048789,Akuntabilitas,Akuntabilitas,Akuntabilitas,Akuntabilitas,Negatif,Negatif,Negatif,Negatif,Akuntabilitas_Negatif,,pecat 4 25,258
259,@ciasingkyznn,Stop membuli..!! kalian TDK tau tentang rudi mas’ud kalian hanya melihat sisi buruknya saja..padahal sisi baiknya tidak ada... 4-29,https://www.tiktok.com/@ciasingkyznn,https://www.tiktok.com/@apasaja2825/video/7620377571229781269,Akuntabilitas,Akuntabilitas,Akuntabilitas,Akuntabilitas,Negatif,Negatif,Negatif,Negatif,Akuntabilitas_Negatif,,stop membuli kalian tdk tau tentang rudi mas ud kalian hanya melihat sisi buruknya saja padahal sisi baiknya tidak ada 4 29,259
260,@dhewspt,"@🌍:🤣🤣🤣🤣 GUBERNUR KALTIM Rudy Mas'ud, ISTRI GUBERNUR KALTIM Sarifah Suraidah (Anggota DPR RI), KETUA DPRD KALTIM Hasan Mas'ud, WALIKOTA BALIKPAPAN Rahmad Mas'ud, KETUA KADIM Putri Amanda Nurrahmadi (KATANYA KEPONAKAN), MANTAN BUPATI PENAJAM PASER UTARA Abdul Gafur Mas'ud (OTT KPK).... 3-5",https://www.tiktok.com/@dhewspt,https://www.tiktok.com/@ae_affiliat/video/7612919691111107848,Akuntabilitas,Akuntabilitas,Akuntabilitas,Akuntabilitas,Negatif,Negatif,Negatif,Negatif,Akuntabilitas_Negatif,,gubernur kaltim rudy mas ud istri gubernur kaltim sarifah suraidah anggota dpr ri ketua dprd kaltim hasan mas ud walikota balikpapan rahmad mas ud ketua kadim putri amanda nurrahmadi katanya keponakan mantan bupati penajam paser utara abdul gafur mas ud ott kpk 3 5,260
261,@hairul5333,Ayu ting ting naik grobak yg penting kita kopak .kocak bener deh jadi GUBERNUR🤣🤣 2-27,https://www.tiktok.com/@hairul5333,https://www.tiktok.com/@arteranews.id/video/7611460664074390804,Akuntabilitas,Akuntabilitas,Akuntabilitas,Akuntabilitas,Negatif,Negatif,Negatif,Negatif,Akuntabilitas_Negatif,,ayu ting ting naik grobak yg penting kita kopak kocak bener deh jadi gubernur 2 27,261
262,@arief.arf,ini kpk enggak curiga apa? 3-9,https://www.tiktok.com/@arief.arf,https://www.tiktok.com/@sentilin_indonesia/video/7613820353550306581,Akuntabilitas,Akuntabilitas,Akuntabilitas,Akuntabilitas,Negatif,Negatif,Negatif,Negatif,Akuntabilitas_Negatif,,ini kpk enggak curiga apa 3 9,262
263,@anjas28674,mobil mewah jalan parah😅 4-28,https://www.tiktok.com/@anjas28674,https://www.tiktok.com/@sahambijak0/video/7611953329421421845,Efektivitas & Efisiensi,Efektivitas & Efisiensi,Efektivitas & Efisiensi,Efektivitas & Efisiensi,Negatif,Negatif,Negatif,Negatif,Efektivitas & Efisiensi_Negatif,,mobil mewah jalan parah 4 28,263
264,@ree_aree_,Rudy Mas'ud - Gubernur Kaltim.. Hasanuddin Mas'ud (kakak nya) - ketua DPRD Kaltim.. Rahmad Mas'ud (kakak nya) - walikota Balikpapan.. Sarifah Suraidah (istri nya) - komisi VI DPR RI (Golkar).. Abdul Gafur Mas'ud (adik nya) - bupati Penajam Paser Utara (OTT KPK 2022 nih) 2-28,https://www.tiktok.com/@ree_aree_,https://www.tiktok.com/@sindonews/video/7611810371535375633,Akuntabilitas,Akuntabilitas,Akuntabilitas,Akuntabilitas,Negatif,Negatif,Negatif,Negatif,Akuntabilitas_Negatif,,rudy mas ud gubernur kaltim hasanuddin mas ud kakak nya ketua dprd kaltim rahmad mas ud kakak nya walikota balikpapan sarifah suraidah istri nya komisi vi dpr ri golkar abdul gafur mas ud adik nya bupati penajam paser utara ott kpk 2022 nih 2 28,264
265,@damarwulan2450,"kalau mau ngangkat Marwah masyrkat Kaltim jalannya di benerin , masyarakat nya di sejahterkn begitu bos..bukan mobil dinas mu saja yg yg di mewAhin... 3-3",https://www.tiktok.com/@damarwulan2450,https://www.tiktok.com/@f.405_/video/7612591026666048789,Efektivitas & Efisiensi,Efektivitas & Efisiensi,Efektivitas & Efisiensi,Efektivitas & Efisiensi,Negatif,Negatif,Negatif,Negatif,Efektivitas & Efisiensi_Negatif,,kalau mau ngangkat marwah masyrkat kaltim jalannya di benerin masyarakat nya di sejahterkn begitu bos bukan mobil dinas mu saja yg yg di mewahin 3 3,265
266,@frzyy95,iq gubernur Kaltim kira kira berapa ya??🤔🤔 3-7,https://www.tiktok.com/@frzyy95,https://www.tiktok.com/@themis.law3/video/7612442626234633480,Akuntabilitas,Akuntabilitas,Akuntabilitas,Akuntabilitas,Negatif,Negatif,Negatif,Negatif,Akuntabilitas_Negatif,,iq gubernur kaltim kira kira berapa ya 3 7,266
267,@novi_sopandi,bapak minta aja sekalian pesawat pribadi atau air jet pribadi semakin menyala anggaran nya 2-25,https://www.tiktok.com/@novi_sopandi,https://www.tiktok.com/@wglobalmedia/video/7610699657475329298,Efektivitas & Efisiensi,Efektivitas & Efisiensi,Efektivitas & Efisiensi,Efektivitas & Efisiensi,Negatif,Negatif,Negatif,Negatif,Efektivitas & Efisiensi_Negatif,,bapak minta aja sekalian pesawat pribadi atau air jet pribadi semakin menyala anggaran nya 2 25,267
268,@rasipinanuar1,kasih yg terbaik dan tak dpt dilupakan oleh dinastinya 4-30,https://www.tiktok.com/@rasipinanuar1,https://www.tiktok.com/@prapancas/video/7631918131128061191,Akuntabilitas,Akuntabilitas,Akuntabilitas,Akuntabilitas,Negatif,Negatif,Negatif,Negatif,Akuntabilitas_Negatif,,kasih yg terbaik dan tak dpt dilupakan oleh dinastinya 4 30,268
269,@gakkenall41,"pejabat jepang ae naek sepeda, itu juga beli sendiri 3-1",https://www.tiktok.com/@gakkenall41,https://www.tiktok.com/@sahambijak0/video/7611953329421421845,Efektivitas & Efisiensi,Akuntabilitas,Efektivitas & Efisiensi,Efektivitas & Efisiensi,Negatif,Negatif,Negatif,Negatif,Efektivitas & Efisiensi_Negatif,,pejabat jepang ae naek sepeda itu juga beli sendiri 3 1,269
270,@bunda.tegas,kalau takut daerahnya kelihatan miskin... perbaiki dulu jalannya... 3-7,https://www.tiktok.com/@bunda.tegas,https://www.tiktok.com/@tikuskokberdasi/video/7613343929244618005,Efektivitas & Efisiensi,Efektivitas & Efisiensi,Efektivitas & Efisiensi,Efektivitas & Efisiensi,Negatif,Negatif,Negatif,Negatif,Efektivitas & Efisiensi_Negatif,,kalau takut daerahnya kelihatan miskin perbaiki dulu jalannya 3 7,270
271,@azyyt8,mobil elit jalan sulit 4-23,https://www.tiktok.com/@azyyt8,https://www.tiktok.com/@ibarat_azra/video/7631776481781271826,Efektivitas & Efisiensi,Efektivitas & Efisiensi,Efektivitas & Efisiensi,Efektivitas & Efisiensi,Negatif,Negatif,Negatif,Negatif,Efektivitas & Efisiensi_Negatif,,mobil elit jalan sulit 4 23,271
272,@lifeian,"jalannya yang harus dibagusin, bukan malah mobilnya yang diganti bagus 😂 2-21",https://www.tiktok.com/@lifeian,https://www.tiktok.com/@mata_publik_/video/7608632050790239495,Efektivitas & Efisiensi,Efektivitas & Efisiensi,Efektivitas & Efisiensi,Efektivitas & Efisiensi,Negatif,Negatif,Negatif,Negatif,Efektivitas & Efisiensi_Negatif,,jalannya yang harus dibagusin bukan malah mobilnya yang diganti bagus 2 21,272
273,@joker4343567,Marwah Kaltim jalan hampir jadi sawah😁😁😁 3-7,https://www.tiktok.com/@joker4343567,https://www.tiktok.com/@ummu.3.anak/video/7613157935157464340,Efektivitas & Efisiensi,Efektivitas & Efisiensi,Efektivitas & Efisiensi,Efektivitas & Efisiensi,Negatif,Negatif,Negatif,Negatif,Efektivitas & Efisiensi_Negatif,,marwah kaltim jalan hampir jadi sawah 3 7,273
274,@egizidan4,bergerak turun kan jabatanya 2-25,https://www.tiktok.com/@egizidan4,https://www.tiktok.com/@the_amor70/video/7610666343985138951,Akuntabilitas,Akuntabilitas,Akuntabilitas,Akuntabilitas,Negatif,Negatif,Negatif,Negatif,Akuntabilitas_Negatif,,bergerak turun kan jabatanya 2 25,274
275,@putralumajang41,harus di periksa KPK 3-7,https://www.tiktok.com/@putralumajang41,https://www.tiktok.com/@relung.id/video/7611814381126520065,Akuntabilitas,Akuntabilitas,Akuntabilitas,Akuntabilitas,Negatif,Negatif,Negatif,Negatif,Akuntabilitas_Negatif,,harus di periksa kpk 3 7,275
276,@teresiasilo1teresiasilo1,ter lalu jga bgtu pak Rudi kan kasian kita yg laiinnn 4-25,https://www.tiktok.com/@teresiasilo1teresiasilo1,https://www.tiktok.com/@prapancas/video/7631918131128061191,Akuntabilitas,Akuntabilitas,Akuntabilitas,Akuntabilitas,Negatif,Negatif,Negatif,Negatif,Akuntabilitas_Negatif,,ter lalu jga bgtu pak rudi kan kasian kita yg laiinnn 4 25,276
277,@fikih929,beli mobil mewah itu luar biasa asalkan uang sendiri bukan uang anggaran daerah gak apa2 3-21,https://www.tiktok.com/@fikih929,https://www.tiktok.com/@sahambijak0/video/7611953329421421845,Efektivitas & Efisiensi,Akuntabilitas,Efektivitas & Efisiensi,Efektivitas & Efisiensi,Negatif,Negatif,Negatif,Negatif,Efektivitas & Efisiensi_Negatif,,beli mobil mewah itu luar biasa asalkan uang sendiri bukan uang anggaran daerah gak apa2 3 21,277
278,@akuapalah32,"8,5 M penunjukkan langsung? 3-4",https://www.tiktok.com/@akuapalah32,https://www.tiktok.com/@kompastv_jateng/video/7613321888445615381,Transparansi,Transparansi,Transparansi,Transparansi,Negatif,Negatif,Negatif,Negatif,Transparansi_Negatif,,8 5 m penunjukkan langsung 3 4,278
279,@fenomenaalam62,itu mobil dinas kepala ditingkat desa y bro😁 3-2,https://www.tiktok.com/@fenomenaalam62,https://www.tiktok.com/@sigit_sugiana/video/7612287428258237704,Efektivitas & Efisiensi,Akuntabilitas,Efektivitas & Efisiensi,Efektivitas & Efisiensi,Negatif,Negatif,Negatif,Negatif,Efektivitas & Efisiensi_Negatif,,itu mobil dinas kepala ditingkat desa y bro 3 2,279
280,@julakdalapan,padahal sadar medannya luar biasa berat 🗿 4-17,https://www.tiktok.com/@julakdalapan,https://www.tiktok.com/@beritakukar/video/7612310183590530324,Efektivitas & Efisiensi,Efektivitas & Efisiensi,Akuntabilitas,Efektivitas & Efisiensi,Negatif,Negatif,Negatif,Negatif,Efektivitas & Efisiensi_Negatif,,padahal sadar medannya luar biasa berat 4 17,280
281,@jio.agriffa,pantes aja banyak orang yang pengen lepas dari Indonesia orang pejabat nya aja gini😂 2-28,https://www.tiktok.com/@jio.agriffa,https://www.tiktok.com/@arteranews.id/video/7611460664074390804,Akuntabilitas,Akuntabilitas,Akuntabilitas,Akuntabilitas,Negatif,Negatif,Negatif,Negatif,Akuntabilitas_Negatif,,pantes aja banyak orang yang pengen lepas dari indonesia orang pejabat nya aja gini 2 28,281
282,@thuama73,hanya KPK harapan kita 2-27,https://www.tiktok.com/@thuama73,https://www.tiktok.com/@aimambandung/video/7611327878239620372,Akuntabilitas,Akuntabilitas,Akuntabilitas,Akuntabilitas,Negatif,Negatif,Negatif,Negatif,Akuntabilitas_Negatif,,hanya kpk harapan kita 2 27,282
283,@yoonisya_,ga suka sama bapak ini 2-26,https://www.tiktok.com/@yoonisya_,https://www.tiktok.com/@metropolitan.id/video/7610646870599175445,Akuntabilitas,Akuntabilitas,Akuntabilitas,Akuntabilitas,Negatif,Negatif,Negatif,Negatif,Akuntabilitas_Negatif,,ga suka sama bapak ini 2 26,283
284,@kingsamurai79,Pejabat bawahan itu mencobtoh atasannya. 2-27,https://www.tiktok.com/@kingsamurai79,https://www.tiktok.com/@libra.pahing1/video/7611302313097153813,Akuntabilitas,Akuntabilitas,Akuntabilitas,Akuntabilitas,Negatif,Negatif,Negatif,Negatif,Akuntabilitas_Negatif,,pejabat bawahan itu mencobtoh atasannya 2 27,284
285,@supribahtiar990,beli saja roket baru bapak ke planet mars 😂😂😂😂😂 2-25,https://www.tiktok.com/@supribahtiar990,https://www.tiktok.com/@operasikhusus/video/7610752915036310791,Efektivitas & Efisiensi,Akuntabilitas,Efektivitas & Efisiensi,Efektivitas & Efisiensi,Negatif,Negatif,Negatif,Negatif,Efektivitas & Efisiensi_Negatif,,beli saja roket baru bapak ke planet mars 2 25,285
286,@jewawut13,masyarakat kaltim bangga punya gubernur itu pastinya 3-6,https://www.tiktok.com/@jewawut13,https://www.tiktok.com/@tikuskokberdasi/video/7613343929244618005,Akuntabilitas,Akuntabilitas,Akuntabilitas,Akuntabilitas,Positif,Positif,Positif,Positif,Akuntabilitas_Positif,,masyarakat kaltim bangga punya gubernur itu pastinya 3 6,286
287,@lino_no67,sudah turun belum sih😭 5-22,https://www.tiktok.com/@lino_no67,https://www.tiktok.com/@tripol.co/video/7642126377168293141,Akuntabilitas,Akuntabilitas,Akuntabilitas,Akuntabilitas,Negatif,Negatif,Negatif,Negatif,Akuntabilitas_Negatif,,sudah turun belum sih 5 22,287
288,@jenal.abidin108,masa iya jalannya kaya gitu masih lumpur ini 2026 bos bukan taun 1975😁😁😁😁🤭🤭🤭 3-5,https://www.tiktok.com/@jenal.abidin108,https://www.tiktok.com/@ummu.3.anak/video/7613157935157464340,Efektivitas & Efisiensi,Efektivitas & Efisiensi,Akuntabilitas,Efektivitas & Efisiensi,Negatif,Negatif,Negatif,Negatif,Efektivitas & Efisiensi_Negatif,,masa iya jalannya kaya gitu masih lumpur ini 2026 bos bukan taun 1975 3 5,288
289,@ha041443,"gini kalau gubernur nya hnya memikirkan diri sendiri ,bukan rakyat nya 2-21",https://www.tiktok.com/@ha041443,https://www.tiktok.com/@mata_publik_/video/7608632050790239495,Akuntabilitas,Responsivitas,Akuntabilitas,Akuntabilitas,Negatif,Negatif,Negatif,Negatif,Akuntabilitas_Negatif,,gini kalau gubernur nya hnya memikirkan diri sendiri bukan rakyat nya 2 21,289
290,@jieeeeebon,jangan mikirin mobil dulu pak jalan aja benerin 4-18,https://www.tiktok.com/@jieeeeebon,https://www.tiktok.com/@ip.alphawolf/video/7629140462753926420,Efektivitas & Efisiensi,Efektivitas & Efisiensi,Efektivitas & Efisiensi,Efektivitas & Efisiensi,Negatif,Negatif,Negatif,Negatif,Efektivitas & Efisiensi_Negatif,,jangan mikirin mobil dulu pak jalan aja benerin 4 18,290
291,@destiadaily,"orang mah klo buat ngelewatin jalan kaltim yang hancur bukan beli mobil 8.5m, tapi benerin tuh jalan kaltim jalan aman&damai,rakyat aman tentram juga berguna untuk semua, untung aku di jabar 4-24",https://www.tiktok.com/@destiadaily,https://www.tiktok.com/@ibarat_azra/video/7631776481781271826,Efektivitas & Efisiensi,Efektivitas & Efisiensi,Efektivitas & Efisiensi,Efektivitas & Efisiensi,Negatif,Negatif,Negatif,Negatif,Efektivitas & Efisiensi_Negatif,,orang mah klo buat ngelewatin jalan kaltim yang hancur bukan beli mobil 8 5m tapi benerin tuh jalan kaltim jalan aman damai rakyat aman tentram juga berguna untuk semua untung aku di jabar 4 24,291
292,@ekothegell,"klo untuk medan berat harusnya beli double cabbin, sprti strada, offroad itu yg khusus medan berat, 2-27",https://www.tiktok.com/@ekothegell,https://www.tiktok.com/@aimambandung/video/7611327878239620372,Efektivitas & Efisiensi,Efektivitas & Efisiensi,Efektivitas & Efisiensi,Efektivitas & Efisiensi,Negatif,Negatif,Negatif,Negatif,Efektivitas & Efisiensi_Negatif,,klo untuk medan berat harusnya beli double cabbin sprti strada offroad itu yg khusus medan berat 2 27,292
293,@vanzzreal31,Pasti anggaran buat tuh video nya tembus 30 m 4-23,https://www.tiktok.com/@vanzzreal31,https://www.tiktok.com/@ibarat_azra/video/7631776481781271826,Transparansi,Efektivitas & Efisiensi,Transparansi,Transparansi,Negatif,Negatif,Negatif,Negatif,Transparansi_Negatif,,pasti anggaran buat tuh video nya tembus 30 m 4 23,293
294,@MS4wLjABAAAAgzWQayqcPftcnPe8T6H1LkUsAwhElNHBMm2rEiaYq99Qj9PbFrc0YEaYSEak0bHA,masuk angin ini gubernur... 2-24,https://www.tiktok.com/@MS4wLjABAAAAgzWQayqcPftcnPe8T6H1LkUsAwhElNHBMm2rEiaYq99Qj9PbFrc0YEaYSEak0bHA,https://www.tiktok.com/@mata_publik_/video/7608632050790239495,Akuntabilitas,Akuntabilitas,Akuntabilitas,Akuntabilitas,Negatif,Negatif,Negatif,Negatif,Akuntabilitas_Negatif,,masuk angin ini gubernur 2 24,294
295,@bagloeg5,mobil mahal jalan nya murahan 2-28,https://www.tiktok.com/@bagloeg5,https://www.tiktok.com/@lensanalarcom/video/7610698043981090068,Efektivitas & Efisiensi,Efektivitas & Efisiensi,Efektivitas & Efisiensi,Efektivitas & Efisiensi,Negatif,Negatif,Negatif,Negatif,Efektivitas & Efisiensi_Negatif,,mobil mahal jalan nya murahan 2 28,295
296,@ddy_agus,"Kalau memang sesuai aturan, ya silakan saja dilakukan 3-4",https://www.tiktok.com/@ddy_agus,https://www.tiktok.com/@tikuskokberdasi/video/7613343929244618005,Akuntabilitas,Transparansi,Akuntabilitas,Akuntabilitas,Positif,Positif,Positif,Positif,Akuntabilitas_Positif,,kalau memang sesuai aturan ya silakan saja dilakukan 3 4,296
297,@polong_hijau,rumah dinas 25M lagi 4-22,https://www.tiktok.com/@polong_hijau,https://www.tiktok.com/@apasaja2825/video/7620377571229781269,Efektivitas & Efisiensi,Efektivitas & Efisiensi,Efektivitas & Efisiensi,Efektivitas & Efisiensi,Negatif,Negatif,Negatif,Negatif,Efektivitas & Efisiensi_Negatif,,rumah dinas 25m lagi 4 22,297
298,@irwannedabang,gpp pake kijang tapi semua jalan bagus.masyarakat gak ngelu soal jln.. itu bru org akui😂🙏 3-7,https://www.tiktok.com/@irwannedabang,https://www.tiktok.com/@robi.plur/video/7611168030877322514,Efektivitas & Efisiensi,Efektivitas & Efisiensi,Efektivitas & Efisiensi,Efektivitas & Efisiensi,Positif,Positif,Positif,Positif,Efektivitas & Efisiensi_Positif,,gpp pake kijang tapi semua jalan bagus masyarakat gak ngelu soal jln itu bru org akui 3 7,298
299,@tetehaniliyani,daripada buat mobilnya mending buat benerrin jalan nya x ya 😂😂😂 3-6,https://www.tiktok.com/@tetehaniliyani,https://www.tiktok.com/@themis.law3/video/7612442626234633480,Efektivitas & Efisiensi,Efektivitas & Efisiensi,Efektivitas & Efisiensi,Efektivitas & Efisiensi,Negatif,Negatif,Negatif,Negatif,Efektivitas & Efisiensi_Negatif,,daripada buat mobilnya mending buat benerrin jalan nya x ya 3 6,299
300,@user116829135,bilang aja gengsi pakai mobil murah 2-25,https://www.tiktok.com/@user116829135,https://www.tiktok.com/@metropolitan.id/video/7610646870599175445,Akuntabilitas,Akuntabilitas,Akuntabilitas,Akuntabilitas,Negatif,Negatif,Negatif,Negatif,Akuntabilitas_Negatif,,bilang aja gengsi pakai mobil murah 2 25,300
301,@wongkutai1331,Tanya sama Partai Pengusung nya 3-10,https://www.tiktok.com/@wongkutai1331,https://www.tiktok.com/@keadilanfiktif/video/7615447599402798357,Akuntabilitas,Akuntabilitas,Akuntabilitas,Akuntabilitas,Negatif,Negatif,Negatif,Negatif,Akuntabilitas_Negatif,,tanya sama partai pengusung nya 3 10,301
302,@pejuang.rupiah2572,yang penting jaga Marwah😁😁😁 4-21,https://www.tiktok.com/@pejuang.rupiah2572,https://www.tiktok.com/@aby.drone/video/7631155160395402516,Akuntabilitas,Akuntabilitas,Akuntabilitas,Akuntabilitas,Negatif,Negatif,Negatif,Negatif,Akuntabilitas_Negatif,,yang penting jaga marwah 4 21,302
303,@virgo_aries17,klw aku punya gubernur yg di gossiping pak presiden malu banget 4-23,https://www.tiktok.com/@virgo_aries17,https://www.tiktok.com/@apasaja2825/video/7620377571229781269,Akuntabilitas,Akuntabilitas,Akuntabilitas,Akuntabilitas,Negatif,Negatif,Negatif,Negatif,Akuntabilitas_Negatif,,klw aku punya gubernur yg di gossiping pak presiden malu banget 4 23,303
304,@izanizan294,"ksi trun gubernur nya,, terlluh 4-23",https://www.tiktok.com/@izanizan294,https://www.tiktok.com/@aditya.yudono/video/7631554392633675028,Akuntabilitas,Akuntabilitas,Akuntabilitas,Akuntabilitas,Negatif,Negatif,Negatif,Negatif,Akuntabilitas_Negatif,,ksi trun gubernur nya terlluh 4 23,304
305,@user6229518541751,capeeee..gw denger berita pejabat Konoha...ga sensitif sama rakyat nya 😂 2-25,https://www.tiktok.com/@user6229518541751,https://www.tiktok.com/@wglobalmedia/video/7610699657475329298,Akuntabilitas,Responsivitas,Akuntabilitas,Akuntabilitas,Negatif,Negatif,Negatif,Negatif,Akuntabilitas_Negatif,,capeeee gw denger berita pejabat konoha ga sensitif sama rakyat nya 2 25,305
306,@ahmad.maulana2864,jalan nya yang di bagusin. bukan mobil ny yang di bagusin. ngak ada bagus bagus nya jadi pemimpin 3-9,https://www.tiktok.com/@ahmad.maulana2864,https://www.tiktok.com/@suka.otom0tif/video/7612478466214104328,Efektivitas & Efisiensi,Efektivitas & Efisiensi,Efektivitas & Efisiensi,Efektivitas & Efisiensi,Negatif,Negatif,Negatif,Negatif,Efektivitas & Efisiensi_Negatif,,jalan nya yang di bagusin bukan mobil ny yang di bagusin ngak ada bagus bagus nya jadi pemimpin 3 9,306
307,@ngaonggg_,bukan mikirin jalan didaerah malah mikirin mobil 3-21,https://www.tiktok.com/@ngaonggg_,https://www.tiktok.com/@wargawargi2025/video/7619281381293755669,Efektivitas & Efisiensi,Efektivitas & Efisiensi,Efektivitas & Efisiensi,Efektivitas & Efisiensi,Negatif,Negatif,Negatif,Negatif,Efektivitas & Efisiensi_Negatif,,bukan mikirin jalan didaerah malah mikirin mobil 3 21,307
308,@masagus130888,klo dana pribadi nya sendiri ya gpp. yg penting jangan uang dari korupsi 3-24,https://www.tiktok.com/@masagus130888,https://www.tiktok.com/@morrodin88/video/7611104729929747733,Akuntabilitas,Akuntabilitas,Akuntabilitas,Akuntabilitas,Negatif,Negatif,Negatif,Negatif,Akuntabilitas_Negatif,,klo dana pribadi nya sendiri ya gpp yg penting jangan uang dari korupsi 3 24,308
309,@rhanputra07,mantap ini la salah satu contoh manfaat uang pajak 3-3,https://www.tiktok.com/@rhanputra07,https://www.tiktok.com/@beritakukar/video/7612310183590530324,Efektivitas & Efisiensi,Akuntabilitas,Efektivitas & Efisiensi,Efektivitas & Efisiensi,Negatif,Negatif,Negatif,Negatif,Efektivitas & Efisiensi_Negatif,,mantap ini la salah satu contoh manfaat uang pajak 3 3,309
310,@rara86477,Cek kpk 2-26,https://www.tiktok.com/@rara86477,https://www.tiktok.com/@ashepsayfullq/video/7608021220088433936,Akuntabilitas,Akuntabilitas,Akuntabilitas,Akuntabilitas,Negatif,Negatif,Negatif,Negatif,Akuntabilitas_Negatif,,cek kpk 2 26,310
311,@buyungtriono,jika pejabat pakai mobil sederhana..justru rakyat semakin simpati pak...jaman berubah pak🤣🤣 2-25,https://www.tiktok.com/@buyungtriono,https://www.tiktok.com/@dokmus05/video/7610810591543823636,Akuntabilitas,Akuntabilitas,Akuntabilitas,Akuntabilitas,Positif,Negatif,Positif,Positif,Akuntabilitas_Positif,,jika pejabat pakai mobil sederhana justru rakyat semakin simpati pak jaman berubah pak 2 25,311
312,@supersatoru.id.store,membandingkan 2 hal yang buruk tidak membuat salah satu nya lebih benar 3-21,https://www.tiktok.com/@supersatoru.id.store,https://www.tiktok.com/@wargawargi2025/video/7619281381293755669,Akuntabilitas,Transparansi,Akuntabilitas,Akuntabilitas,Negatif,Negatif,Negatif,Negatif,Akuntabilitas_Negatif,,membandingkan 2 hal yang buruk tidak membuat salah satu nya lebih benar 3 21,312
313,@wahyu_mxking2,gk butuh mobil dinas yang bgus yang kita semunya butuh kn itu jln yng bgus aku anak kaltim malu 🙏 3-7,https://www.tiktok.com/@wahyu_mxking2,https://www.tiktok.com/@ummu.3.anak/video/7613157935157464340,Efektivitas & Efisiensi,Efektivitas & Efisiensi,Efektivitas & Efisiensi,Efektivitas & Efisiensi,Negatif,Negatif,Negatif,Negatif,Efektivitas & Efisiensi_Negatif,,gk butuh mobil dinas yang bgus yang kita semunya butuh kn itu jln yng bgus aku anak kaltim malu 3 7,313
314,@asy..coy,ketahuan ....lah.....telanjur berkuasa...gak apa2 lah 2-25,https://www.tiktok.com/@asy..coy,https://www.tiktok.com/@the_amor70/video/7610666343985138951,Akuntabilitas,Akuntabilitas,Akuntabilitas,Akuntabilitas,Negatif,Negatif,Negatif,Negatif,Akuntabilitas_Negatif,,ketahuan lah telanjur berkuasa gak apa2 lah 2 25,314
315,@kmkm8468,"Lebih heran lagi, masyarakat dan mahasiswa disana pada diam ga ada yg bersuara 2-27",https://www.tiktok.com/@kmkm8468,https://www.tiktok.com/@arteranews.id/video/7611460664074390804,Responsivitas,Responsivitas,Responsivitas,Responsivitas,Negatif,Negatif,Negatif,Negatif,Responsivitas_Negatif,,lebih heran lagi masyarakat dan mahasiswa disana pada diam ga ada yg bersuara 2 27,315
316,@dwifidiansari,beli sdri lah kalo yg shrga gtu..msa pake uang rakyat... 2-22,https://www.tiktok.com/@dwifidiansari,https://www.tiktok.com/@kutai.dailynews/video/7609068555455253780,Efektivitas & Efisiensi,Akuntabilitas,Efektivitas & Efisiensi,Efektivitas & Efisiensi,Negatif,Negatif,Negatif,Negatif,Efektivitas & Efisiensi_Negatif,,beli sdri lah kalo yg shrga gtu msa pake uang rakyat 2 22,316
317,@papabotuna,senang di atas penderitaan masyarakat 3-7,https://www.tiktok.com/@papabotuna,https://www.tiktok.com/@politikdotin/video/7612142044219231508,Akuntabilitas,Akuntabilitas,Akuntabilitas,Akuntabilitas,Negatif,Negatif,Negatif,Negatif,Akuntabilitas_Negatif,,senang di atas penderitaan masyarakat 3 7,317
318,@pandirecper2,masa iya mobil nya bagus yg naik nya jelek jangan dong jaga Marwah mobil nya 4-22,https://www.tiktok.com/@pandirecper2,https://www.tiktok.com/@apasaja2825/video/7620377571229781269,Akuntabilitas,Akuntabilitas,Akuntabilitas,Akuntabilitas,Negatif,Negatif,Negatif,Negatif,Akuntabilitas_Negatif,,masa iya mobil nya bagus yg naik nya jelek jangan dong jaga marwah mobil nya 4 22,318
319,@didikprasetyo896,"inilah pejabt kita,rakyat akan trs di peras pajak 2-25",https://www.tiktok.com/@didikprasetyo896,https://www.tiktok.com/@the_amor70/video/7610666343985138951,Akuntabilitas,Akuntabilitas,Akuntabilitas,Akuntabilitas,Negatif,Negatif,Negatif,Negatif,Akuntabilitas_Negatif,,inilah pejabt kita rakyat akan trs di peras pajak 2 25,319
320,@azharputrashale,gimana gak miskin. anggaran di pake pejabat nya untuk kepentingannya sendiri. 3-6,https://www.tiktok.com/@azharputrashale,https://www.tiktok.com/@sentilin_indonesia/video/7613820353550306581,Efektivitas & Efisiensi,Efektivitas & Efisiensi,Akuntabilitas,Efektivitas & Efisiensi,Negatif,Negatif,Negatif,Negatif,Efektivitas & Efisiensi_Negatif,,gimana gak miskin anggaran di pake pejabat nya untuk kepentingannya sendiri 3 6,320
321,@sangmantan898,emang kpk berani menyelidiki masalah ini oh tidak 🤣🤣🤣 3-4,https://www.tiktok.com/@sangmantan898,https://www.tiktok.com/@beritakukar/video/7613011166838738196,Akuntabilitas,Akuntabilitas,Akuntabilitas,Akuntabilitas,Negatif,Negatif,Negatif,Negatif,Akuntabilitas_Negatif,,emang kpk berani menyelidiki masalah ini oh tidak 3 4,321
322,@bakoel.susuuht,"Ford Ranger Raptor 3.0 1,5 M masih dapat kembalian😅 3-7",https://www.tiktok.com/@bakoel.susuuht,https://www.tiktok.com/@botakteras/video/7613416347250314517,Efektivitas & Efisiensi,Efektivitas & Efisiensi,Efektivitas & Efisiensi,Efektivitas & Efisiensi,Negatif,Negatif,Negatif,Negatif,Efektivitas & Efisiensi_Negatif,,ford ranger raptor 3 0 1 5 m masih dapat kembalian 3 7,322
323,@denny.d466,keluarganya juga 😄😄😄 3-5,https://www.tiktok.com/@denny.d466,https://www.tiktok.com/@relung.id/video/7611814381126520065,Akuntabilitas,Akuntabilitas,Akuntabilitas,Akuntabilitas,Negatif,Negatif,Negatif,Negatif,Akuntabilitas_Negatif,,keluarganya juga 3 5,323
324,@fachry939,liatin itu ad terdaftr d kpk atau tdk 3-4,https://www.tiktok.com/@fachry939,https://www.tiktok.com/@beritakukar/video/7613011166838738196,Akuntabilitas,Akuntabilitas,Akuntabilitas,Akuntabilitas,Negatif,Negatif,Negatif,Negatif,Akuntabilitas_Negatif,,liatin itu ad terdaftr d kpk atau tdk 3 4,324
325,@yourbaenextdoor,gengsi & ingin bermewah2 pake uang apbd 2-23,https://www.tiktok.com/@yourbaenextdoor,https://www.tiktok.com/@kutai.dailynews/video/7609068555455253780,Efektivitas & Efisiensi,Efektivitas & Efisiensi,Akuntabilitas,Efektivitas & Efisiensi,Negatif,Negatif,Negatif,Negatif,Efektivitas & Efisiensi_Negatif,,gengsi ingin bermewah2 pake uang apbd 2 23,325
326,@erhamsyah3,@copot aja jabatan nya 4-22,https://www.tiktok.com/@erhamsyah3,https://www.tiktok.com/@prabsri1/video/7631102459582336277,Akuntabilitas,Akuntabilitas,Akuntabilitas,Akuntabilitas,Negatif,Negatif,Negatif,Negatif,Akuntabilitas_Negatif,,aja jabatan nya 4 22,326
327,@anangjunisetia,ya allah 700 juta hanya? 3-21,https://www.tiktok.com/@anangjunisetia,https://www.tiktok.com/@beritasatuofficial/video/7619163357022997780,Efektivitas & Efisiensi,Efektivitas & Efisiensi,Akuntabilitas,Efektivitas & Efisiensi,Negatif,Negatif,Negatif,Negatif,Efektivitas & Efisiensi_Negatif,,ya allah 700 juta hanya 3 21,327
328,@riyangriyang8,KPK mana 3-13,https://www.tiktok.com/@riyangriyang8,https://www.tiktok.com/@keadilanfiktif/video/7615447599402798357,Akuntabilitas,Akuntabilitas,Akuntabilitas,Akuntabilitas,Negatif,Negatif,Negatif,Negatif,Akuntabilitas_Negatif,,kpk mana 3 13,328
329,@nani.endang1,🤲🤲🤲 sehat selalu kai dan H farid mudahan kembali jdi gebenur dan H farid wakilnya🤲 4-23,https://www.tiktok.com/@nani.endang1,https://www.tiktok.com/@damarmart/video/7631483584649481479,Akuntabilitas,Akuntabilitas,Akuntabilitas,Akuntabilitas,Negatif,Positif,Negatif,Negatif,Akuntabilitas_Negatif,,sehat selalu kai dan h farid mudahan kembali jdi gebenur dan h farid wakilnya 4 23,329
330,@eyiiiiiinnnnn,bener pak jangan pakai mobil jelek kasian kan bapak bawa ratu sofia 2-26,https://www.tiktok.com/@eyiiiiiinnnnn,https://www.tiktok.com/@metropolitan.id/video/7610646870599175445,Akuntabilitas,Akuntabilitas,Akuntabilitas,Akuntabilitas,Negatif,Negatif,Negatif,Negatif,Akuntabilitas_Negatif,,bener pak jangan pakai mobil jelek kasian kan bapak bawa ratu sofia 2 26,330
331,@petrus77.kuwer21,kroni nyavya tetap bela dia lah 3-3,https://www.tiktok.com/@petrus77.kuwer21,https://www.tiktok.com/@beritakukar/video/7612310183590530324,Akuntabilitas,Akuntabilitas,Akuntabilitas,Akuntabilitas,Negatif,Negatif,Negatif,Negatif,Akuntabilitas_Negatif,,kroni nyavya tetap bela dia lah 3 3,331
332,@segeeerde,"Triton double cabin,Hilux double cabin adlh mobil lapangan terbukti di kebun sawit jalan berlumpur,tanah liat,banjir bisa dilewati mbil tsb . 3-6",https://www.tiktok.com/@segeeerde,https://www.tiktok.com/@botakteras/video/7613416347250314517,Efektivitas & Efisiensi,Efektivitas & Efisiensi,Efektivitas & Efisiensi,Efektivitas & Efisiensi,Negatif,Positif,Negatif,Negatif,Efektivitas & Efisiensi_Negatif,,triton double cabin hilux double cabin adlh mobil lapangan terbukti di kebun sawit jalan berlumpur tanah liat banjir bisa dilewati mbil tsb 3 6,332
333,@ir.edi..s,Anda Pribadi terbaik Pak Gub..jalan terus Pak Gub..sehat kii selalu 🤲 5-21,https://www.tiktok.com/@ir.edi..s,https://www.tiktok.com/@tripol.co/video/7642126377168293141,Akuntabilitas,Akuntabilitas,Akuntabilitas,Akuntabilitas,Positif,Positif,Positif,Positif,Akuntabilitas_Positif,,anda pribadi terbaik pak gub jalan terus pak gub sehat kii selalu 5 21,333
334,@fendyiskandar578,Hebaaat mobil Gubernur termewah dan termahal di seluruh Indonesia. 2-28,https://www.tiktok.com/@fendyiskandar578,https://www.tiktok.com/@aimambandung/video/7611327878239620372,Efektivitas & Efisiensi,Akuntabilitas,Efektivitas & Efisiensi,Efektivitas & Efisiensi,Negatif,Negatif,Negatif,Negatif,Efektivitas & Efisiensi_Negatif,,hebaaat mobil gubernur termewah dan termahal di seluruh indonesia 2 28,334
335,@biu.biu44,sigra masih lewat itu 2-25,https://www.tiktok.com/@biu.biu44,https://www.tiktok.com/@lensanalarcom/video/7610698043981090068,Efektivitas & Efisiensi,Efektivitas & Efisiensi,Efektivitas & Efisiensi,Efektivitas & Efisiensi,Negatif,Negatif,Negatif,Negatif,Efektivitas & Efisiensi_Negatif,,sigra masih lewat itu 2 25,335
336,@rezaramdani251,"masa mobilnya bagus yang naiknya jelek, jangan dong 😌 3-20",https://www.tiktok.com/@rezaramdani251,https://www.tiktok.com/@detik.lebak/video/7612096372824608008,Akuntabilitas,Akuntabilitas,Akuntabilitas,Akuntabilitas,Negatif,Negatif,Negatif,Negatif,Akuntabilitas_Negatif,,masa mobilnya bagus yang naiknya jelek jangan dong 3 20,336
337,@safari.ari4,"katanya demi Marwah,,harusnya demi sawah ,itu baru masukk bos,,🤣🤣 2-26",https://www.tiktok.com/@safari.ari4,https://www.tiktok.com/@aryo.g1/video/7611001576907427090,Efektivitas & Efisiensi,Efektivitas & Efisiensi,Efektivitas & Efisiensi,Efektivitas & Efisiensi,Negatif,Negatif,Negatif,Negatif,Efektivitas & Efisiensi_Negatif,,katanya demi marwah harusnya demi sawah itu baru masukk bos 2 26,337
338,@in948,kpk harus gerak cepat mantaap 3-5,https://www.tiktok.com/@in948,https://www.tiktok.com/@relung.id/video/7611814381126520065,Akuntabilitas,Akuntabilitas,Akuntabilitas,Akuntabilitas,Negatif,Positif,Negatif,Negatif,Akuntabilitas_Negatif,,kpk harus gerak cepat mantaap 3 5,338
339,@indra_s61,"pake Triton aja cukup, segala minta yg harga 8,5m mau di buat iclik kah🤣🤣 3-3",https://www.tiktok.com/@indra_s61,https://www.tiktok.com/@beritakukar/video/7612310183590530324,Efektivitas & Efisiensi,Efektivitas & Efisiensi,Efektivitas & Efisiensi,Efektivitas & Efisiensi,Negatif,Negatif,Negatif,Negatif,Efektivitas & Efisiensi_Negatif,,pake triton aja cukup segala minta yg harga 8 5m mau di buat iclik kah 3 3,339
340,@adi.purwanto96,"kl menurut sy sih ga papa,,, enjoy aja selam duit yg buat beli bkn hasil dr korupsi 3-5",https://www.tiktok.com/@adi.purwanto96,https://www.tiktok.com/@morrodin88/video/7611104729929747733,Akuntabilitas,Akuntabilitas,Akuntabilitas,Akuntabilitas,Positif,Positif,Positif,Positif,Akuntabilitas_Positif,,kl menurut sy sih ga papa enjoy aja selam duit yg buat beli bkn hasil dr korupsi 3 5,340
341,@dedy805859,ko Mendagri diam saja....😎🤔 3-4,https://www.tiktok.com/@dedy805859,https://www.tiktok.com/@beritakukar/video/7613011166838738196,Responsivitas,Responsivitas,Responsivitas,Responsivitas,Negatif,Negatif,Negatif,Negatif,Responsivitas_Negatif,,ko mendagri diam saja 3 4,341
342,@rachmat2084,"Marwah masyarakat Kaltim , jalan berlumpur Tah pak gubernur Rudi 5-1",https://www.tiktok.com/@rachmat2084,https://www.tiktok.com/@asbo.titha/video/7632508094207085842,Efektivitas & Efisiensi,Efektivitas & Efisiensi,Efektivitas & Efisiensi,Efektivitas & Efisiensi,Negatif,Negatif,Negatif,Negatif,Efektivitas & Efisiensi_Negatif,,marwah masyarakat kaltim jalan berlumpur tah pak gubernur rudi 5 1,342
343,@useramp86moors,kpk jgn tinggal diam 3-4,https://www.tiktok.com/@useramp86moors,https://www.tiktok.com/@beritakukar/video/7613011166838738196,Akuntabilitas,Akuntabilitas,Akuntabilitas,Akuntabilitas,Negatif,Negatif,Negatif,Negatif,Akuntabilitas_Negatif,,kpk jgn tinggal diam 3 4,343
344,@m.mahful,staff ahli tapi udah kaya jubir/wagub. 4-17,https://www.tiktok.com/@m.mahful,https://www.tiktok.com/@beritakukar/video/7612310183590530324,Akuntabilitas,Transparansi,Akuntabilitas,Akuntabilitas,Negatif,Negatif,Negatif,Negatif,Akuntabilitas_Negatif,,staff ahli tapi udah kaya jubir wagub 4 17,344
345,@kodokjail,Harusnya kan jalan yg diperbaiki biar tamunya akses gampang 2-27,https://www.tiktok.com/@kodokjail,https://www.tiktok.com/@robi.plur/video/7611168030877322514,Efektivitas & Efisiensi,Efektivitas & Efisiensi,Efektivitas & Efisiensi,Efektivitas & Efisiensi,Negatif,Negatif,Negatif,Negatif,Efektivitas & Efisiensi_Negatif,,harusnya kan jalan yg diperbaiki biar tamunya akses gampang 2 27,345
346,@zakariazakra,pecat aja 4-30,https://www.tiktok.com/@zakariazakra,https://www.tiktok.com/@aditya.yudono/video/7631554392633675028,Akuntabilitas,Akuntabilitas,Akuntabilitas,Akuntabilitas,Negatif,Negatif,Negatif,Negatif,Akuntabilitas_Negatif,,pecat aja 4 30,346
347,@beedvm,"Pejabat itu mobilnya setarakan 200 jutaan saja, katanya efisiensi. 3-20",https://www.tiktok.com/@beedvm,https://www.tiktok.com/@beritasatuofficial/video/7619163357022997780,Efektivitas & Efisiensi,Efektivitas & Efisiensi,Efektivitas & Efisiensi,Efektivitas & Efisiensi,Negatif,Negatif,Negatif,Negatif,Efektivitas & Efisiensi_Negatif,,pejabat itu mobilnya setarakan 200 jutaan saja katanya efisiensi 3 20,347
348,@usnadinadi871,msarzkat yang mana kan ralya kg suka 4-25,https://www.tiktok.com/@usnadinadi871,https://www.tiktok.com/@asbo.titha/video/7632508094207085842,Akuntabilitas,Responsivitas,Akuntabilitas,Akuntabilitas,Negatif,Negatif,Negatif,Negatif,Akuntabilitas_Negatif,,msarzkat yang mana kan ralya kg suka 4 25,348
349,@greciaaaja,seharus nya kan beneein jalan dulu baru beli mobil ya ini malah beli mobil dulu benerin jalan nya kapan kapan 4-23,https://www.tiktok.com/@greciaaaja,https://www.tiktok.com/@ibarat_azra/video/7631776481781271826,Efektivitas & Efisiensi,Efektivitas & Efisiensi,Efektivitas & Efisiensi,Efektivitas & Efisiensi,Negatif,Negatif,Negatif,Negatif,Efektivitas & Efisiensi_Negatif,,seharus nya kan beneein jalan dulu baru beli mobil ya ini malah beli mobil dulu benerin jalan nya kapan kapan 4 23,349
350,@irone4403,salam .... nggarong lanjut 😎 3-6,https://www.tiktok.com/@irone4403,https://www.tiktok.com/@tikuskokberdasi/video/7613343929244618005,Akuntabilitas,Akuntabilitas,Akuntabilitas,Akuntabilitas,Negatif,Negatif,Negatif,Negatif,Akuntabilitas_Negatif,,salam nggarong lanjut 3 6,350
351,@rockin_style8,“Jangan dong” ga tau kenapa kesel aja denger bagian itu ada yang ngerasa sama ga ??? 2-25,https://www.tiktok.com/@rockin_style8,https://www.tiktok.com/@metropolitan.id/video/7610646870599175445,Akuntabilitas,Transparansi,Akuntabilitas,Akuntabilitas,Negatif,Negatif,Negatif,Negatif,Akuntabilitas_Negatif,,jangan dong ga tau kenapa kesel aja denger bagian itu ada yang ngerasa sama ga 2 25,351
352,@blie235,Marwahnya Kaltim Jalan Masih Tanah😂😂😂 3-6,https://www.tiktok.com/@blie235,https://www.tiktok.com/@ummu.3.anak/video/7613157935157464340,Efektivitas & Efisiensi,Efektivitas & Efisiensi,Efektivitas & Efisiensi,Efektivitas & Efisiensi,Negatif,Negatif,Negatif,Negatif,Efektivitas & Efisiensi_Negatif,,marwahnya kaltim jalan masih tanah 3 6,352
353,@zorocodet71,"Mana dipikirinnya, mikir kenyamanan sorang 3-30",https://www.tiktok.com/@zorocodet71,https://www.tiktok.com/@tikuskokberdasi/video/7613343929244618005,Akuntabilitas,Responsivitas,Akuntabilitas,Akuntabilitas,Negatif,Negatif,Negatif,Negatif,Akuntabilitas_Negatif,,mana dipikirinnya mikir kenyamanan sorang 3 30,353
354,@efendiwahi,copot gubernur ini...ajak DPRD utk demo 3-6,https://www.tiktok.com/@efendiwahi,https://www.tiktok.com/@tikuskokberdasi/video/7613343929244618005,Akuntabilitas,Akuntabilitas,Akuntabilitas,Akuntabilitas,Negatif,Negatif,Negatif,Negatif,Akuntabilitas_Negatif,,copot gubernur ini ajak dprd utk demo 3 6,354
355,@gabygeboy858,"mobil dipikirn penampilan no 1,kerja no sekian, 3-6",https://www.tiktok.com/@gabygeboy858,https://www.tiktok.com/@themis.law3/video/7612442626234633480,Akuntabilitas,Efektivitas & Efisiensi,Akuntabilitas,Akuntabilitas,Negatif,Negatif,Negatif,Negatif,Akuntabilitas_Negatif,,mobil dipikirn penampilan no 1 kerja no sekian 3 6,355
356,@satria53337,Beli ford kan bsa 1m an yg gampang dijalan tanah 2-21,https://www.tiktok.com/@satria53337,https://www.tiktok.com/@mata_publik_/video/7608632050790239495,Efektivitas & Efisiensi,Efektivitas & Efisiensi,Efektivitas & Efisiensi,Efektivitas & Efisiensi,Negatif,Negatif,Negatif,Negatif,Efektivitas & Efisiensi_Negatif,,beli ford kan bsa 1m an yg gampang dijalan tanah 2 21,356
357,@uyun74773,kenapa gk beli pejero atau fortuner kan bisa?? 4-4,https://www.tiktok.com/@uyun74773,https://www.tiktok.com/@3halll/video/7611863206281137428,Efektivitas & Efisiensi,Efektivitas & Efisiensi,Efektivitas & Efisiensi,Efektivitas & Efisiensi,Negatif,Negatif,Negatif,Negatif,Efektivitas & Efisiensi_Negatif,,kenapa gk beli pejero atau fortuner kan bisa 4 4,357
358,@ahmad.gafin6,aduhh bukannya benerin jalan ya malah beli mobil yg harganya bisa benerin jalan 2-26,https://www.tiktok.com/@ahmad.gafin6,https://www.tiktok.com/@mata_publik_/video/7608632050790239495,Efektivitas & Efisiensi,Efektivitas & Efisiensi,Efektivitas & Efisiensi,Efektivitas & Efisiensi,Negatif,Negatif,Negatif,Negatif,Efektivitas & Efisiensi_Negatif,,aduhh bukannya benerin jalan ya malah beli mobil yg harganya bisa benerin jalan 2 26,358
359,@hettyrosita,seru permainan baru gub Kaltim 🤣🤣 3-4,https://www.tiktok.com/@hettyrosita,https://www.tiktok.com/@beritakukar/video/7613011166838738196,Akuntabilitas,Akuntabilitas,Akuntabilitas,Akuntabilitas,Negatif,Negatif,Negatif,Negatif,Akuntabilitas_Negatif,,seru permainan baru gub kaltim 3 4,359
360,@ardhinatan17,jalanya pak yg dibenerin😅 3-3,https://www.tiktok.com/@ardhinatan17,https://www.tiktok.com/@suka.otom0tif/video/7612478466214104328,Efektivitas & Efisiensi,Efektivitas & Efisiensi,Efektivitas & Efisiensi,Efektivitas & Efisiensi,Negatif,Negatif,Negatif,Negatif,Efektivitas & Efisiensi_Negatif,,jalanya pak yg dibenerin 3 3,360
361,@raja_sate_1922,Gubernur tertaik di indonesia 4-8,https://www.tiktok.com/@kumparan/video/7626011966401694997,https://www.tiktok.com/@kumparan/video/7626011966401694997,Akuntabilitas,Akuntabilitas,Akuntabilitas,Akuntabilitas,Positif,Positif,Positif,Positif,Akuntabilitas_Positif,,gubernur tertaik di indonesia 4 8,361
362,@muh._ilhaam,"benerin jalannya pak, bukan mengganti mobilnya, akalnya di pake pak🙏 2-26",https://www.tiktok.com/@metropolitan.id/video/7610646870599175445,https://www.tiktok.com/@metropolitan.id/video/7610646870599175445,Efektivitas & Efisiensi,Efektivitas & Efisiensi,Efektivitas & Efisiensi,Efektivitas & Efisiensi,Negatif,Negatif,Negatif,Negatif,Efektivitas & Efisiensi_Negatif,,benerin jalannya pak bukan mengganti mobilnya akalnya di pake pak 2 26,362
363,@ibnu17490,kpk periksa ini orang udah 1 THN memimpin TDK ada perkembangan 2-27,https://www.tiktok.com/@metropolitan.id/video/7610646870599175445,https://www.tiktok.com/@metropolitan.id/video/7610646870599175445,Akuntabilitas,Akuntabilitas,Akuntabilitas,Akuntabilitas,Negatif,Negatif,Negatif,Negatif,Akuntabilitas_Negatif,,kpk periksa ini orang udah 1 thn memimpin tdk ada perkembangan 2 27,363
364,@rizalr_skidipapap,kompak banget ngabisin duit rakyat 2-28,https://www.tiktok.com/@arteranews.id/video/7611460664074390804,https://www.tiktok.com/@arteranews.id/video/7611460664074390804,Efektivitas & Efisiensi,Akuntabilitas,Efektivitas & Efisiensi,Efektivitas & Efisiensi,Negatif,Negatif,Negatif,Negatif,Efektivitas & Efisiensi_Negatif,,kompak banget ngabisin duit rakyat 2 28,364
365,@irian2019,saya salut sama masyarakat Kaltim sangat sayang sama gubernurnya 3-7,https://www.tiktok.com/@f.405_/video/7612591026666048789,https://www.tiktok.com/@f.405_/video/7612591026666048789,Akuntabilitas,Akuntabilitas,Akuntabilitas,Akuntabilitas,Positif,Positif,Positif,Positif,Akuntabilitas_Positif,,saya salut sama masyarakat kaltim sangat sayang sama gubernurnya 3 7,365
366,@riki1402,tuu dengerin ktA presiden pak. mbil RI 1 AJA 1 m cmn 3-20,https://www.tiktok.com/@wglobalmedia/video/7610699657475329298,https://www.tiktok.com/@wglobalmedia/video/7610699657475329298,Efektivitas & Efisiensi,Akuntabilitas,Efektivitas & Efisiensi,Efektivitas & Efisiensi,Negatif,Negatif,Negatif,Negatif,Efektivitas & Efisiensi_Negatif,,tuu dengerin kta presiden pak mbil ri 1 aja 1 m cmn 3 20,366
367,@2k.vinzo,8.5 milyar bisa bangun jalan itu pak 2-25,https://www.tiktok.com/@lensanalarcom/video/7610698043981090068,https://www.tiktok.com/@lensanalarcom/video/7610698043981090068,Efektivitas & Efisiensi,Efektivitas & Efisiensi,Efektivitas & Efisiensi,Efektivitas & Efisiensi,Negatif,Negatif,Negatif,Negatif,Efektivitas & Efisiensi_Negatif,,8 5 milyar bisa bangun jalan itu pak 2 25,367
368,@a.m.sangaji,"Mobil 8,5 m nya dibawa jln"" ke ikn katanya mau di balikan eh malah ketahuan dibawa jln hebat pulau gue 3-5",https://www.tiktok.com/@botakteras/video/7613416347250314517,https://www.tiktok.com/@botakteras/video/7613416347250314517,Akuntabilitas,Transparansi,Akuntabilitas,Akuntabilitas,Negatif,Negatif,Negatif,Negatif,Akuntabilitas_Negatif,,mobil 8 5 m nya dibawa jln ke ikn katanya mau di balikan eh malah ketahuan dibawa jln hebat pulau gue 3 5,368
369,@galihresa3,mungkin jalannya buat rute mobilnya 😂😂😂😂 3-6,https://www.tiktok.com/@ummu.3.anak/video/7613157935157464340,https://www.tiktok.com/@ummu.3.anak/video/7613157935157464340,Efektivitas & Efisiensi,Efektivitas & Efisiensi,Efektivitas & Efisiensi,Efektivitas & Efisiensi,Negatif,Negatif,Negatif,Negatif,Efektivitas & Efisiensi_Negatif,,mungkin jalannya buat rute mobilnya 3 6,369
370,@perfume_senja,"kemahalan 700 JT pak ,pake yg 15 juta kek semacam mobil sedan Timor yg murah 3-26",https://www.tiktok.com/@fans_pak_prabowo/video/7621100320243928341,https://www.tiktok.com/@fans_pak_prabowo/video/7621100320243928341,Efektivitas & Efisiensi,Efektivitas & Efisiensi,Efektivitas & Efisiensi,Efektivitas & Efisiensi,Negatif,Negatif,Negatif,Negatif,Efektivitas & Efisiensi_Negatif,,kemahalan 700 jt pak pake yg 15 juta kek semacam mobil sedan timor yg murah 3 26,370
371,@landa.pa2,Lanjut pilih ya🤣🤣🤣🤣 3-1,https://www.tiktok.com/@arnews91/video/7612104540015414548,https://www.tiktok.com/@arnews91/video/7612104540015414548,Akuntabilitas,Akuntabilitas,Akuntabilitas,Akuntabilitas,Negatif,Negatif,Negatif,Negatif,Akuntabilitas_Negatif,,lanjut pilih ya 3 1,371
372,@oonxray,kenapa ngak rubocon aja beli 3-20,https://www.tiktok.com/@suka.otom0tif/video/7612478466214104328,https://www.tiktok.com/@suka.otom0tif/video/7612478466214104328,Akuntabilitas,Efektivitas & Efisiensi,Akuntabilitas,Akuntabilitas,Negatif,Negatif,Negatif,Negatif,Akuntabilitas_Negatif,,kenapa ngak rubocon aja beli 3 20,372
373,@aaavannolin,"setujuu Bang, pejabatnya LAgi NGIMPIIIIIIII 2-28",https://www.tiktok.com/@libra.pahing1/video/7611302313097153813,https://www.tiktok.com/@libra.pahing1/video/7611302313097153813,Akuntabilitas,Responsivitas,Akuntabilitas,Akuntabilitas,Negatif,Negatif,Negatif,Negatif,Akuntabilitas_Negatif,,setujuu bang pejabatnya lagi ngimpiiiiiiii 2 28,373
374,@eeendi1132,kenapa kok gubernur bginan kok g lgsung di pecat saja 5-4,https://www.tiktok.com/@aby.drone/video/7631155160395402516,https://www.tiktok.com/@aby.drone/video/7631155160395402516,Akuntabilitas,Akuntabilitas,Akuntabilitas,Akuntabilitas,Negatif,Negatif,Negatif,Negatif,Akuntabilitas_Negatif,,kenapa kok gubernur bginan kok g lgsung di pecat saja 5 4,374
375,@b21bb2,uang 8.5 klu dibangunkan jln cor lebar lebih berguna untuk rakyat 3-30,https://www.tiktok.com/@politikdotin/video/7612142044219231508,https://www.tiktok.com/@politikdotin/video/7612142044219231508,Efektivitas & Efisiensi,Efektivitas & Efisiensi,Efektivitas & Efisiensi,Efektivitas & Efisiensi,Negatif,Negatif,Negatif,Negatif,Efektivitas & Efisiensi_Negatif,,uang 8 5 klu dibangunkan jln cor lebar lebih berguna untuk rakyat 3 30,375
376,@crg_fishing2,"beli alpard bawa ke @prorockengineering jadi tangguh, nyaman. 2-23",https://www.tiktok.com/@kutai.dailynews/video/7609068555455253780,https://www.tiktok.com/@kutai.dailynews/video/7609068555455253780,Efektivitas & Efisiensi,Efektivitas & Efisiensi,Efektivitas & Efisiensi,Efektivitas & Efisiensi,Negatif,Negatif,Negatif,Negatif,Efektivitas & Efisiensi_Negatif,,beli alpard bawa ke jadi tangguh nyaman 2 23,376
377,@masndung07,jln dlu pak di perbaiki klo masalah mobil gampang katakn rental dlu panjero lah klo mau nijau capek deh 🤦‍♂️ 3-12,https://www.tiktok.com/@f.405_/video/7612591026666048789,https://www.tiktok.com/@f.405_/video/7612591026666048789,Efektivitas & Efisiensi,Efektivitas & Efisiensi,Efektivitas & Efisiensi,Efektivitas & Efisiensi,Negatif,Negatif,Negatif,Negatif,Efektivitas & Efisiensi_Negatif,,jln dlu pak di perbaiki klo masalah mobil gampang katakn rental dlu panjero lah klo mau nijau capek deh 3 12,377
378,@ekorinis,Yang diperbaiki sarananya dang pak Gebernur 2-26,https://www.tiktok.com/@morrodin88/video/7611104729929747733,https://www.tiktok.com/@morrodin88/video/7611104729929747733,Efektivitas & Efisiensi,Efektivitas & Efisiensi,Efektivitas & Efisiensi,Efektivitas & Efisiensi,Negatif,Negatif,Negatif,Negatif,Efektivitas & Efisiensi_Negatif,,yang diperbaiki sarananya dang pak gebernur 2 26,378
379,@pelloarief,masyrakat kaltim milih gubernur nya krna isi amplop🤣 3-7,https://www.tiktok.com/@sentilin_indonesia/video/7613820353550306581,https://www.tiktok.com/@sentilin_indonesia/video/7613820353550306581,Akuntabilitas,Akuntabilitas,Akuntabilitas,Akuntabilitas,Negatif,Negatif,Negatif,Negatif,Akuntabilitas_Negatif,,masyrakat kaltim milih gubernur nya krna isi amplop 3 7,379
380,@iniirakaa,"klo pake triton buat istrinya gk masuk bang, istri pak gubernurnya kan orang eropa bang 3-5",https://www.tiktok.com/@botakteras/video/7613416347250314517,https://www.tiktok.com/@botakteras/video/7613416347250314517,Akuntabilitas,Akuntabilitas,Akuntabilitas,Akuntabilitas,Negatif,Negatif,Negatif,Negatif,Akuntabilitas_Negatif,,klo pake triton buat istrinya gk masuk bang istri pak gubernurnya kan orang eropa bang 3 5,380
381,@johanthasmin,marwah utk pribadi 4-25,https://www.tiktok.com/@asbo.titha/video/7632508094207085842,https://www.tiktok.com/@asbo.titha/video/7632508094207085842,Akuntabilitas,Akuntabilitas,Akuntabilitas,Akuntabilitas,Negatif,Negatif,Negatif,Negatif,Akuntabilitas_Negatif,,marwah utk pribadi 4 25,381
382,@user5263123137284,kerja kerja .yg bener mobil aja yg di pikirin . 2-27,https://www.tiktok.com/@mr.random1945/video/7611212543067213074,https://www.tiktok.com/@mr.random1945/video/7611212543067213074,Akuntabilitas,Efektivitas & Efisiensi,Akuntabilitas,Akuntabilitas,Negatif,Negatif,Negatif,Negatif,Akuntabilitas_Negatif,,kerja kerja yg bener mobil aja yg di pikirin 2 27,382
383,@.hartanto,maklum saja dulu waktu Pilgub habis banyak wajarlah mintak fasilitas yg mewah 3-1,https://www.tiktok.com/@beritaenamdua/video/7612139610507873557,https://www.tiktok.com/@beritaenamdua/video/7612139610507873557,Akuntabilitas,Akuntabilitas,Akuntabilitas,Akuntabilitas,Negatif,Negatif,Negatif,Negatif,Akuntabilitas_Negatif,,maklum saja dulu waktu pilgub habis banyak wajarlah mintak fasilitas yg mewah 3 1,383
384,@putra.mahkota6589,soal Marwah di bicarakan tapi rakyatnya menderita dasar gubernur konoha 4-25,https://www.tiktok.com/@asbo.titha/video/7632508094207085842,https://www.tiktok.com/@asbo.titha/video/7632508094207085842,Akuntabilitas,Responsivitas,Akuntabilitas,Akuntabilitas,Negatif,Negatif,Negatif,Negatif,Akuntabilitas_Negatif,,soal marwah di bicarakan tapi rakyatnya menderita dasar gubernur konoha 4 25,384
385,@nathan_here21,700 juta buat presiden ya normal lah buat keamanan nya lah 2m buat apa jir 3-21,https://www.tiktok.com/@wargawargi2025/video/7619281381293755669,https://www.tiktok.com/@wargawargi2025/video/7619281381293755669,Efektivitas & Efisiensi,Efektivitas & Efisiensi,Efektivitas & Efisiensi,Efektivitas & Efisiensi,Negatif,Negatif,Negatif,Negatif,Efektivitas & Efisiensi_Negatif,,700 juta buat presiden ya normal lah buat keamanan nya lah 2m buat apa jir 3 21,385
386,@juleyha22,mobil mahal..jalan kaya selokan😁😁😁..liat noh JKN KDM BIKIN MASARAKAT BETAH DN LNCAR👌👌😁😁WLWVDIA SLLU SINDIR BPK AING GUBENUR KONTEN...NOH DIA AFA......PINGIN KETAWAA NGKAKKAKKK 3-22,https://www.tiktok.com/@suka.otom0tif/video/7612478466214104328,https://www.tiktok.com/@suka.otom0tif/video/7612478466214104328,Efektivitas & Efisiensi,Efektivitas & Efisiensi,Efektivitas & Efisiensi,Efektivitas & Efisiensi,Negatif,Negatif,Negatif,Negatif,Efektivitas & Efisiensi_Negatif,,mobil mahal jalan kaya selokan liat noh jkn kdm bikin masarakat betah dn lncar wlwvdia sllu sindir bpk aing gubenur konten noh dia afa pingin ketawaa ngkakkakkk 3 22,386
387,@alxsebastian1,kok bisa jadi gubernur ya 4-22,https://www.tiktok.com/@prabsri1/video/7631102459582336277,https://www.tiktok.com/@prabsri1/video/7631102459582336277,Akuntabilitas,Akuntabilitas,Akuntabilitas,Akuntabilitas,Negatif,Negatif,Negatif,Negatif,Akuntabilitas_Negatif,,kok bisa jadi gubernur ya 4 22,387
388,@kekedavodka,"JALANNYA YG DIBANGUN 😭 bukan MOBILNYA yg bagus !! Klau jalan nya bagus , mobil ayla juga nyaman jalan di situ pakkkk 4-23",https://www.tiktok.com/@suka.otom0tif/video/7612478466214104328,https://www.tiktok.com/@suka.otom0tif/video/7612478466214104328,Efektivitas & Efisiensi,Efektivitas & Efisiensi,Efektivitas & Efisiensi,Efektivitas & Efisiensi,Negatif,Negatif,Negatif,Negatif,Efektivitas & Efisiensi_Negatif,,jalannya yg dibangun bukan mobilnya yg bagus klau jalan nya bagus mobil ayla juga nyaman jalan di situ pakkkk 4 23,388
389,@ubur.ubur.ikan.le62,MENDINGAN ASES JALANNYA SAJA DI PERBAIKI 4-25,https://www.tiktok.com/@beritakukar/video/7612310183590530324,https://www.tiktok.com/@beritakukar/video/7612310183590530324,Efektivitas & Efisiensi,Efektivitas & Efisiensi,Efektivitas & Efisiensi,Efektivitas & Efisiensi,Negatif,Negatif,Negatif,Negatif,Efektivitas & Efisiensi_Negatif,,mendingan ases jalannya saja di perbaiki 4 25,389
390,@joniornuryusuf,klu beli mobil semahal tu lebih baik bagusin tu jalan 2-25,https://www.tiktok.com/@mata_publik_/video/7608632050790239495,https://www.tiktok.com/@mata_publik_/video/7608632050790239495,Efektivitas & Efisiensi,Efektivitas & Efisiensi,Efektivitas & Efisiensi,Efektivitas & Efisiensi,Negatif,Negatif,Negatif,Negatif,Efektivitas & Efisiensi_Negatif,,klu beli mobil semahal tu lebih baik bagusin tu jalan 2 25,390
391,@kuyasamasi,nanti anggaran video klarifikasinya berapa ya🗿 4-23,https://www.tiktok.com/@ibarat_azra/video/7631776481781271826,https://www.tiktok.com/@ibarat_azra/video/7631776481781271826,Transparansi,Transparansi,Transparansi,Transparansi,Negatif,Negatif,Negatif,Negatif,Transparansi_Negatif,,nanti anggaran video klarifikasinya berapa ya 4 23,391
392,@meltri4321,keren laah ibu gubernuku.. 2-28,https://www.tiktok.com/@sindonews/video/7611810371535375633,https://www.tiktok.com/@sindonews/video/7611810371535375633,Akuntabilitas,Akuntabilitas,Akuntabilitas,Akuntabilitas,Positif,Positif,Positif,Positif,Akuntabilitas_Positif,,keren laah ibu gubernuku 2 28,392
393,@petrus_dmofers,media lokalnya mana? 3-4,https://www.tiktok.com/@ae_affiliat/video/7612919691111107848,https://www.tiktok.com/@ae_affiliat/video/7612919691111107848,Transparansi,Transparansi,Transparansi,Transparansi,Negatif,Negatif,Negatif,Negatif,Transparansi_Negatif,,media lokalnya mana 3 4,393
394,@mirza_w16,malunya malunya😂😂 4-22,https://www.tiktok.com/@apasaja2825/video/7620377571229781269,https://www.tiktok.com/@apasaja2825/video/7620377571229781269,Akuntabilitas,Akuntabilitas,Akuntabilitas,Akuntabilitas,Negatif,Negatif,Negatif,Negatif,Akuntabilitas_Negatif,,malunya malunya 4 22,394
395,@achmad.kamalludin,ga jelas itu dia 4-23,https://www.tiktok.com/@bonekanegara.in/video/7631481627989839105,https://www.tiktok.com/@bonekanegara.in/video/7631481627989839105,Akuntabilitas,Akuntabilitas,Akuntabilitas,Akuntabilitas,Negatif,Negatif,Negatif,Negatif,Akuntabilitas_Negatif,,ga jelas itu dia 4 23,395
396,@dud......nak4,cerminan seorang pemimpin ketika rakyatnya sedang susah🙏 4-23,https://www.tiktok.com/@politikdotin/video/7612142044219231508,https://www.tiktok.com/@politikdotin/video/7612142044219231508,Akuntabilitas,Efektivitas & Efisiensi,Akuntabilitas,Akuntabilitas,Negatif,Negatif,Negatif,Negatif,Akuntabilitas_Negatif,,cerminan seorang pemimpin ketika rakyatnya sedang susah 4 23,396
397,@kujiro.co,ngomong penting ❌ penting ngomong ✅ 2-25,https://www.tiktok.com/@metropolitan.id/video/7610646870599175445,https://www.tiktok.com/@metropolitan.id/video/7610646870599175445,Responsivitas,Responsivitas,Responsivitas,Responsivitas,Negatif,Negatif,Negatif,Negatif,Responsivitas_Negatif,,ngomong penting penting ngomong 2 25,397
398,@rafz3791,[Stiker] semangat pak Rusdy mas'ud 4-23,https://www.tiktok.com/@ibarat_azra/video/7631776481781271826,https://www.tiktok.com/@ibarat_azra/video/7631776481781271826,Akuntabilitas,Akuntabilitas,Akuntabilitas,Akuntabilitas,Positif,Positif,Positif,Positif,Akuntabilitas_Positif,,stiker semangat pak rusdy mas ud 4 23,398
399,@o.gayoo,Padahal mobil arak arak an nya mobil biasa tembus tembus aja 🤣🤣🤣🤣 kok mikirin diri nya sendiri itu loh gimna mau mikirin rakyat nya 2-24,https://www.tiktok.com/@klikkaltim_/video/7610061418548808967,https://www.tiktok.com/@klikkaltim_/video/7610061418548808967,Akuntabilitas,Responsivitas,Akuntabilitas,Akuntabilitas,Negatif,Negatif,Negatif,Negatif,Akuntabilitas_Negatif,,padahal mobil arak arak an nya mobil biasa tembus tembus aja kok mikirin diri nya sendiri itu loh gimna mau mikirin rakyat nya 2 24,399
400,@ayy4shgibr4n,iya kan tidak perlu beli mobil mahal kan ada fortuner dan pajero yang harganya tidak mahal mahalgitulah paling takharga 3miryar adu bikin habis uagngr 3-27,https://www.tiktok.com/@3halll/video/7611863206281137428,https://www.tiktok.com/@3halll/video/7611863206281137428,Efektivitas & Efisiensi,Efektivitas & Efisiensi,Efektivitas & Efisiensi,Efektivitas & Efisiensi,Negatif,Negatif,Negatif,Negatif,Efektivitas & Efisiensi_Negatif,,iya kan tidak perlu beli mobil mahal kan ada fortuner dan pajero yang harganya tidak mahal mahalgitulah paling takharga 3miryar adu bikin habis uagngr 3 27,400
401,@alyasofi26,diliatin banget kasta pejabat sama rakyatnya😭 yuk kpk bisa yukk 🙏 2-28,https://www.tiktok.com/@arteranews.id/video/7611460664074390804,https://www.tiktok.com/@arteranews.id/video/7611460664074390804,Akuntabilitas,Akuntabilitas,Akuntabilitas,Akuntabilitas,Negatif,Negatif,Negatif,Negatif,Akuntabilitas_Negatif,,diliatin banget kasta pejabat sama rakyatnya yuk kpk bisa yukk 2 28,401
402,@liiann314,"Mobil dinas apa kalau boleh tau yg seharga 8,5M ? Yg sportnya aja berkisaran 1M-5M itu udah bagus banget loh,kalau jenis sedan/jeep 8,5M apa yaah ?? 🤔🤔 3-6",https://www.tiktok.com/@themis.law3/video/7612442626234633480,https://www.tiktok.com/@themis.law3/video/7612442626234633480,Efektivitas & Efisiensi,Transparansi,Efektivitas & Efisiensi,Efektivitas & Efisiensi,Negatif,Negatif,Negatif,Negatif,Efektivitas & Efisiensi_Negatif,,mobil dinas apa kalau boleh tau yg seharga 8 5m yg sportnya aja berkisaran 1m 5m itu udah bagus banget loh kalau jenis sedan jeep 8 5m apa yaah 3 6,402
403,@noviaaa72_,KPK mana 3-3,https://www.tiktok.com/@ae_affiliat/video/7612919691111107848,https://www.tiktok.com/@ae_affiliat/video/7612919691111107848,Akuntabilitas,Akuntabilitas,Akuntabilitas,Akuntabilitas,Negatif,Negatif,Negatif,Negatif,Akuntabilitas_Negatif,,kpk mana 3 3,403
404,@nanang_hendrian,Pajero kan bisa tuh🤣 3-5,https://www.tiktok.com/@libra.pahing1/video/7611302313097153813,https://www.tiktok.com/@libra.pahing1/video/7611302313097153813,Efektivitas & Efisiensi,Efektivitas & Efisiensi,Efektivitas & Efisiensi,Efektivitas & Efisiensi,Negatif,Negatif,Negatif,Negatif,Efektivitas & Efisiensi_Negatif,,pajero kan bisa tuh 3 5,404
405,@alkyrizky,masa Iyah mobil gubernur lebih mewah dari mobil presiden nya 🗿 3-25,https://www.tiktok.com/@sahambijak0/video/7611953329421421845,https://www.tiktok.com/@sahambijak0/video/7611953329421421845,Efektivitas & Efisiensi,Efektivitas & Efisiensi,Efektivitas & Efisiensi,Efektivitas & Efisiensi,Negatif,Negatif,Negatif,Negatif,Efektivitas & Efisiensi_Negatif,,masa iyah mobil gubernur lebih mewah dari mobil presiden nya 3 25,405
406,@achmad.malik40,jangan dipilih lagil 5-24,https://www.tiktok.com/@jollyroger.strawhat/video/7614678060616404245,https://www.tiktok.com/@jollyroger.strawhat/video/7614678060616404245,Akuntabilitas,Akuntabilitas,Akuntabilitas,Akuntabilitas,Negatif,Negatif,Negatif,Negatif,Akuntabilitas_Negatif,,jangan dipilih lagil 5 24,406
407,@helmibatubara20,AUDIT DANA pajak kaltim 3-21,https://www.tiktok.com/@relung.id/video/7611814381126520065,https://www.tiktok.com/@relung.id/video/7611814381126520065,Akuntabilitas,Akuntabilitas,Akuntabilitas,Akuntabilitas,Negatif,Negatif,Negatif,Negatif,Akuntabilitas_Negatif,,audit dana pajak kaltim 3 21,407
408,@yelou0211,mobil mewah jln di jln lumpur🤣🤣 5-6,https://www.tiktok.com/@jollyroger.strawhat/video/7614678060616404245,https://www.tiktok.com/@jollyroger.strawhat/video/7614678060616404245,Efektivitas & Efisiensi,Efektivitas & Efisiensi,Efektivitas & Efisiensi,Efektivitas & Efisiensi,Negatif,Negatif,Negatif,Negatif,Efektivitas & Efisiensi_Negatif,,mobil mewah jln di jln lumpur 5 6,408
409,@feridios,terlalu gengsi 3-20,https://www.tiktok.com/@wargawargi2025/video/7619281381293755669,https://www.tiktok.com/@wargawargi2025/video/7619281381293755669,Akuntabilitas,Akuntabilitas,Akuntabilitas,Akuntabilitas,Negatif,Negatif,Negatif,Negatif,Akuntabilitas_Negatif,,terlalu gengsi 3 20,409
410,@penemu_rengginang0,"bagus lah, mumpung jadi pejabat, kapan lagi , kesempatan gak datang dua kali😂😂😂 3-2",https://www.tiktok.com/@f.405_/video/7612591026666048789,https://www.tiktok.com/@f.405_/video/7612591026666048789,Akuntabilitas,Akuntabilitas,Akuntabilitas,Akuntabilitas,Negatif,Negatif,Negatif,Negatif,Akuntabilitas_Negatif,,bagus lah mumpung jadi pejabat kapan lagi kesempatan gak datang dua kali 3 2,410
411,@papihicamadek,gak layak dua periode 2-25,https://www.tiktok.com/@wglobalmedia/video/7610699657475329298,https://www.tiktok.com/@wglobalmedia/video/7610699657475329298,Akuntabilitas,Akuntabilitas,Akuntabilitas,Akuntabilitas,Negatif,Negatif,Negatif,Negatif,Akuntabilitas_Negatif,,gak layak dua periode 2 25,411
412,@caddd18,"masa rakyatnya di kasih jalan ala kadarnya, jgn dongggg 2-25 150.2K",https://www.tiktok.com/@metropolitan.id/video/7610646870599175445,https://www.tiktok.com/@metropolitan.id/video/7610646870599175445,Efektivitas & Efisiensi,Efektivitas & Efisiensi,Efektivitas & Efisiensi,Efektivitas & Efisiensi,Negatif,Negatif,Negatif,Negatif,Efektivitas & Efisiensi_Negatif,,masa rakyatnya di kasih jalan ala kadarnya jgn dongggg 2 25 150 2k,412
413,@joddy354,si gubernur cukup pake innova dan sisanya buat perbaikan jalan 2-26,https://www.tiktok.com/@morrodin88/video/7611104729929747733,https://www.tiktok.com/@morrodin88/video/7611104729929747733,Efektivitas & Efisiensi,Efektivitas & Efisiensi,Efektivitas & Efisiensi,Efektivitas & Efisiensi,Negatif,Negatif,Negatif,Negatif,Efektivitas & Efisiensi_Negatif,,si gubernur cukup pake innova dan sisanya buat perbaikan jalan 2 26,413
414,@chikichubaaa,yang pilih dia nyesel si 3-21,https://www.tiktok.com/@wargawargi2025/video/7619281381293755669,https://www.tiktok.com/@wargawargi2025/video/7619281381293755669,Akuntabilitas,Akuntabilitas,Akuntabilitas,Akuntabilitas,Negatif,Negatif,Negatif,Negatif,Akuntabilitas_Negatif,,yang pilih dia nyesel si 3 21,414
415,@achiang.abie,"Marwah pemimpin tidak ditentukan oleh seberapa mahal harga mobil yg di tumpanginya yg notabene nya dari uang rakyat, marwah seorang pemimpin di tentukan oleh seberapa berhasilnya beliau memimpin mensejahterakan dan menegakkan keadilan sosial rakyatnya. 2-28",https://www.tiktok.com/@morrodin88/video/7611104729929747733,https://www.tiktok.com/@morrodin88/video/7611104729929747733,Akuntabilitas,Efektivitas & Efisiensi,Akuntabilitas,Akuntabilitas,Negatif,Negatif,Negatif,Negatif,Akuntabilitas_Negatif,,marwah pemimpin tidak ditentukan oleh seberapa mahal harga mobil yg di tumpanginya yg notabene nya dari uang rakyat marwah seorang pemimpin di tentukan oleh seberapa berhasilnya beliau memimpin mensejahterakan dan menegakkan keadilan sosial rakyatnya 2 28,415
416,@mr.uloli,8 miliar untuk aspal berapa kilo..? 3-1,https://www.tiktok.com/@detik.lebak/video/7612096372824608008,https://www.tiktok.com/@detik.lebak/video/7612096372824608008,Efektivitas & Efisiensi,Efektivitas & Efisiensi,Efektivitas & Efisiensi,Efektivitas & Efisiensi,Negatif,Negatif,Negatif,Negatif,Efektivitas & Efisiensi_Negatif,,8 miliar untuk aspal berapa kilo 3 1,416
417,@jawad666999,"ngapain range rover autobiography anjir, ya hilux aja atau ford predator 2-26",https://www.tiktok.com/@metropolitan.id/video/7610646870599175445,https://www.tiktok.com/@metropolitan.id/video/7610646870599175445,Efektivitas & Efisiensi,Efektivitas & Efisiensi,Efektivitas & Efisiensi,Efektivitas & Efisiensi,Negatif,Negatif,Negatif,Negatif,Efektivitas & Efisiensi_Negatif,,ngapain range rover autobiography anjir ya hilux aja atau ford predator 2 26,417
418,@tatolor,Pajero kan bisa tuh🤣 3-6,https://www.tiktok.com/@lensanalarcom/video/7610698043981090068,https://www.tiktok.com/@lensanalarcom/video/7610698043981090068,Efektivitas & Efisiensi,Efektivitas & Efisiensi,Efektivitas & Efisiensi,Efektivitas & Efisiensi,Negatif,Negatif,Negatif,Negatif,Efektivitas & Efisiensi_Negatif,,pajero kan bisa tuh 3 6,418
419,@mandra7799_,Salah pilih Kawal ku🤣🤣🤣 2-27,https://www.tiktok.com/@aditya.yudono/video/7611491873559039252,https://www.tiktok.com/@aditya.yudono/video/7611491873559039252,Akuntabilitas,Akuntabilitas,Akuntabilitas,Akuntabilitas,Negatif,Negatif,Negatif,Negatif,Akuntabilitas_Negatif,,salah pilih kawal ku 2 27,419
420,@permenj4he,mas gibran pke zenix pak 😂😂 2-25,https://www.tiktok.com/@metropolitan.id/video/7610646870599175445,https://www.tiktok.com/@metropolitan.id/video/7610646870599175445,Efektivitas & Efisiensi,Akuntabilitas,Efektivitas & Efisiensi,Efektivitas & Efisiensi,Negatif,Negatif,Negatif,Negatif,Efektivitas & Efisiensi_Negatif,,mas gibran pke zenix pak 2 25,420
421,@paul07116,punya harta 166M dari mana aja tuh? 😅 4-23,https://www.tiktok.com/@prabsri1/video/7631102459582336277,https://www.tiktok.com/@prabsri1/video/7631102459582336277,Akuntabilitas,Transparansi,Akuntabilitas,Akuntabilitas,Negatif,Negatif,Negatif,Negatif,Akuntabilitas_Negatif,,punya harta 166m dari mana aja tuh 4 23,421
422,@ridho.mulyono.001,percuma mobil harga 8.5m kalau jalan nya lumpur 3-22,https://www.tiktok.com/@sahambijak0/video/7611953329421421845,https://www.tiktok.com/@sahambijak0/video/7611953329421421845,Efektivitas & Efisiensi,Efektivitas & Efisiensi,Efektivitas & Efisiensi,Efektivitas & Efisiensi,Negatif,Negatif,Negatif,Negatif,Efektivitas & Efisiensi_Negatif,,percuma mobil harga 8 5m kalau jalan nya lumpur 3 22,422
423,@bunbunfina,Moral pejabat indo begini amaat 2-27,https://www.tiktok.com/@libra.pahing1/video/7611302313097153813,https://www.tiktok.com/@libra.pahing1/video/7611302313097153813,Akuntabilitas,Akuntabilitas,Akuntabilitas,Akuntabilitas,Negatif,Negatif,Negatif,Negatif,Akuntabilitas_Negatif,,moral pejabat indo begini amaat 2 27,423
424,@carlo_haris_cepy,SATU KATA KALTIM KALBAR KORUPS 😂😂😂 5-15,https://www.tiktok.com/@prapancas/video/7631918131128061191,https://www.tiktok.com/@prapancas/video/7631918131128061191,Akuntabilitas,Akuntabilitas,Akuntabilitas,Akuntabilitas,Negatif,Negatif,Negatif,Negatif,Akuntabilitas_Negatif,,satu kata kaltim kalbar korups 5 15,424
425,@lidiayolanda24,aku yg org samarinda aja kekk malu 2-27,https://www.tiktok.com/@media_indonesia/video/7611183349964524821,https://www.tiktok.com/@media_indonesia/video/7611183349964524821,Akuntabilitas,Akuntabilitas,Akuntabilitas,Akuntabilitas,Negatif,Negatif,Negatif,Negatif,Akuntabilitas_Negatif,,aku yg org samarinda aja kekk malu 2 27,425
426,@qrontll,JANGAN SURUH SAYA PAKAI KIJANG DEK 🤣 2-27,https://www.tiktok.com/@robi.plur/video/7611168030877322514,https://www.tiktok.com/@robi.plur/video/7611168030877322514,Akuntabilitas,Efektivitas & Efisiensi,Akuntabilitas,Akuntabilitas,Negatif,Negatif,Negatif,Negatif,Akuntabilitas_Negatif,,jangan suruh saya pakai kijang dek 2 27,426
427,@ajo.tarigan,"bukan kau saja gubenur, lihatlah mobil dinas gubenur lain 3-27",https://www.tiktok.com/@keadilanfiktif/video/7615447599402798357,https://www.tiktok.com/@keadilanfiktif/video/7615447599402798357,Efektivitas & Efisiensi,Akuntabilitas,Efektivitas & Efisiensi,Efektivitas & Efisiensi,Negatif,Negatif,Negatif,Negatif,Efektivitas & Efisiensi_Negatif,,bukan kau saja gubenur lihatlah mobil dinas gubenur lain 3 27,427
428,@6tripel5,kalau menurutku yg penting dia baik sih... mau dia pakai apa itu hak dia...yg pnting trttp ngk pakai baju renang trs turut dalan ... aku aja kl pakai baju suka2 aku penting terttp aku nymn dan seneng ...,https://www.tiktok.com/@sindonews/video/7611810371535375633,https://www.tiktok.com/@sindonews/video/7611810371535375633,Akuntabilitas,Akuntabilitas,Akuntabilitas,Akuntabilitas,Positif,Positif,Positif,Positif,Akuntabilitas_Positif,,kalau menurutku yg penting dia baik sih mau dia pakai apa itu hak dia yg pnting trttp ngk pakai baju renang trs turut dalan aku aja kl pakai baju suka2 aku penting terttp aku nymn dan seneng,428
429,@enipp70,"8,5 milyar bs utk perbaikan jln pak 3-25",https://www.tiktok.com/@f.405_/video/7612591026666048789,https://www.tiktok.com/@f.405_/video/7612591026666048789,Efektivitas & Efisiensi,Efektivitas & Efisiensi,Efektivitas & Efisiensi,Efektivitas & Efisiensi,Negatif,Negatif,Negatif,Negatif,Efektivitas & Efisiensi_Negatif,,8 5 milyar bs utk perbaikan jln pak 3 25,429
430,@irahazka,gubernur kaltim baningan 4-23,https://www.tiktok.com/@aditya.yudono/video/7631554392633675028,https://www.tiktok.com/@aditya.yudono/video/7631554392633675028,Akuntabilitas,Akuntabilitas,Akuntabilitas,Akuntabilitas,Negatif,Negatif,Negatif,Negatif,Akuntabilitas_Negatif,,gubernur kaltim baningan 4 23,430
431,@tgs_artha89,kenapa gak perbaiki jalannya aja ya?? 4-22,https://www.tiktok.com/@apasaja2825/video/7620377571229781269,https://www.tiktok.com/@apasaja2825/video/7620377571229781269,Efektivitas & Efisiensi,Efektivitas & Efisiensi,Efektivitas & Efisiensi,Efektivitas & Efisiensi,Negatif,Negatif,Negatif,Negatif,Efektivitas & Efisiensi_Negatif,,kenapa gak perbaiki jalannya aja ya 4 22,431
432,@jangan.perna.bosan,iya btul itu pak masa gubernur Kaltim mobil ya jelek jaaaaangan dooong lebih baik jalan2 di Kaltim aja yang jelak dan rusak kalo mobil harus bagus 2-25,https://www.tiktok.com/@metropolitan.id/video/7610646870599175445,https://www.tiktok.com/@metropolitan.id/video/7610646870599175445,Efektivitas & Efisiensi,Efektivitas & Efisiensi,Efektivitas & Efisiensi,Efektivitas & Efisiensi,Negatif,Negatif,Negatif,Negatif,Efektivitas & Efisiensi_Negatif,,iya btul itu pak masa gubernur kaltim mobil ya jelek jaaaaangan dooong lebih baik jalan2 di kaltim aja yang jelak dan rusak kalo mobil harus bagus 2 25,432
433,@riwifitriadi2,"Andai mobilnya bisa bicara, GUA INI MOBIL MEWAH LOOO BUKAN TRAKTOR, kok di bawak ke lumpur 😅😅😅 3-6",https://www.tiktok.com/@politikdotin/video/7612142044219231508,https://www.tiktok.com/@politikdotin/video/7612142044219231508,Efektivitas & Efisiensi,Efektivitas & Efisiensi,Efektivitas & Efisiensi,Efektivitas & Efisiensi,Negatif,Negatif,Negatif,Negatif,Efektivitas & Efisiensi_Negatif,,andai mobilnya bisa bicara gua ini mobil mewah looo bukan traktor kok di bawak ke lumpur 3 6,433
434,@yakob_djeliran25,Tv nasional mana ? 4-23,https://www.tiktok.com/@prabsri1/video/7631102459582336277,https://www.tiktok.com/@prabsri1/video/7631102459582336277,Transparansi,Transparansi,Transparansi,Transparansi,Negatif,Negatif,Negatif,Negatif,Transparansi_Negatif,,tv nasional mana 4 23,434
435,@gendut_85,"mobil pribadi, paham kan 3-4",https://www.tiktok.com/@f.405_/video/7612591026666048789,https://www.tiktok.com/@f.405_/video/7612591026666048789,Transparansi,Transparansi,Transparansi,Transparansi,Negatif,Negatif,Negatif,Negatif,Transparansi_Negatif,,mobil pribadi paham kan 3 4,435
436,@hermansaja976,usut 3-9,https://www.tiktok.com/@ompro_autocaree/video/7614061884127317266,https://www.tiktok.com/@ompro_autocaree/video/7614061884127317266,Akuntabilitas,Akuntabilitas,Akuntabilitas,Akuntabilitas,Negatif,Negatif,Negatif,Negatif,Akuntabilitas_Negatif,,usut 3 9,436
437,@ham0724,"lamis...lamis... menjaga marwah itu, bgmn mensejahterakan rakyatnya, memperbaiki infrastruktur yang baik. 😡😡 3-1",https://www.tiktok.com/@beritaenamdua/video/7612139610507873557,https://www.tiktok.com/@beritaenamdua/video/7612139610507873557,Akuntabilitas,Efektivitas & Efisiensi,Akuntabilitas,Akuntabilitas,Negatif,Negatif,Negatif,Negatif,Akuntabilitas_Negatif,,lamis lamis menjaga marwah itu bgmn mensejahterakan rakyatnya memperbaiki infrastruktur yang baik 3 1,437
438,@idazah200882,"masa iya mobilnya mewah yg naik jelek, jgn doong 3-1",https://www.tiktok.com/@metropolitan.id/video/7610646870599175445,https://www.tiktok.com/@metropolitan.id/video/7610646870599175445,Akuntabilitas,Akuntabilitas,Akuntabilitas,Akuntabilitas,Negatif,Negatif,Negatif,Negatif,Akuntabilitas_Negatif,,masa iya mobilnya mewah yg naik jelek jgn doong 3 1,438
439,@mas_syailen,"yang di krmbalikan warna item, yang lalu lalang warna putih 😭😭 3-4",https://www.tiktok.com/@beritakukar/video/7613011166838738196,https://www.tiktok.com/@beritakukar/video/7613011166838738196,Transparansi,Transparansi,Transparansi,Transparansi,Negatif,Negatif,Negatif,Negatif,Transparansi_Negatif,,yang di krmbalikan warna item yang lalu lalang warna putih 3 4,439
440,@baru2596,bnyak omng kinerja zonk 4-16,https://www.tiktok.com/@ip.alphawolf/video/7629140462753926420,https://www.tiktok.com/@ip.alphawolf/video/7629140462753926420,Responsivitas,Efektivitas & Efisiensi,Responsivitas,Responsivitas,Negatif,Negatif,Negatif,Negatif,Responsivitas_Negatif,,bnyak omng kinerja zonk 4 16,440
441,@mas.langgg,gubernur Kaltim kok di sandingin sama gubernur Jabar beda kelas jir🤣 3-1,https://www.tiktok.com/@detik.lebak/video/7612096372824608008,https://www.tiktok.com/@detik.lebak/video/7612096372824608008,Akuntabilitas,Efektivitas & Efisiensi,Akuntabilitas,Akuntabilitas,Negatif,Negatif,Negatif,Negatif,Akuntabilitas_Negatif,,gubernur kaltim kok di sandingin sama gubernur jabar beda kelas jir 3 1,441
442,@outofthebox404,"sibuk jaga marwah, rakyatnya hampir jadi arwah 3-3",https://www.tiktok.com/@ae_affiliat/video/7612919691111107848,https://www.tiktok.com/@ae_affiliat/video/7612919691111107848,Akuntabilitas,Efektivitas & Efisiensi,Akuntabilitas,Akuntabilitas,Negatif,Negatif,Negatif,Negatif,Akuntabilitas_Negatif,,sibuk jaga marwah rakyatnya hampir jadi arwah 3 3,442
443,@orb_dark,"8.5 m bisa buat perbaiki jalan dulu pak bukan mobilnya yg sesuaikan jalannya, pakai mobil dinas yg lama dulu kalau memang betul2 mau mengabdi untuk masyarakat utamakan kepentingan rakyat apa yg dibutuhkan untuk bisa meningkatkan daerah & kemampuan ekonomi masyarakat. 2-26",https://www.tiktok.com/@lensanalarcom/video/7610698043981090068,https://www.tiktok.com/@lensanalarcom/video/7610698043981090068,Efektivitas & Efisiensi,Efektivitas & Efisiensi,Efektivitas & Efisiensi,Efektivitas & Efisiensi,Negatif,Negatif,Negatif,Negatif,Efektivitas & Efisiensi_Negatif,,8 5 m bisa buat perbaiki jalan dulu pak bukan mobilnya yg sesuaikan jalannya pakai mobil dinas yg lama dulu kalau memang betul2 mau mengabdi untuk masyarakat utamakan kepentingan rakyat apa yg dibutuhkan untuk bisa meningkatkan daerah kemampuan ekonomi masyarakat 2 26,443
444,@embohdopo02,"what,137 miliar,sedangkan yang di tulis 127 miliar, 10 miliarnya kemana.😳 2-28",https://www.tiktok.com/@aimambandung/video/7611327878239620372,https://www.tiktok.com/@aimambandung/video/7611327878239620372,Transparansi,Transparansi,Transparansi,Transparansi,Negatif,Negatif,Negatif,Negatif,Transparansi_Negatif,,what 137 miliar sedangkan yang di tulis 127 miliar 10 miliarnya kemana 2 28,444
445,@myusuf740,betol.... pak terlalu mewah mobil nya 2-28,https://www.tiktok.com/@harianda19/video/7611777664621350164,https://www.tiktok.com/@harianda19/video/7611777664621350164,Efektivitas & Efisiensi,Efektivitas & Efisiensi,Efektivitas & Efisiensi,Efektivitas & Efisiensi,Negatif,Negatif,Negatif,Negatif,Efektivitas & Efisiensi_Negatif,,betol pak terlalu mewah mobil nya 2 28,445
446,@rival.ristiawan,ga logis dong rumah dinasnya cakep yg nempatin jelek 4-7 27.4K,https://www.tiktok.com/@kumparan/video/7626011966401694997,https://www.tiktok.com/@kumparan/video/7626011966401694997,Akuntabilitas,Efektivitas & Efisiensi,Akuntabilitas,Akuntabilitas,Negatif,Negatif,Negatif,Negatif,Akuntabilitas_Negatif,,ga logis dong rumah dinasnya cakep yg nempatin jelek 4 7 27 4k,446
447,@bebensubandi723,wajar si jadinya kota ofrod 3-23,https://www.tiktok.com/@suka.otom0tif/video/7612478466214104328,https://www.tiktok.com/@suka.otom0tif/video/7612478466214104328,Efektivitas & Efisiensi,Efektivitas & Efisiensi,Efektivitas & Efisiensi,Efektivitas & Efisiensi,Negatif,Positif,Negatif,Negatif,Efektivitas & Efisiensi_Negatif,,wajar si jadinya kota ofrod 3 23,447
448,@sahidmridwan11,"jgn di coblos lagi, cukup 1 periode 2-28",https://www.tiktok.com/@arteranews.id/video/7611460664074390804,https://www.tiktok.com/@arteranews.id/video/7611460664074390804,Akuntabilitas,Akuntabilitas,Akuntabilitas,Akuntabilitas,Negatif,Negatif,Negatif,Negatif,Akuntabilitas_Negatif,,jgn di coblos lagi cukup 1 periode 2 28,448
449,@reskiyantofajar,"apa iya...???🤣🤣🤣 aneh...🤣🤣🤣 mobil baru atau bekas...bisa dibalikin dan uangnya dikembalikan 8,5 M...100% ga percaya🤣🤣🤣 3-5",https://www.tiktok.com/@kompastv_jateng/video/7613321888445615381,https://www.tiktok.com/@kompastv_jateng/video/7613321888445615381,Transparansi,Transparansi,Transparansi,Transparansi,Negatif,Negatif,Negatif,Negatif,Transparansi_Negatif,,apa iya aneh mobil baru atau bekas bisa dibalikin dan uangnya dikembalikan 8 5 m 100 ga percaya 3 5,449
450,@susi.afifah5,jalannya pak benerin bukan mobil mu tuh yg mahal jalannya amburadul 2-26,https://www.tiktok.com/@lensanalarcom/video/7610698043981090068,https://www.tiktok.com/@lensanalarcom/video/7610698043981090068,Efektivitas & Efisiensi,Efektivitas & Efisiensi,Efektivitas & Efisiensi,Efektivitas & Efisiensi,Negatif,Negatif,Negatif,Negatif,Efektivitas & Efisiensi_Negatif,,jalannya pak benerin bukan mobil mu tuh yg mahal jalannya amburadul 2 26,450
451,@jumatia.sirampe,presiden saja pakai mobil 7 rts jt 5-2,https://www.tiktok.com/@balikpapantv_official/video/7612479352479026453,https://www.tiktok.com/@balikpapantv_official/video/7612479352479026453,Efektivitas & Efisiensi,Akuntabilitas,Efektivitas & Efisiensi,Efektivitas & Efisiensi,Negatif,Negatif,Negatif,Negatif,Efektivitas & Efisiensi_Negatif,,presiden saja pakai mobil 7 rts jt 5 2,451
452,@anglerboy009,yg penting jalan di perbaiki kocak 🤣 3-11,https://www.tiktok.com/@detik.lebak/video/7612096372824608008,https://www.tiktok.com/@detik.lebak/video/7612096372824608008,Efektivitas & Efisiensi,Efektivitas & Efisiensi,Efektivitas & Efisiensi,Efektivitas & Efisiensi,Negatif,Negatif,Negatif,Negatif,Efektivitas & Efisiensi_Negatif,,yg penting jalan di perbaiki kocak 3 11,452
453,@amai_882,Tolong KPK kemana 2-27,https://www.tiktok.com/@aimambandung/video/7611327878239620372,https://www.tiktok.com/@aimambandung/video/7611327878239620372,Akuntabilitas,Akuntabilitas,Akuntabilitas,Akuntabilitas,Negatif,Negatif,Negatif,Negatif,Akuntabilitas_Negatif,,tolong kpk kemana 2 27,453
454,@shanapuri,lagi maen ratu ratuan 🙈 2-27 16.1K,https://www.tiktok.com/@media_indonesia/video/7611183349964524821,https://www.tiktok.com/@media_indonesia/video/7611183349964524821,Akuntabilitas,Akuntabilitas,Akuntabilitas,Akuntabilitas,Negatif,Negatif,Negatif,Negatif,Akuntabilitas_Negatif,,lagi maen ratu ratuan 2 27 16 1k,454
455,@kang_yanto1981,jangan cuma dipantau segera sidak pasti terbukti 3-21,https://www.tiktok.com/@relung.id/video/7611814381126520065,https://www.tiktok.com/@relung.id/video/7611814381126520065,Akuntabilitas,Responsivitas,Akuntabilitas,Akuntabilitas,Negatif,Negatif,Negatif,Negatif,Akuntabilitas_Negatif,,jangan cuma dipantau segera sidak pasti terbukti 3 21,455
456,@delott62,kayak kerja aja 3-2,https://www.tiktok.com/@beritaenamdua/video/7612139610507873557,https://www.tiktok.com/@beritaenamdua/video/7612139610507873557,Responsivitas,Efektivitas & Efisiensi,Responsivitas,Responsivitas,Negatif,Negatif,Negatif,Negatif,Responsivitas_Negatif,,kayak kerja aja 3 2,456
457,@banyak.angkrem_,gubernur ga bener nih 4-17,https://www.tiktok.com/@ip.alphawolf/video/7629140462753926420,https://www.tiktok.com/@ip.alphawolf/video/7629140462753926420,Akuntabilitas,Akuntabilitas,Akuntabilitas,Akuntabilitas,Negatif,Negatif,Negatif,Negatif,Akuntabilitas_Negatif,,gubernur ga bener nih 4 17,457
458,@just_handoko,termasuk pinter omong 2-27,https://www.tiktok.com/@robi.plur/video/7611168030877322514,https://www.tiktok.com/@robi.plur/video/7611168030877322514,Responsivitas,Transparansi,Responsivitas,Responsivitas,Negatif,Negatif,Negatif,Negatif,Responsivitas_Negatif,,termasuk pinter omong 2 27,458
459,@wayan.suartika63,"marwah kaltim hrs nya rakyt nya sejahtera dan infrastruktur nya bagus ,,itu baru good job 3-1",https://www.tiktok.com/@arnews91/video/7612104540015414548,https://www.tiktok.com/@arnews91/video/7612104540015414548,Akuntabilitas,Efektivitas & Efisiensi,Akuntabilitas,Akuntabilitas,Negatif,Negatif,Negatif,Negatif,Akuntabilitas_Negatif,,marwah kaltim hrs nya rakyt nya sejahtera dan infrastruktur nya bagus itu baru good job 3 1,459
460,@myst_xr,mmg terlalu berlebihan pembelian mobil yg mahal mengingat infrastruktur msh amboradul 3-12,https://www.tiktok.com/@keadilanfiktif/video/7615447599402798357,https://www.tiktok.com/@keadilanfiktif/video/7615447599402798357,Efektivitas & Efisiensi,Efektivitas & Efisiensi,Efektivitas & Efisiensi,Efektivitas & Efisiensi,Negatif,Negatif,Negatif,Negatif,Efektivitas & Efisiensi_Negatif,,mmg terlalu berlebihan pembelian mobil yg mahal mengingat infrastruktur msh amboradul 3 12,460
461,@lacthedemond,sudah terbiasa liat mobil dinas di ganti plat biasa karna tetangga gua juga gitu udh di tegor juga ya percuma ga di denger alesannya pergi Dinas luar kota 3-4,https://www.tiktok.com/@beritakukar/video/7613011166838738196,https://www.tiktok.com/@beritakukar/video/7613011166838738196,Transparansi,Transparansi,Transparansi,Transparansi,Negatif,Negatif,Negatif,Negatif,Transparansi_Negatif,,sudah terbiasa liat mobil dinas di ganti plat biasa karna tetangga gua juga gitu udh di tegor juga ya percuma ga di denger alesannya pergi dinas luar kota 3 4,461
462,@thomo.thomo5,"KPK cumah pantau aja , ko bisa yah.... 3-9",https://www.tiktok.com/@relung.id/video/7611814381126520065,https://www.tiktok.com/@relung.id/video/7611814381126520065,Akuntabilitas,Akuntabilitas,Akuntabilitas,Akuntabilitas,Negatif,Negatif,Negatif,Negatif,Akuntabilitas_Negatif,,kpk cumah pantau aja ko bisa yah 3 9,462
463,@qiyu_qiyu_86,si paling Marwah 😩😩😩😩 2-27,https://www.tiktok.com/@balikpapan.aerial/video/7611418293752253703,https://www.tiktok.com/@balikpapan.aerial/video/7611418293752253703,Akuntabilitas,Akuntabilitas,Akuntabilitas,Akuntabilitas,Negatif,Negatif,Negatif,Negatif,Akuntabilitas_Negatif,,si paling marwah 2 27,463
464,@edyjunedi97,kpk ko diem🤣🤣 2-26,https://www.tiktok.com/@wglobalmedia/video/7610699657475329298,https://www.tiktok.com/@wglobalmedia/video/7610699657475329298,Akuntabilitas,Akuntabilitas,Akuntabilitas,Akuntabilitas,Negatif,Negatif,Negatif,Negatif,Akuntabilitas_Negatif,,kpk ko diem 2 26,464
465,@rusmanboding,"solusi yg paling bener, gubernur kaltim ganti 5-2",https://www.tiktok.com/@aditya.yudono/video/7631554392633675028,https://www.tiktok.com/@aditya.yudono/video/7631554392633675028,Akuntabilitas,Akuntabilitas,Akuntabilitas,Akuntabilitas,Negatif,Negatif,Negatif,Negatif,Akuntabilitas_Negatif,,solusi yg paling bener gubernur kaltim ganti 5 2,465
466,@tiktokerkece7,medannya berat karena ga bangun jalannya makanya makin banyak lumpur 4-12,https://www.tiktok.com/@beritakukar/video/7612310183590530324,https://www.tiktok.com/@beritakukar/video/7612310183590530324,Efektivitas & Efisiensi,Efektivitas & Efisiensi,Efektivitas & Efisiensi,Efektivitas & Efisiensi,Negatif,Negatif,Negatif,Negatif,Efektivitas & Efisiensi_Negatif,,medannya berat karena ga bangun jalannya makanya makin banyak lumpur 4 12,466
467,@travellagenggong,seandainya dana 8.5 M untuk perbaiki jalan pasti tercukupi itu 2-21,https://www.tiktok.com/@mata_publik_/video/7608632050790239495,https://www.tiktok.com/@mata_publik_/video/7608632050790239495,Efektivitas & Efisiensi,Efektivitas & Efisiensi,Efektivitas & Efisiensi,Efektivitas & Efisiensi,Negatif,Negatif,Negatif,Negatif,Efektivitas & Efisiensi_Negatif,,seandainya dana 8 5 m untuk perbaiki jalan pasti tercukupi itu 2 21,467
468,@dominicus.vita,masa iya dealer mau di kembalikan gitu saja mobil.... semua org pasti tau itu gk mungkin di kembalikan 4-17,https://www.tiktok.com/@ip.alphawolf/video/7629140462753926420,https://www.tiktok.com/@ip.alphawolf/video/7629140462753926420,Transparansi,Transparansi,Transparansi,Transparansi,Negatif,Negatif,Negatif,Negatif,Transparansi_Negatif,,masa iya dealer mau di kembalikan gitu saja mobil semua org pasti tau itu gk mungkin di kembalikan 4 17,468
469,@daenganto_738,yang penting jaga maruwa 2-28,https://www.tiktok.com/@harianda19/video/7611777664621350164,https://www.tiktok.com/@harianda19/video/7611777664621350164,Akuntabilitas,Akuntabilitas,Akuntabilitas,Akuntabilitas,Negatif,Negatif,Negatif,Negatif,Akuntabilitas_Negatif,,yang penting jaga maruwa 2 28,469
470,@lutzs1_0,"500 nya beli Triton,,,,8 nya benerin jalan tuh jalan 3-10",https://www.tiktok.com/@botakteras/video/7613416347250314517,https://www.tiktok.com/@botakteras/video/7613416347250314517,Efektivitas & Efisiensi,Efektivitas & Efisiensi,Efektivitas & Efisiensi,Efektivitas & Efisiensi,Negatif,Negatif,Negatif,Negatif,Efektivitas & Efisiensi_Negatif,,500 nya beli triton 8 nya benerin jalan tuh jalan 3 10,470
471,@dede.m46,tolong KPK ke kaltim usut dulu dinastinya 3-2,https://www.tiktok.com/@relung.id/video/7611814381126520065,https://www.tiktok.com/@relung.id/video/7611814381126520065,Akuntabilitas,Akuntabilitas,Akuntabilitas,Akuntabilitas,Negatif,Negatif,Negatif,Negatif,Akuntabilitas_Negatif,,tolong kpk ke kaltim usut dulu dinastinya 3 2,471
472,@zakariazakra,serakah. 3-16,https://www.tiktok.com/@relung.id/video/7611773381997890833,https://www.tiktok.com/@relung.id/video/7611773381997890833,Akuntabilitas,Akuntabilitas,Akuntabilitas,Akuntabilitas,Negatif,Negatif,Negatif,Negatif,Akuntabilitas_Negatif,,serakah 3 16,472
473,@blokirr_7,"asyik2 saja busana, yg penting orgnya ramah dan baik",https://www.tiktok.com/@sindonews/video/7611810371535375633,https://www.tiktok.com/@sindonews/video/7611810371535375633,Akuntabilitas,Akuntabilitas,Akuntabilitas,Akuntabilitas,Positif,Positif,Positif,Positif,Akuntabilitas_Positif,,asyik2 saja busana yg penting orgnya ramah dan baik,473
474,@user_nada.a.s_17,mobil 8.5 gak mampu liwatin jalan berlumpur 3-8,https://www.tiktok.com/@politikdotin/video/7612142044219231508,https://www.tiktok.com/@politikdotin/video/7612142044219231508,Efektivitas & Efisiensi,Efektivitas & Efisiensi,Efektivitas & Efisiensi,Efektivitas & Efisiensi,Negatif,Negatif,Negatif,Negatif,Efektivitas & Efisiensi_Negatif,,mobil 8 5 gak mampu liwatin jalan berlumpur 3 8,474
475,@dani_wijaya22,gaya elit kinerja sulit 3-5,https://www.tiktok.com/@ummu.3.anak/video/7613157935157464340,https://www.tiktok.com/@ummu.3.anak/video/7613157935157464340,Akuntabilitas,Efektivitas & Efisiensi,Akuntabilitas,Akuntabilitas,Negatif,Negatif,Negatif,Negatif,Akuntabilitas_Negatif,,gaya elit kinerja sulit 3 5,475
476,@paman.sam38,"salah pilih gubernur, logika nya dmna ya, jalan rusak malah beli mobil mewah, bukan jalan nya yg di betulin 3-7",https://www.tiktok.com/@tikuskokberdasi/video/7613343929244618005,https://www.tiktok.com/@tikuskokberdasi/video/7613343929244618005,Efektivitas & Efisiensi,Efektivitas & Efisiensi,Efektivitas & Efisiensi,Efektivitas & Efisiensi,Negatif,Negatif,Negatif,Negatif,Efektivitas & Efisiensi_Negatif,,salah pilih gubernur logika nya dmna ya jalan rusak malah beli mobil mewah bukan jalan nya yg di betulin 3 7,476
477,@hengkyloem,takut di periksa kpk 3-5,https://www.tiktok.com/@kompastv_jateng/video/7613321888445615381,https://www.tiktok.com/@kompastv_jateng/video/7613321888445615381,Akuntabilitas,Akuntabilitas,Akuntabilitas,Akuntabilitas,Negatif,Negatif,Negatif,Negatif,Akuntabilitas_Negatif,,takut di periksa kpk 3 5,477
478,@elssaryn_,Cuma ditegur???? 3-21,https://www.tiktok.com/@wargawargi2025/video/7619281381293755669,https://www.tiktok.com/@wargawargi2025/video/7619281381293755669,Responsivitas,Responsivitas,Responsivitas,Responsivitas,Negatif,Negatif,Negatif,Negatif,Responsivitas_Negatif,,cuma ditegur 3 21,478
479,@sitirahmah4376,parah,https://www.tiktok.com/@prapancas/video/7631918131128061191,https://www.tiktok.com/@prapancas/video/7631918131128061191,Akuntabilitas,Akuntabilitas,Akuntabilitas,Akuntabilitas,Negatif,Negatif,Negatif,Negatif,Akuntabilitas_Negatif,,parah,479
480,@cucu.kurniawati51,tamu global lewat mana pak jlnnya lumpur semua😳 3-6,https://www.tiktok.com/@sentilin_indonesia/video/7613820353550306581,https://www.tiktok.com/@sentilin_indonesia/video/7613820353550306581,Efektivitas & Efisiensi,Efektivitas & Efisiensi,Efektivitas & Efisiensi,Efektivitas & Efisiensi,Negatif,Negatif,Negatif,Negatif,Efektivitas & Efisiensi_Negatif,,tamu global lewat mana pak jlnnya lumpur semua 3 6,480
481,@dhenokk06,lha kalau kepala daerah nya seperti inii.. ya rakyat miskin sengsara pak😭 2-25,https://www.tiktok.com/@the_amor70/video/7610666343985138951,https://www.tiktok.com/@the_amor70/video/7610666343985138951,Akuntabilitas,Efektivitas & Efisiensi,Akuntabilitas,Akuntabilitas,Negatif,Negatif,Negatif,Negatif,Akuntabilitas_Negatif,,lha kalau kepala daerah nya seperti inii ya rakyat miskin sengsara pak 2 25,481
482,@triwahyu0678,4000cc.pakai truk aja 4x4 lebih cocok 3-1,https://www.tiktok.com/@beritaenamdua/video/7612139610507873557,https://www.tiktok.com/@beritaenamdua/video/7612139610507873557,Efektivitas & Efisiensi,Efektivitas & Efisiensi,Efektivitas & Efisiensi,Efektivitas & Efisiensi,Negatif,Negatif,Negatif,Negatif,Efektivitas & Efisiensi_Negatif,,4000cc pakai truk aja 4x4 lebih cocok 3 1,482
483,@endik580,"sudahlah pak, orang sudah tahu. gak perlu bicara panjang lebar 2-27",https://www.tiktok.com/@robi.plur/video/7611168030877322514,https://www.tiktok.com/@robi.plur/video/7611168030877322514,Responsivitas,Transparansi,Responsivitas,Responsivitas,Negatif,Negatif,Negatif,Negatif,Responsivitas_Negatif,,sudahlah pak orang sudah tahu gak perlu bicara panjang lebar 2 27,483
484,@cappucinomilktea22,mikirin diri sendiri dongg jatohnya😭🤣 3-5,https://www.tiktok.com/@the_amor70/video/7610666343985138951,https://www.tiktok.com/@the_amor70/video/7610666343985138951,Akuntabilitas,Responsivitas,Akuntabilitas,Akuntabilitas,Negatif,Negatif,Negatif,Negatif,Akuntabilitas_Negatif,,mikirin diri sendiri dongg jatohnya 3 5,484
485,@budiy316,mobil elit jalan sulit 3-8,https://www.tiktok.com/@politikdotin/video/7612142044219231508,https://www.tiktok.com/@politikdotin/video/7612142044219231508,Efektivitas & Efisiensi,Efektivitas & Efisiensi,Efektivitas & Efisiensi,Efektivitas & Efisiensi,Negatif,Negatif,Negatif,Negatif,Efektivitas & Efisiensi_Negatif,,mobil elit jalan sulit 3 8,485
486,@nunuk.nurmawati,betul pak mumpung masih menjabat .kpan LG minta ke rakyat kalau pas nggk menjabat 🤭 3-6,https://www.tiktok.com/@f.405_/video/7612591026666048789,https://www.tiktok.com/@f.405_/video/7612591026666048789,Akuntabilitas,Akuntabilitas,Akuntabilitas,Akuntabilitas,Negatif,Negatif,Negatif,Negatif,Akuntabilitas_Negatif,,betul pak mumpung masih menjabat kpan lg minta ke rakyat kalau pas nggk menjabat 3 6,486
487,@libraa_93.0,JALAN KALTIM KAPAN DI BAIKIN PAK 4-17,https://www.tiktok.com/@ip.alphawolf/video/7629140462753926420,https://www.tiktok.com/@ip.alphawolf/video/7629140462753926420,Efektivitas & Efisiensi,Efektivitas & Efisiensi,Efektivitas & Efisiensi,Efektivitas & Efisiensi,Negatif,Negatif,Negatif,Negatif,Efektivitas & Efisiensi_Negatif,,jalan kaltim kapan di baikin pak 4 17,487
488,@bayiik13,plat putih??? 3-1,https://www.tiktok.com/@arteranews.id/video/7611460664074390804,https://www.tiktok.com/@arteranews.id/video/7611460664074390804,Transparansi,Transparansi,Transparansi,Transparansi,Negatif,Negatif,Negatif,Negatif,Transparansi_Negatif,,plat putih 3 1,488
489,@dewivirgo4233,baru 1 tahun jadi gub petatang peteteng hadeeh nyenggol KDM lagi 4-21,https://www.tiktok.com/@prabsri1/video/7631102459582336277,https://www.tiktok.com/@prabsri1/video/7631102459582336277,Akuntabilitas,Efektivitas & Efisiensi,Akuntabilitas,Akuntabilitas,Negatif,Negatif,Negatif,Negatif,Akuntabilitas_Negatif,,baru 1 tahun jadi gub petatang peteteng hadeeh nyenggol kdm lagi 4 21,489
490,@mahfudinabe,LEBIH KOPLAK NYA...TERPILIH😁😁😁 3-3,https://www.tiktok.com/@detik.lebak/video/7612096372824608008,https://www.tiktok.com/@detik.lebak/video/7612096372824608008,Akuntabilitas,Akuntabilitas,Akuntabilitas,Akuntabilitas,Negatif,Negatif,Negatif,Negatif,Akuntabilitas_Negatif,,lebih koplak nya terpilih 3 3,490
491,@rom82761,tetap amanah pak gubernur,https://www.tiktok.com/@tripol.co/video/7642126377168293141,https://www.tiktok.com/@tripol.co/video/7642126377168293141,Akuntabilitas,Akuntabilitas,Akuntabilitas,Akuntabilitas,Positif,Positif,Positif,Positif,Akuntabilitas_Positif,,tetap amanah pak gubernur,491
492,@sih.08_,kepala daerah kerjaanya apa mau tanyak . 3-26,https://www.tiktok.com/@fans_pak_prabowo/video/7621100320243928341,https://www.tiktok.com/@fans_pak_prabowo/video/7621100320243928341,Akuntabilitas,Efektivitas & Efisiensi,Akuntabilitas,Akuntabilitas,Negatif,Negatif,Negatif,Negatif,Akuntabilitas_Negatif,,kepala daerah kerjaanya apa mau tanyak 3 26,492
493,@lindaibrahim06,jln yg rusak parah itu hrs cpt di perbaiki itu yg penting 4-16,https://www.tiktok.com/@ip.alphawolf/video/7629140462753926420,https://www.tiktok.com/@ip.alphawolf/video/7629140462753926420,Efektivitas & Efisiensi,Efektivitas & Efisiensi,Akuntabilitas,Efektivitas & Efisiensi,Negatif,Negatif,Negatif,Negatif,Efektivitas & Efisiensi_Negatif,,jln yg rusak parah itu hrs cpt di perbaiki itu yg penting 4 16,493
494,@nando_pleengerr,kalo jalan ancur ya di baikin bukan beli mobil 4-23,https://www.tiktok.com/@ibarat_azra/video/7631776481781271826,https://www.tiktok.com/@ibarat_azra/video/7631776481781271826,Efektivitas & Efisiensi,Efektivitas & Efisiensi,Akuntabilitas,Efektivitas & Efisiensi,Negatif,Negatif,Negatif,Negatif,Efektivitas & Efisiensi_Negatif,,kalo jalan ancur ya di baikin bukan beli mobil 4 23,494
495,@m.ilham.entong,itu kata saya buyan percuma itu kan jalan yah yang rusak jadi di perbaikin lah 3-25,https://www.tiktok.com/@3halll/video/7611863206281137428,https://www.tiktok.com/@3halll/video/7611863206281137428,Efektivitas & Efisiensi,Efektivitas & Efisiensi,Akuntabilitas,Efektivitas & Efisiensi,Negatif,Negatif,Negatif,Negatif,Efektivitas & Efisiensi_Negatif,,itu kata saya buyan percuma itu kan jalan yah yang rusak jadi di perbaikin lah 3 25,495
496,@solih_nigam,sipaling Marwah😆 5-22,https://www.tiktok.com/@suka.otom0tif/video/7612478466214104328,https://www.tiktok.com/@suka.otom0tif/video/7612478466214104328,Akuntabilitas,Akuntabilitas,Akuntabilitas,Akuntabilitas,Negatif,Negatif,Negatif,Negatif,Akuntabilitas_Negatif,,sipaling marwah 5 22,496
497,@black_sizzy,@KPK RI 2-25,https://www.tiktok.com/@wglobalmedia/video/7610699657475329298,https://www.tiktok.com/@wglobalmedia/video/7610699657475329298,Akuntabilitas,Akuntabilitas,Akuntabilitas,Akuntabilitas,Negatif,Negatif,Negatif,Negatif,Akuntabilitas_Negatif,,ri 2 25,497
498,@ajshdh128,"semoga uang pribadinya bisa di gunakan untuk halnyg lebih bermanfaat buat rakyatnya,,klo ga bisa apa gunanya jadi pemimpin 2-18",https://www.tiktok.com/@ashepsayfullq/video/7608021220088433936,https://www.tiktok.com/@ashepsayfullq/video/7608021220088433936,Akuntabilitas,Efektivitas & Efisiensi,Akuntabilitas,Akuntabilitas,Negatif,Negatif,Negatif,Negatif,Akuntabilitas_Negatif,,semoga uang pribadinya bisa di gunakan untuk halnyg lebih bermanfaat buat rakyatnya klo ga bisa apa gunanya jadi pemimpin 2 18,498
499,@elbaf_loki,emg jalan rusak gamalu? 4-17,https://www.tiktok.com/@ip.alphawolf/video/7629140462753926420,https://www.tiktok.com/@ip.alphawolf/video/7629140462753926420,Efektivitas & Efisiensi,Efektivitas & Efisiensi,Efektivitas & Efisiensi,Efektivitas & Efisiensi,Negatif,Negatif,Negatif,Negatif,Efektivitas & Efisiensi_Negatif,,emg jalan rusak gamalu 4 17,499
500,@rendra.pratama491,klu d bagus terpilih jgn mundur 4-23,https://www.tiktok.com/@damarmart/video/7631483584649481479,https://www.tiktok.com/@damarmart/video/7631483584649481479,Akuntabilitas,Akuntabilitas,Akuntabilitas,Akuntabilitas,Positif,Positif,Positif,Positif,Akuntabilitas_Positif,,klu d bagus terpilih jgn mundur 4 23,500
501,@irfanudin217,cukup satu kali saja 3-1,https://www.tiktok.com/@arnews91/video/7612104540015414548,https://www.tiktok.com/@arnews91/video/7612104540015414548,Akuntabilitas,Akuntabilitas,Akuntabilitas,Akuntabilitas,Negatif,Negatif,Negatif,Negatif,Akuntabilitas_Negatif,,cukup satu kali saja 3 1,501
502,@yoandi.to,kesel bgt liat dia ngomong 4-7,https://www.tiktok.com/@kumparan/video/7626011966401694997,https://www.tiktok.com/@kumparan/video/7626011966401694997,Responsivitas,Responsivitas,Efektivitas & Efisiensi,Responsivitas,Negatif,Negatif,Negatif,Negatif,Responsivitas_Negatif,,kesel bgt liat dia ngomong 4 7,502
503,@ernawita85,"𝙹𝚕𝚗 𝚁𝚞𝚜𝚊𝚔 𝙶𝚔 𝙼𝚊𝚜𝚊𝚕𝚊𝚑,𝚈𝚐 𝚙𝚗𝚝𝚒𝚗𝚐 𝚋𝚒𝚗𝚒 𝚙𝚊𝚔𝚊𝚒 𝚖𝚊𝚑𝚔𝚘𝚝𝚊😂😂😂 3-4",https://www.tiktok.com/@ae_affiliat/video/7612919691111107848,https://www.tiktok.com/@ae_affiliat/video/7612919691111107848,Akuntabilitas,Efektivitas & Efisiensi,Akuntabilitas,Akuntabilitas,Negatif,Negatif,Negatif,Negatif,Akuntabilitas_Negatif,,3 4,503
504,@aski.slto2,malu sama Jawa barat jalan dah di benerin walaupun belum 100% 3-6,https://www.tiktok.com/@tikuskokberdasi/video/7613343929244618005,https://www.tiktok.com/@tikuskokberdasi/video/7613343929244618005,Efektivitas & Efisiensi,Efektivitas & Efisiensi,Efektivitas & Efisiensi,Efektivitas & Efisiensi,Negatif,Negatif,Negatif,Negatif,Efektivitas & Efisiensi_Negatif,,malu sama jawa barat jalan dah di benerin walaupun belum 100 3 6,504
505,@azzam.pratama091,tinggal di bagusin jalannya dan beli mobil yang lebih murah apa susah nya 4-9,https://www.tiktok.com/@3halll/video/7611863206281137428,https://www.tiktok.com/@3halll/video/7611863206281137428,Efektivitas & Efisiensi,Efektivitas & Efisiensi,Efektivitas & Efisiensi,Efektivitas & Efisiensi,Negatif,Negatif,Negatif,Negatif,Efektivitas & Efisiensi_Negatif,,tinggal di bagusin jalannya dan beli mobil yang lebih murah apa susah nya 4 9,505
506,@aida61281,rendah hatinya pak Gubernur mau mendengar aspirasi masyarakat,https://www.tiktok.com/@kaltimtoday.co/video/7619557752192683271?is_from_webapp=1&sender_device=pc,https://www.tiktok.com/@kaltimtoday.co/video/7619557752192683271?is_from_webapp=1&sender_device=pc,Responsivitas,Responsivitas,Responsivitas,Responsivitas,Positif,Positif,Positif,Positif,Responsivitas_Positif,,rendah hatinya pak gubernur mau mendengar aspirasi masyarakat,506
507,@daydayat093,Mana bisa mobil yg sdh dibeli dikembalikan😅😅😅,https://www.tiktok.com/@kaltimtoday.co/video/7619557752192683271?is_from_webapp=1&sender_device=pc,https://www.tiktok.com/@kaltimtoday.co/video/7619557752192683271?is_from_webapp=1&sender_device=pc,Transparansi,Transparansi,Transparansi,Transparansi,Negatif,Negatif,Negatif,Negatif,Transparansi_Negatif,,mana bisa mobil yg sdh dibeli dikembalikan,507
508,@zhagie06,"kok baru sekang mendengarkan aspirasi masyarakat, jangan donggg",https://www.tiktok.com/@kaltimtoday.co/video/7619557752192683271?is_from_webapp=1&sender_device=pc,https://www.tiktok.com/@kaltimtoday.co/video/7619557752192683271?is_from_webapp=1&sender_device=pc,Transparansi,Responsivitas,Transparansi,Transparansi,Negatif,Negatif,Negatif,Negatif,Transparansi_Negatif,,kok baru sekang mendengarkan aspirasi masyarakat jangan donggg,508
509,@umamzxlena,"jawaban yang kurang bermutu,justru saya rasa soal mobil ini pasti masyarakat bertanya ""kenapa harus beli mobil mewah seharga 8m?""",https://www.tiktok.com/@kaltimtoday.co/video/7619557752192683271?is_from_webapp=1&sender_device=pc,https://www.tiktok.com/@kaltimtoday.co/video/7619557752192683271?is_from_webapp=1&sender_device=pc,Responsivitas,Transparansi,Responsivitas,Responsivitas,Negatif,Negatif,Negatif,Negatif,Responsivitas_Negatif,,jawaban yang kurang bermutu justru saya rasa soal mobil ini pasti masyarakat bertanya kenapa harus beli mobil mewah seharga 8m,509
510,@hartono.lee3,pliiis jangan di-bully... setidaknya kita wajib hargai beliau yang sudah mau mendengarkan aspirasi masyarakat nya🙏,https://www.tiktok.com/@kaltimtoday.co/video/7619557752192683271?is_from_webapp=1&sender_device=pc,https://www.tiktok.com/@kaltimtoday.co/video/7619557752192683271?is_from_webapp=1&sender_device=pc,Responsivitas,Responsivitas,Responsivitas,Responsivitas,Positif,Positif,Positif,Positif,Responsivitas_Positif,,pliiis jangan di bully setidaknya kita wajib hargai beliau yang sudah mau mendengarkan aspirasi masyarakat nya,510
511,@pagopaghia,bagusnya zaman skrg tuh teknologi udh canggih jd informasinya cepet banget. Kalo dia ga viral pasti udah kemana2 pake mobil 8.5 M ituhhh,https://www.tiktok.com/@kaltimtoday.co/video/7619557752192683271?is_from_webapp=1&sender_device=pc,https://www.tiktok.com/@kaltimtoday.co/video/7619557752192683271?is_from_webapp=1&sender_device=pc,Responsivitas,Transparansi,Responsivitas,Responsivitas,Negatif,Positif,Negatif,Negatif,Responsivitas_Negatif,,bagusnya zaman skrg tuh teknologi udh canggih jd informasinya cepet banget kalo dia ga viral pasti udah kemana2 pake mobil 8 5 m ituhhh,511
512,@hatiyankterluka7,iya atuh kembalikan... jalannya yg dibenerin malu...,https://www.tiktok.com/@kaltimtoday.co/video/7619557752192683271?is_from_webapp=1&sender_device=pc,https://www.tiktok.com/@kaltimtoday.co/video/7619557752192683271?is_from_webapp=1&sender_device=pc,Efektivitas & Efisiensi,Efektivitas & Efisiensi,Efektivitas & Efisiensi,Efektivitas & Efisiensi,Negatif,Negatif,Negatif,Negatif,Efektivitas & Efisiensi_Negatif,,iya atuh kembalikan jalannya yg dibenerin malu,512
513,@queenridzka16,"masa harus di komplain presiden dulu, baru sadar.",https://www.tiktok.com/@kaltimtoday.co/video/7619557752192683271?is_from_webapp=1&sender_device=pc,https://www.tiktok.com/@kaltimtoday.co/video/7619557752192683271?is_from_webapp=1&sender_device=pc,Responsivitas,Responsivitas,Responsivitas,Responsivitas,Negatif,Negatif,Negatif,Negatif,Responsivitas_Negatif,,masa harus di komplain presiden dulu baru sadar,513
514,@dennn_1506,minta maaf bang bukan ngeles 😅,https://www.tiktok.com/@kaltimtoday.co/video/7619557752192683271?is_from_webapp=1&sender_device=pc,https://www.tiktok.com/@kaltimtoday.co/video/7619557752192683271?is_from_webapp=1&sender_device=pc,Responsivitas,Transparansi,Responsivitas,Responsivitas,Negatif,Negatif,Negatif,Negatif,Responsivitas_Negatif,,minta maaf bang bukan ngeles,514
515,@idaites,cara jadi pejabat salah satunya adalah harus pandai ngeles,https://www.tiktok.com/@kaltimtoday.co/video/7619557752192683271?is_from_webapp=1&sender_device=pc,https://www.tiktok.com/@kaltimtoday.co/video/7619557752192683271?is_from_webapp=1&sender_device=pc,Responsivitas,Transparansi,Responsivitas,Responsivitas,Negatif,Negatif,Negatif,Negatif,Responsivitas_Negatif,,cara jadi pejabat salah satunya adalah harus pandai ngeles,515
516,@jeer145,mobil nya masih ada kok ga mustahil dibalikan kan Marwah nya kemana,https://www.tiktok.com/@kaltimtoday.co/video/7619557752192683271?is_from_webapp=1&sender_device=pc,https://www.tiktok.com/@kaltimtoday.co/video/7619557752192683271?is_from_webapp=1&sender_device=pc,Transparansi,Transparansi,Transparansi,Transparansi,Negatif,Negatif,Negatif,Negatif,Transparansi_Negatif,,mobil nya masih ada kok ga mustahil dibalikan kan marwah nya kemana,516
517,@percikan.apiooo,yang dibilang tentang mobil yang dia omong antah apa,https://www.tiktok.com/@kaltimtoday.co/video/7619557752192683271?is_from_webapp=1&sender_device=pc,https://www.tiktok.com/@kaltimtoday.co/video/7619557752192683271?is_from_webapp=1&sender_device=pc,Responsivitas,Transparansi,Responsivitas,Responsivitas,Negatif,Negatif,Negatif,Negatif,Responsivitas_Negatif,,yang dibilang tentang mobil yang dia omong antah apa,517
518,@rivaldi7690,pas udah kena sindir presiden baru berubah😄,https://www.tiktok.com/@kaltimtoday.co/video/7619557752192683271?is_from_webapp=1&sender_device=pc,https://www.tiktok.com/@kaltimtoday.co/video/7619557752192683271?is_from_webapp=1&sender_device=pc,Responsivitas,Responsivitas,Responsivitas,Responsivitas,Negatif,Negatif,Negatif,Negatif,Responsivitas_Negatif,,pas udah kena sindir presiden baru berubah,518
519,@samsudinarif21,ini sistemnya gimna emang bisa mobil uda di beli dikembalikan,https://www.tiktok.com/@kaltimtoday.co/video/7619557752192683271?is_from_webapp=1&sender_device=pc,https://www.tiktok.com/@kaltimtoday.co/video/7619557752192683271?is_from_webapp=1&sender_device=pc,Transparansi,Transparansi,Transparansi,Transparansi,Negatif,Negatif,Negatif,Negatif,Transparansi_Negatif,,ini sistemnya gimna emang bisa mobil uda di beli dikembalikan,519
520,@phikrhighantheng,cuma di indo gubernur sama presiden saling sindir,https://www.tiktok.com/@kaltimtoday.co/video/7619557752192683271?is_from_webapp=1&sender_device=pc,https://www.tiktok.com/@kaltimtoday.co/video/7619557752192683271?is_from_webapp=1&sender_device=pc,Responsivitas,Transparansi,Responsivitas,Responsivitas,Negatif,Negatif,Negatif,Negatif,Responsivitas_Negatif,,cuma di indo gubernur sama presiden saling sindir,520
521,@kinanditaamora,"Respon gubernurnya dinanti nih, semoga sentilan dari pusat ini bikin anggaran daerah jadi lebih efisien dan tepat sasaran.""",https://www.tiktok.com/@kaltimtoday.co/video/7619557752192683271?is_from_webapp=1&sender_device=pc,https://www.tiktok.com/@kaltimtoday.co/video/7619557752192683271?is_from_webapp=1&sender_device=pc,Efektivitas & Efisiensi,Responsivitas,Efektivitas & Efisiensi,Efektivitas & Efisiensi,Positif,Positif,Positif,Positif,Efektivitas & Efisiensi_Positif,,respon gubernurnya dinanti nih semoga sentilan dari pusat ini bikin anggaran daerah jadi lebih efisien dan tepat sasaran,521
522,@ym_aprl,"Setelah teguran soal gaya hidup mewah di tengah lingkungan yang memprihatinkan, ia akhirnya memulangkan mobil seharga 8 miliar itu demi pembangunan masyarakat. Langkah yang terlihat bijak, namun pertanyaannya: apakah ini murni kesadaran nurani, atau sekadar strategi penyelamatan citra?",https://www.tiktok.com/@kaltimtoday.co/video/7619557752192683271?is_from_webapp=1&sender_device=pc,https://www.tiktok.com/@kaltimtoday.co/video/7619557752192683271?is_from_webapp=1&sender_device=pc,Akuntabilitas,Akuntabilitas,Akuntabilitas,Akuntabilitas,Negatif,Negatif,Negatif,Negatif,Akuntabilitas_Negatif,,setelah teguran soal gaya hidup mewah di tengah lingkungan yang memprihatinkan ia akhirnya memulangkan mobil seharga 8 miliar itu demi pembangunan masyarakat langkah yang terlihat bijak namun pertanyaannya apakah ini murni kesadaran nurani atau sekadar strategi penyelamatan citra,522
523,@remon.clipper,"Bahasa pejabat tuh tamplate yak klo udh viral, pasti dalihnya saya akan membangun infrastruktur, pendidikan, kesehatan pdhl itu bahasa untuk menenangkan rakyat aja dan blm tentu dia lakukan jg🗿",https://www.tiktok.com/@kaltimtoday.co/video/7619557752192683271?is_from_webapp=1&sender_device=pc,https://www.tiktok.com/@kaltimtoday.co/video/7619557752192683271?is_from_webapp=1&sender_device=pc,Akuntabilitas,Transparansi,Akuntabilitas,Akuntabilitas,Negatif,Negatif,Negatif,Negatif,Akuntabilitas_Negatif,,bahasa pejabat tuh tamplate yak klo udh viral pasti dalihnya saya akan membangun infrastruktur pendidikan kesehatan pdhl itu bahasa untuk menenangkan rakyat aja dan blm tentu dia lakukan jg,523
524,@gooel337,Emang bisa dikembalikan gitu ya enak banget beli mobil di kaltim yakkk,https://www.tiktok.com/@kaltimtoday.co/video/7619557752192683271?is_from_webapp=1&sender_device=pc,https://www.tiktok.com/@kaltimtoday.co/video/7619557752192683271?is_from_webapp=1&sender_device=pc,Transparansi,Transparansi,Transparansi,Transparansi,Negatif,Negatif,Negatif,Negatif,Transparansi_Negatif,,emang bisa dikembalikan gitu ya enak banget beli mobil di kaltim yakkk,524
525,@kangno763,mobil Sudah dibeli dan sudah dipakai. dibuktikan dengan sudah disaksikan oleh banyak masyarakat dan media lalu dikembalikan. emang semudah itu urusannya. boleh kan kami tidak percaya?,https://www.tiktok.com/@kaltimtoday.co/video/7619557752192683271?is_from_webapp=1&sender_device=pc,https://www.tiktok.com/@kaltimtoday.co/video/7619557752192683271?is_from_webapp=1&sender_device=pc,Transparansi,Transparansi,Transparansi,Transparansi,Negatif,Negatif,Negatif,Negatif,Transparansi_Negatif,,mobil sudah dibeli dan sudah dipakai dibuktikan dengan sudah disaksikan oleh banyak masyarakat dan media lalu dikembalikan emang semudah itu urusannya boleh kan kami tidak percaya,525
526,@ridho.14939,Klo sdh di beli kok di kembalikan.... syg pak... emang bisa dikembalikan uang nya pak... maaf klo salah.. 🙏,https://www.tiktok.com/@kaltimtoday.co/video/7619557752192683271?is_from_webapp=1&sender_device=pc,https://www.tiktok.com/@kaltimtoday.co/video/7619557752192683271?is_from_webapp=1&sender_device=pc,Transparansi,Transparansi,Responsivitas,Transparansi,Negatif,Negatif,Negatif,Negatif,Transparansi_Negatif,,klo sdh di beli kok di kembalikan syg pak emang bisa dikembalikan uang nya pak maaf klo salah,526
527,@ailapyu_5,"masa harus viral dulu, baru klarifikasi wkwk",https://www.tiktok.com/@kaltimtoday.co/video/7619557752192683271?is_from_webapp=1&sender_device=pc,https://www.tiktok.com/@kaltimtoday.co/video/7619557752192683271?is_from_webapp=1&sender_device=pc,Responsivitas,Responsivitas,Responsivitas,Responsivitas,Negatif,Negatif,Negatif,Negatif,Responsivitas_Negatif,,masa harus viral dulu baru klarifikasi wkwk,527
528,@fahrriiii_,Mendengar aspirasi masyarakat apa aspirasi presiden 😂😂,https://www.tiktok.com/@kaltimtoday.co/video/7619557752192683271?is_from_webapp=1&sender_device=pc,https://www.tiktok.com/@kaltimtoday.co/video/7619557752192683271?is_from_webapp=1&sender_device=pc,Responsivitas,Responsivitas,Responsivitas,Responsivitas,Negatif,Negatif,Negatif,Negatif,Responsivitas_Negatif,,mendengar aspirasi masyarakat apa aspirasi presiden,528
529,@riumasan,"hah ""kendaraan itu digunakan untuk membangun infrastruktur"" hah wtf? itu kendaraan apa dewa apa jangan optimus",https://www.tiktok.com/@kaltimtoday.co/video/7619557752192683271?is_from_webapp=1&sender_device=pc,https://www.tiktok.com/@kaltimtoday.co/video/7619557752192683271?is_from_webapp=1&sender_device=pc,Responsivitas,Transparansi,Responsivitas,Responsivitas,Negatif,Negatif,Negatif,Negatif,Responsivitas_Negatif,,hah kendaraan itu digunakan untuk membangun infrastruktur hah wtf itu kendaraan apa dewa apa jangan optimus,529
530,@bintangg235,heleh... sudah seperti itu karena lu sudah dikritik sama pak prabowo,https://www.tiktok.com/@kaltimtoday.co/video/7619557752192683271?is_from_webapp=1&sender_device=pc,https://www.tiktok.com/@kaltimtoday.co/video/7619557752192683271?is_from_webapp=1&sender_device=pc,Responsivitas,Responsivitas,Responsivitas,Responsivitas,Negatif,Negatif,Negatif,Negatif,Responsivitas_Negatif,,heleh sudah seperti itu karena lu sudah dikritik sama pak prabowo,530
531,@sembiring_360,"sebelum di kritik? kalau tidak dikritik? lanjut part tu , 🤣 💃",https://www.tiktok.com/@kaltimtoday.co/video/7619557752192683271?is_from_webapp=1&sender_device=pc,https://www.tiktok.com/@kaltimtoday.co/video/7619557752192683271?is_from_webapp=1&sender_device=pc,Responsivitas,Responsivitas,Responsivitas,Responsivitas,Negatif,Negatif,Negatif,Negatif,Responsivitas_Negatif,,sebelum di kritik kalau tidak dikritik lanjut part tu,531
532,@suantoanto6,betul sy pendukungnya pak gubernur mudah mudahan sehat2 selalu dan jgn mau terpancing akan sosmed yg membenci dan iri kepada pak gubernur dan keluarga besarnya,https://www.tiktok.com/@kaltimtoday.co/video/7619557752192683271?is_from_webapp=1&sender_device=pc,https://www.tiktok.com/@kaltimtoday.co/video/7619557752192683271?is_from_webapp=1&sender_device=pc,Akuntabilitas,Akuntabilitas,Akuntabilitas,Akuntabilitas,Positif,Positif,Positif,Positif,Akuntabilitas_Positif,,betul sy pendukungnya pak gubernur mudah mudahan sehat2 selalu dan jgn mau terpancing akan sosmed yg membenci dan iri kepada pak gubernur dan keluarga besarnya,532
533,@izzazul2010,"sdh dibeli berarti, mau dikembalikan kemana gaes?",https://www.tiktok.com/@kaltimtoday.co/video/7619557752192683271?is_from_webapp=1&sender_device=pc,https://www.tiktok.com/@kaltimtoday.co/video/7619557752192683271?is_from_webapp=1&sender_device=pc,Transparansi,Transparansi,Transparansi,Transparansi,Negatif,Negatif,Negatif,Negatif,Transparansi_Negatif,,sdh dibeli berarti mau dikembalikan kemana gaes,533
534,@lissetya0,trus kalau dibalikin gimana uangnya? bida balik brp? kalau dijual jd mobil second...siapa yg mau beli 8.5M..kok gk oake ota. wkt mengajuakannya,https://www.tiktok.com/@kaltimtoday.co/video/7619557752192683271?is_from_webapp=1&sender_device=pc,https://www.tiktok.com/@kaltimtoday.co/video/7619557752192683271?is_from_webapp=1&sender_device=pc,Transparansi,Transparansi,Transparansi,Transparansi,Negatif,Negatif,Negatif,Negatif,Transparansi_Negatif,,trus kalau dibalikin gimana uangnya bida balik brp kalau dijual jd mobil second siapa yg mau beli 8 5m kok gk oake ota wkt mengajuakannya,534
535,@qyuqyuma,Dikembaliin doang ? Berarti idah dibeli ???,https://www.tiktok.com/@kaltimtoday.co/video/7619557752192683271?is_from_webapp=1&sender_device=pc,https://www.tiktok.com/@kaltimtoday.co/video/7619557752192683271?is_from_webapp=1&sender_device=pc,Transparansi,Transparansi,Transparansi,Transparansi,Negatif,Negatif,Negatif,Negatif,Transparansi_Negatif,,dikembaliin doang berarti idah dibeli,535
536,@mcoudrey,Biar tidak seenaknya Pengadaan mobil pejabat harus di atur melalui peraturan menteri atau peraturan presiden,https://www.tiktok.com/@kaltimtoday.co/video/7619557752192683271?is_from_webapp=1&sender_device=pc,https://www.tiktok.com/@kaltimtoday.co/video/7619557752192683271?is_from_webapp=1&sender_device=pc,Efektivitas & Efisiensi,Transparansi,Efektivitas & Efisiensi,Efektivitas & Efisiensi,Negatif,Positif,Negatif,Negatif,Efektivitas & Efisiensi_Negatif,,biar tidak seenaknya pengadaan mobil pejabat harus di atur melalui peraturan menteri atau peraturan presiden,536
537,@cat_biyen,"pejabat² sekarang modelnya tu TES OMBAK kalau ombaknya GK ada, dilanjutkan, kalau ombaknya besar, berhenti",https://www.tiktok.com/@kupaskaltim/video/7612447205139549460?is_from_webapp=1&sender_device=pc,https://www.tiktok.com/@kupaskaltim/video/7612447205139549460?is_from_webapp=1&sender_device=pc,Responsivitas,Responsivitas,Responsivitas,Responsivitas,Negatif,Negatif,Negatif,Negatif,Responsivitas_Negatif,,pejabat sekarang modelnya tu tes ombak kalau ombaknya gk ada dilanjutkan kalau ombaknya besar berhenti,537
538,@hengky_tjong,MOBIL NYA UDH DIBELI DAN SDH ADA DIJAKRTA? TRS GMN CARA BATALKAN NYA PAK???,https://www.tiktok.com/@kupaskaltim/video/7612447205139549460?is_from_webapp=1&sender_device=pc,https://www.tiktok.com/@kupaskaltim/video/7612447205139549460?is_from_webapp=1&sender_device=pc,Transparansi,Transparansi,Transparansi,Transparansi,Negatif,Negatif,Negatif,Negatif,Transparansi_Negatif,,mobil nya udh dibeli dan sdh ada dijakrta trs gmn cara batalkan nya pak,538
539,viedjbozque,Kan di batalkan lewat lisan toh media doang gampang 😁kenyataannya ya tetep d antar ke Kaltim mobilnya 🤭,https://www.tiktok.com/@kupaskaltim/video/7612447205139549460?is_from_webapp=1&sender_device=pc,https://www.tiktok.com/@kupaskaltim/video/7612447205139549460?is_from_webapp=1&sender_device=pc,Transparansi,Transparansi,Transparansi,Transparansi,Negatif,Negatif,Negatif,Negatif,Transparansi_Negatif,,kan di batalkan lewat lisan toh media doang gampang kenyataannya ya tetep d antar ke kaltim mobilnya,539
540,da65914,klo gk di telpon kemendagri mngkn lolos itu barang🤣🤣...dpr sebagai wakil rakyat nyaris gk berfungsi...😂😂,https://www.tiktok.com/@kupaskaltim/video/7612447205139549460?is_from_webapp=1&sender_device=pc,https://www.tiktok.com/@kupaskaltim/video/7612447205139549460?is_from_webapp=1&sender_device=pc,Responsivitas,Responsivitas,Responsivitas,Responsivitas,Negatif,Negatif,Negatif,Negatif,Responsivitas_Negatif,,klo gk di telpon kemendagri mngkn lolos itu barang dpr sebagai wakil rakyat nyaris gk berfungsi,540
541,ikhsaninha2017,wah mantap kalau bgitu sekarang kalau ada pejabat yg neko-neko memang harus d viralin,https://www.tiktok.com/@kupaskaltim/video/7612447205139549460?is_from_webapp=1&sender_device=pc,https://www.tiktok.com/@kupaskaltim/video/7612447205139549460?is_from_webapp=1&sender_device=pc,Responsivitas,Responsivitas,Responsivitas,Responsivitas,Negatif,Positif,Negatif,Negatif,Responsivitas_Negatif,,wah mantap kalau bgitu sekarang kalau ada pejabat yg neko neko memang harus d viralin,541
542,lostqjuhk,"ini ma takut karena Sekjend partai meminta, kemarin2 suara rakyat kaltim katanya demi marwah kaltim, apa Gubernur hanya mau dengar suara partainya atau suara masyarakatnya sendiri😏",https://www.tiktok.com/@kupaskaltim/video/7612447205139549460?is_from_webapp=1&sender_device=pc,https://www.tiktok.com/@kupaskaltim/video/7612447205139549460?is_from_webapp=1&sender_device=pc,Responsivitas,Responsivitas,Akuntabilitas,Responsivitas,Negatif,Negatif,Negatif,Negatif,Responsivitas_Negatif,,ini ma takut karena sekjend partai meminta kemarin2 suara rakyat kaltim katanya demi marwah kaltim apa gubernur hanya mau dengar suara partainya atau suara masyarakatnya sendiri,542
543,juhaedi_suwardi,Na ini baru betul kami warga kaltim pribumi bukan mmbenci pejabat tapi sangat d sayangkan klu lbh mngutamakan kpentingan petinggi dripada kpntingan masyarakat 🙏🏻,https://www.tiktok.com/@kupaskaltim/video/7612447205139549460?is_from_webapp=1&sender_device=pc,https://www.tiktok.com/@kupaskaltim/video/7612447205139549460?is_from_webapp=1&sender_device=pc,Responsivitas,Responsivitas,Responsivitas,Responsivitas,Negatif,Positif,Negatif,Negatif,Responsivitas_Negatif,,na ini baru betul kami warga kaltim pribumi bukan mmbenci pejabat tapi sangat d sayangkan klu lbh mngutamakan kpentingan petinggi dripada kpntingan masyarakat,543
544,asmiahachmad,Alhamdulillah bisa mendengar kritikan dari masyarakat dan mengambil keputusan yg bijak.,https://www.tiktok.com/@kupaskaltim/video/7612447205139549460?is_from_webapp=1&sender_device=pc,https://www.tiktok.com/@kupaskaltim/video/7612447205139549460?is_from_webapp=1&sender_device=pc,Responsivitas,Responsivitas,Responsivitas,Responsivitas,Positif,Positif,Positif,Positif,Responsivitas_Positif,,alhamdulillah bisa mendengar kritikan dari masyarakat dan mengambil keputusan yg bijak,544
545,brigade902,"Ciiiieeeeee.... , setelah terjadi kegaduhan mobilnya dikembalikan.....😁😁😁😁😁",https://www.tiktok.com/@kupaskaltim/video/7612447205139549460?is_from_webapp=1&sender_device=pc,https://www.tiktok.com/@kupaskaltim/video/7612447205139549460?is_from_webapp=1&sender_device=pc,Responsivitas,Responsivitas,Responsivitas,Responsivitas,Negatif,Negatif,Negatif,Negatif,Responsivitas_Negatif,,ciiiieeeeee setelah terjadi kegaduhan mobilnya dikembalikan,545
546,basoacifitriv1,kalo ndak heboh dan viral pasti ente tetap jalan bro,https://www.tiktok.com/@kupaskaltim/video/7612447205139549460?is_from_webapp=1&sender_device=pc,https://www.tiktok.com/@kupaskaltim/video/7612447205139549460?is_from_webapp=1&sender_device=pc,Responsivitas,Responsivitas,Responsivitas,Responsivitas,Negatif,Negatif,Negatif,Negatif,Responsivitas_Negatif,,kalo ndak heboh dan viral pasti ente tetap jalan bro,546
547,moeljikoen,siap pak gubernur..terima kasih atas semua kesadaran..kita hanya manusia biasa yang tak pernah luput dari kesalahan..lanjutkan 2 priode..kami tetap mendukungmu..,https://www.tiktok.com/@kupaskaltim/video/7612447205139549460?is_from_webapp=1&sender_device=pc,https://www.tiktok.com/@kupaskaltim/video/7612447205139549460?is_from_webapp=1&sender_device=pc,Responsivitas,Akuntabilitas,Responsivitas,Responsivitas,Positif,Positif,Positif,Positif,Responsivitas_Positif,,siap pak gubernur terima kasih atas semua kesadaran kita hanya manusia biasa yang tak pernah luput dari kesalahan lanjutkan 2 priode kami tetap mendukungmu,547
548,fransumbas7,klu uda ribut dan ketahuan baru membatalkan dan minta maaf. sebelumnya harus pikir dulu pak,https://www.tiktok.com/@kupaskaltim/video/7612447205139549460?is_from_webapp=1&sender_device=pc,https://www.tiktok.com/@kupaskaltim/video/7612447205139549460?is_from_webapp=1&sender_device=pc,Responsivitas,Responsivitas,Responsivitas,Responsivitas,Negatif,Negatif,Negatif,Negatif,Responsivitas_Negatif,,klu uda ribut dan ketahuan baru membatalkan dan minta maaf sebelumnya harus pikir dulu pak,548
549,kang.suwun.2,knpa sih harus di kritik dulu baru berfikir.....,https://www.tiktok.com/@kupaskaltim/video/7612447205139549460?is_from_webapp=1&sender_device=pc,https://www.tiktok.com/@kupaskaltim/video/7612447205139549460?is_from_webapp=1&sender_device=pc,Responsivitas,Responsivitas,Responsivitas,Responsivitas,Negatif,Negatif,Negatif,Negatif,Responsivitas_Negatif,,knpa sih harus di kritik dulu baru berfikir,549
550,elishaaa04,kalau g viral g batal,https://www.tiktok.com/@kupaskaltim/video/7612447205139549460?is_from_webapp=1&sender_device=pc,https://www.tiktok.com/@kupaskaltim/video/7612447205139549460?is_from_webapp=1&sender_device=pc,Responsivitas,Responsivitas,Responsivitas,Responsivitas,Negatif,Negatif,Negatif,Negatif,Responsivitas_Negatif,,kalau g viral g batal,550
551,tauhidhizam,"lahhh nnti di viral in kah pak, Bru sadar keresahan masyarakat di bwh",https://www.tiktok.com/@kupaskaltim/video/7612447205139549460?is_from_webapp=1&sender_device=pc,https://www.tiktok.com/@kupaskaltim/video/7612447205139549460?is_from_webapp=1&sender_device=pc,Responsivitas,Responsivitas,Responsivitas,Responsivitas,Negatif,Negatif,Negatif,Negatif,Responsivitas_Negatif,,lahhh nnti di viral in kah pak bru sadar keresahan masyarakat di bwh,551
552,burhan.riordan,SDH PIRAL BARU DI BATALKAN HEDEE.,https://www.tiktok.com/@kupaskaltim/video/7612447205139549460?is_from_webapp=1&sender_device=pc,https://www.tiktok.com/@kupaskaltim/video/7612447205139549460?is_from_webapp=1&sender_device=pc,Responsivitas,Responsivitas,Responsivitas,Responsivitas,Negatif,Negatif,Negatif,Negatif,Responsivitas_Negatif,,sdh piral baru di batalkan hedee,552
553,bari6820,gitu aja kalau rakyat gk teriak2 gk mikir,https://www.tiktok.com/@kupaskaltim/video/7612447205139549460?is_from_webapp=1&sender_device=pc,https://www.tiktok.com/@kupaskaltim/video/7612447205139549460?is_from_webapp=1&sender_device=pc,Responsivitas,Responsivitas,Responsivitas,Responsivitas,Negatif,Negatif,Negatif,Negatif,Responsivitas_Negatif,,gitu aja kalau rakyat gk teriak2 gk mikir,553
554,campione37,"viral dulu baru ada pernyataan membatalkan mobil dinas 8,5 M🤣🤣🤣🤣",https://www.tiktok.com/@kupaskaltim/video/7612447205139549460?is_from_webapp=1&sender_device=pc,https://www.tiktok.com/@kupaskaltim/video/7612447205139549460?is_from_webapp=1&sender_device=pc,Responsivitas,Responsivitas,Responsivitas,Responsivitas,Negatif,Negatif,Negatif,Negatif,Responsivitas_Negatif,,viral dulu baru ada pernyataan membatalkan mobil dinas 8 5 m,554
555,cellae77,giliran ga jadi beli mobil berita di up... kemaren2 pas mau beli mobil pake dana APBD beritanya nda ad yg mau up🤦🤦,https://www.tiktok.com/@kupaskaltim/video/7612447205139549460?is_from_webapp=1&sender_device=pc,https://www.tiktok.com/@kupaskaltim/video/7612447205139549460?is_from_webapp=1&sender_device=pc,Transparansi,Transparansi,Transparansi,Transparansi,Negatif,Negatif,Negatif,Negatif,Transparansi_Negatif,,giliran ga jadi beli mobil berita di up kemaren2 pas mau beli mobil pake dana apbd beritanya nda ad yg mau up,555
556,katarinawidodo,"Klo dah di beli,mobilnya untuk apa dan utk siapa pak, klo di jual ya rugi dong, trs kerugiannya siapa yg nanggung",https://www.tiktok.com/@kupaskaltim/video/7612447205139549460?is_from_webapp=1&sender_device=pc,https://www.tiktok.com/@kupaskaltim/video/7612447205139549460?is_from_webapp=1&sender_device=pc,Transparansi,Transparansi,Transparansi,Transparansi,Negatif,Negatif,Negatif,Negatif,Transparansi_Negatif,,klo dah di beli mobilnya untuk apa dan utk siapa pak klo di jual ya rugi dong trs kerugiannya siapa yg nanggung,556
557,leobanyuwangi72,"emang bisa di balikin kalau udah di beli,di balikin dengan harga 2,3m,rugi dong",https://www.tiktok.com/@kupaskaltim/video/7612447205139549460?is_from_webapp=1&sender_device=pc,https://www.tiktok.com/@kupaskaltim/video/7612447205139549460?is_from_webapp=1&sender_device=pc,Transparansi,Transparansi,Transparansi,Transparansi,Negatif,Negatif,Negatif,Negatif,Transparansi_Negatif,,emang bisa di balikin kalau udah di beli di balikin dengan harga 2 3m rugi dong,557
558,petot7360,"gitu dong, kalo ga ada kritik akan ttp dilanjutin... 🤣",https://www.tiktok.com/@kupaskaltim/video/7612447205139549460?is_from_webapp=1&sender_device=pc,https://www.tiktok.com/@kupaskaltim/video/7612447205139549460?is_from_webapp=1&sender_device=pc,Responsivitas,Responsivitas,Responsivitas,Responsivitas,Negatif,Negatif,Negatif,Negatif,Responsivitas_Negatif,,gitu dong kalo ga ada kritik akan ttp dilanjutin,558
559,reskiyantofajar,"apa iya...???🤣🤣🤣 aneh...🤣🤣🤣 mobil baru atau bekas...bisa dibalikin dan uangnya dikembalikan 8,5 M...100% ga percaya🤣🤣🤣",https://www.tiktok.com/@kompastv_jateng/video/7613321888445615381?q=pengembalian%20mobil%20dinas%20gubernur%20kaltim&t=1782020326231,https://www.tiktok.com/@kompastv_jateng/video/7613321888445615381?q=pengembalian%20mobil%20dinas%20gubernur%20kaltim&t=1782020326231,Transparansi,Transparansi,Transparansi,Transparansi,Negatif,Negatif,Negatif,Negatif,Transparansi_Negatif,,apa iya aneh mobil baru atau bekas bisa dibalikin dan uangnya dikembalikan 8 5 m 100 ga percaya,559
560,daydayat093,MANA BISA DIKEMBALIKAN. ITU SDH JADI BARANG SEKEN.,https://www.tiktok.com/@kompastv_jateng/video/7613321888445615381?q=pengembalian%20mobil%20dinas%20gubernur%20kaltim&t=1782020326232,https://www.tiktok.com/@kompastv_jateng/video/7613321888445615381?q=pengembalian%20mobil%20dinas%20gubernur%20kaltim&t=1782020326232,Transparansi,Transparansi,Transparansi,Transparansi,Negatif,Negatif,Negatif,Negatif,Transparansi_Negatif,,mana bisa dikembalikan itu sdh jadi barang seken,560
561,darto.juragan.som,"mobil udh terlanjur di beli, klopun dikembalikan ke dealer nya pasti hrg nya tinggal 5 M an 🤣",https://www.tiktok.com/@kompastv_jateng/video/7613321888445615381?q=pengembalian%20mobil%20dinas%20gubernur%20kaltim&t=1782020326233,https://www.tiktok.com/@kompastv_jateng/video/7613321888445615381?q=pengembalian%20mobil%20dinas%20gubernur%20kaltim&t=1782020326233,Transparansi,Transparansi,Transparansi,Transparansi,Negatif,Negatif,Negatif,Negatif,Transparansi_Negatif,,mobil udh terlanjur di beli klopun dikembalikan ke dealer nya pasti hrg nya tinggal 5 m an,561
562,fitriwahyuni029,mobil dikembalikan uang full .berrti uangnya ada.kalo sampe jalannya GK diperbaiki harus dipertanyakan buat apa dan kemna uangnya,https://www.tiktok.com/@kompastv_jateng/video/7613321888445615381?q=pengembalian%20mobil%20dinas%20gubernur%20kaltim&t=1782020326234,https://www.tiktok.com/@kompastv_jateng/video/7613321888445615381?q=pengembalian%20mobil%20dinas%20gubernur%20kaltim&t=1782020326234,Transparansi,Transparansi,Transparansi,Transparansi,Negatif,Negatif,Negatif,Negatif,Transparansi_Negatif,,mobil dikembalikan uang full berrti uangnya ada kalo sampe jalannya gk diperbaiki harus dipertanyakan buat apa dan kemna uangnya,562
563,yong.ik,jd sdh dikembalikan mobil 8.5M... mobil itu mau diapain? ga jadi duit juga... tetap rugi lah,https://www.tiktok.com/@kompastv_jateng/video/7613321888445615381?q=pengembalian%20mobil%20dinas%20gubernur%20kaltim&t=1782020326235,https://www.tiktok.com/@kompastv_jateng/video/7613321888445615381?q=pengembalian%20mobil%20dinas%20gubernur%20kaltim&t=1782020326235,Transparansi,Transparansi,Transparansi,Transparansi,Negatif,Negatif,Negatif,Negatif,Transparansi_Negatif,,jd sdh dikembalikan mobil 8 5m mobil itu mau diapain ga jadi duit juga tetap rugi lah,563
564,ucup_curut02,"kira² penyedia jasa ngembaliin utuh apa di kurangi, klo utuh apa ngk rugi??",https://www.tiktok.com/@kompastv_jateng/video/7613321888445615381?q=pengembalian%20mobil%20dinas%20gubernur%20kaltim&t=1782020326236,https://www.tiktok.com/@kompastv_jateng/video/7613321888445615381?q=pengembalian%20mobil%20dinas%20gubernur%20kaltim&t=1782020326236,Transparansi,Transparansi,Transparansi,Transparansi,Negatif,Negatif,Negatif,Negatif,Transparansi_Negatif,,kira penyedia jasa ngembaliin utuh apa di kurangi klo utuh apa ngk rugi,564
565,zefanonathan,sesudah pengembalian langsung di cek aja pemasukannya,https://www.tiktok.com/@kompastv_jateng/video/7613321888445615381?q=pengembalian%20mobil%20dinas%20gubernur%20kaltim&t=1782020326237,https://www.tiktok.com/@kompastv_jateng/video/7613321888445615381?q=pengembalian%20mobil%20dinas%20gubernur%20kaltim&t=1782020326237,Transparansi,Transparansi,Transparansi,Transparansi,Negatif,Negatif,Negatif,Negatif,Transparansi_Negatif,,sesudah pengembalian langsung di cek aja pemasukannya,565
566,ormajem,gak mungkin duitnya dikembalikan 100% sudah pasti kerugian sudah,https://www.tiktok.com/@kompastv_jateng/video/7613321888445615381?q=pengembalian%20mobil%20dinas%20gubernur%20kaltim&t=1782020326238,https://www.tiktok.com/@kompastv_jateng/video/7613321888445615381?q=pengembalian%20mobil%20dinas%20gubernur%20kaltim&t=1782020326238,Transparansi,Transparansi,Transparansi,Transparansi,Negatif,Negatif,Negatif,Negatif,Transparansi_Negatif,,gak mungkin duitnya dikembalikan 100 sudah pasti kerugian sudah,566
567,luisstevan,pantau trus msarakat kaltim...apa betul di kembalian👍👍👍😅😅😅😅,https://www.tiktok.com/@kompastv_jateng/video/7613321888445615381?q=pengembalian%20mobil%20dinas%20gubernur%20kaltim&t=1782020326239,https://www.tiktok.com/@kompastv_jateng/video/7613321888445615381?q=pengembalian%20mobil%20dinas%20gubernur%20kaltim&t=1782020326239,Transparansi,Responsivitas,Transparansi,Transparansi,Negatif,Negatif,Negatif,Negatif,Transparansi_Negatif,,pantau trus msarakat kaltim apa betul di kembalian,567
568,dedeilham3236,giliran dh viral baru di kembalikan kmren2 kmna aja masa hrs viral dlu,https://www.tiktok.com/@kompastv_jateng/video/7613321888445615381?q=pengembalian%20mobil%20dinas%20gubernur%20kaltim&t=1782020326240,https://www.tiktok.com/@kompastv_jateng/video/7613321888445615381?q=pengembalian%20mobil%20dinas%20gubernur%20kaltim&t=1782020326240,Responsivitas,Responsivitas,Responsivitas,Responsivitas,Negatif,Negatif,Negatif,Negatif,Responsivitas_Negatif,,giliran dh viral baru di kembalikan kmren2 kmna aja masa hrs viral dlu,568
569,mas_syailen,"yang di krmbalikan warna item, yang lalu lalang warna putih 😭😭",https://www.tiktok.com/@beritakukar/video/7613011166838738196?q=respon%20mobil%20dinas%20gubernur%20kaltim&t=1782035858580,https://www.tiktok.com/@beritakukar/video/7613011166838738196?q=respon%20mobil%20dinas%20gubernur%20kaltim&t=1782035858580,Transparansi,Transparansi,Transparansi,Transparansi,Negatif,Negatif,Negatif,Negatif,Transparansi_Negatif,,yang di krmbalikan warna item yang lalu lalang warna putih,569
570,intoniswan,"itu mobil sudah jadi aset daerah, kalau dikembalikan itu artinya penghapusan aset, menghapusnya haru minta persetujuan dprd kaltim dan kemendagri, untuk harganya ditaksir bpk.",https://www.tiktok.com/@media_kaltim/video/7614587024414264596?q=pengembalian%20mobil%20dinas%20gubernur%20kaltim&t=1782036551570,https://www.tiktok.com/@media_kaltim/video/7614587024414264596?q=pengembalian%20mobil%20dinas%20gubernur%20kaltim&t=1782036551570,Transparansi,Transparansi,Transparansi,Transparansi,Positif,Negatif,Positif,Positif,Transparansi_Positif,,itu mobil sudah jadi aset daerah kalau dikembalikan itu artinya penghapusan aset menghapusnya haru minta persetujuan dprd kaltim dan kemendagri untuk harganya ditaksir bpk,570
571,julakuchup99,"Tau Kah Mekanisme Pengbalian Mobil Gimana? Mobil Udah Masuk Barang Second Jadi Harus Melalui Lelang Terbuka, Bukan Asal Main Balikin Aja Dikira Beli Baju Kah Bisa Dibalikin Semudah Itu",https://www.tiktok.com/@media_kaltim/video/7614587024414264596?q=pengembalian%20mobil%20dinas%20gubernur%20kaltim&t=1782036551570,https://www.tiktok.com/@media_kaltim/video/7614587024414264596?q=pengembalian%20mobil%20dinas%20gubernur%20kaltim&t=1782036551570,Transparansi,Transparansi,Transparansi,Transparansi,Negatif,Negatif,Negatif,Negatif,Transparansi_Negatif,,tau kah mekanisme pengbalian mobil gimana mobil udah masuk barang second jadi harus melalui lelang terbuka bukan asal main balikin aja dikira beli baju kah bisa dibalikin semudah itu,571
572,de_bogel86,Harus transparant tunjukan bukti pembatalan dan transparasi anggaran sebelum kepakai dan setelah kepakai itu sesuai nominalnya gk,https://www.tiktok.com/@media_kaltim/video/7614587024414264596?q=pengembalian%20mobil%20dinas%20gubernur%20kaltim&t=1782036551571,https://www.tiktok.com/@media_kaltim/video/7614587024414264596?q=pengembalian%20mobil%20dinas%20gubernur%20kaltim&t=1782036551571,Transparansi,Transparansi,Transparansi,Transparansi,Negatif,Negatif,Negatif,Negatif,Transparansi_Negatif,,harus transparant tunjukan bukti pembatalan dan transparasi anggaran sebelum kepakai dan setelah kepakai itu sesuai nominalnya gk,572
573,irvan1984l,jangan cmn ngomong doang bu sekda kaltim kasi liat buktinya pengembalian k publik,https://www.tiktok.com/@media_kaltim/video/7614587024414264596?q=pengembalian%20mobil%20dinas%20gubernur%20kaltim&t=1782036551571,https://www.tiktok.com/@media_kaltim/video/7614587024414264596?q=pengembalian%20mobil%20dinas%20gubernur%20kaltim&t=1782036551571,Transparansi,Transparansi,Transparansi,Transparansi,Negatif,Negatif,Negatif,Negatif,Transparansi_Negatif,,jangan cmn ngomong doang bu sekda kaltim kasi liat buktinya pengembalian k publik,573
574,h_71sty87,"di kembalikan kemana,, ke dialer,, itu yg harus di pertegas, atau di kembalikan ke pemda,,",https://www.tiktok.com/@ejen_randa92/photo/7613594360076274951?q=pengembalian%20mobil%20dinas%20gubernur%20kaltim&t=1782036551570,https://www.tiktok.com/@ejen_randa92/photo/7613594360076274951?q=pengembalian%20mobil%20dinas%20gubernur%20kaltim&t=1782036551570,Transparansi,Transparansi,Transparansi,Transparansi,Negatif,Negatif,Negatif,Negatif,Transparansi_Negatif,,di kembalikan kemana ke dialer itu yg harus di pertegas atau di kembalikan ke pemda,574
575,agungunardiansya8,emang bisa mobil yg sudah dibeli bisa dikembalikan wkkwkwkw😂,https://www.tiktok.com/@ejen_randa92/photo/7613594360076274951?q=pengembalian%20mobil%20dinas%20gubernur%20kaltim&t=1782036551570,https://www.tiktok.com/@ejen_randa92/photo/7613594360076274951?q=pengembalian%20mobil%20dinas%20gubernur%20kaltim&t=1782036551570,Transparansi,Transparansi,Transparansi,Transparansi,Negatif,Negatif,Negatif,Negatif,Transparansi_Negatif,,emang bisa mobil yg sudah dibeli bisa dikembalikan wkkwkwkw,575
576,putracakrawala731,"Ya walaupun bisa dikembalikan, harganya sdh anjlok banget,,🤣🤣 gk mungkin uang anggarannya bisa kembali 100%,,!!!😆😆🤣",https://www.tiktok.com/@infobenua/video/7612505722160549141?q=kembalikan%20mobil%20dinas%20kaltim&t=1782037779489,https://www.tiktok.com/@infobenua/video/7612505722160549141?q=kembalikan%20mobil%20dinas%20kaltim&t=1782037779489,Transparansi,Transparansi,Transparansi,Transparansi,Negatif,Negatif,Negatif,Negatif,Transparansi_Negatif,,ya walaupun bisa dikembalikan harganya sdh anjlok banget gk mungkin uang anggarannya bisa kembali 100,576
577,uwenk74,nah kalo di kembalikan anggaran jd sisa berapa coba ngak mungkin donk barang sdh keluar dari penjual trus di kembalikan dengan harga yang sama,https://www.tiktok.com/@infobenua/video/7612505722160549141?q=kembalikan%20mobil%20dinas%20kaltim&t=1782037779489,https://www.tiktok.com/@infobenua/video/7612505722160549141?q=kembalikan%20mobil%20dinas%20kaltim&t=1782037779489,Transparansi,Transparansi,Transparansi,Transparansi,Negatif,Negatif,Negatif,Negatif,Transparansi_Negatif,,nah kalo di kembalikan anggaran jd sisa berapa coba ngak mungkin donk barang sdh keluar dari penjual trus di kembalikan dengan harga yang sama,577
578,barikade007,no viral.. no action,https://www.tiktok.com/@infobenua/video/7612505722160549141?q=kembalikan%20mobil%20dinas%20kaltim&t=1782037779489,https://www.tiktok.com/@infobenua/video/7612505722160549141?q=kembalikan%20mobil%20dinas%20kaltim&t=1782037779489,Responsivitas,Responsivitas,Responsivitas,Responsivitas,Negatif,Negatif,Negatif,Negatif,Responsivitas_Negatif,,no viral no action,578
579,widodo.budi.santo67,"dikembalikan karena ditegur ditekan mendagri, bukan karena desakan dari masyarakat",https://www.tiktok.com/@infobenua/video/7612505722160549141?q=kembalikan%20mobil%20dinas%20kaltim&t=1782037779489,https://www.tiktok.com/@infobenua/video/7612505722160549141?q=kembalikan%20mobil%20dinas%20kaltim&t=1782037779489,Responsivitas,Responsivitas,Responsivitas,Responsivitas,Negatif,Negatif,Negatif,Negatif,Responsivitas_Negatif,,dikembalikan karena ditegur ditekan mendagri bukan karena desakan dari masyarakat,579
580,dayak_81,kalau tidak viral ga bakalan dikembalikan...,https://www.tiktok.com/@infobenua/video/7612505722160549141?q=kembalikan%20mobil%20dinas%20kaltim&t=1782037779489,https://www.tiktok.com/@infobenua/video/7612505722160549141?q=kembalikan%20mobil%20dinas%20kaltim&t=1782037779489,Responsivitas,Responsivitas,Responsivitas,Responsivitas,Negatif,Negatif,Negatif,Negatif,Responsivitas_Negatif,,kalau tidak viral ga bakalan dikembalikan,580
581,lintang.t.y,"harus bngt nunggu rame dlu , baru di balikin😅🤣",https://www.tiktok.com/@infobenua/video/7612505722160549141?q=kembalikan%20mobil%20dinas%20kaltim&t=1782037779489,https://www.tiktok.com/@infobenua/video/7612505722160549141?q=kembalikan%20mobil%20dinas%20kaltim&t=1782037779489,Responsivitas,Responsivitas,Responsivitas,Responsivitas,Negatif,Negatif,Negatif,Negatif,Responsivitas_Negatif,,harus bngt nunggu rame dlu baru di balikin,581
582,ade_ade89,percaya g mobil nya di kembalikan,https://www.tiktok.com/@infobenua/video/7612505722160549141?q=kembalikan%20mobil%20dinas%20kaltim&t=1782037779489,https://www.tiktok.com/@infobenua/video/7612505722160549141?q=kembalikan%20mobil%20dinas%20kaltim&t=1782037779489,Transparansi,Transparansi,Transparansi,Transparansi,Negatif,Negatif,Negatif,Negatif,Transparansi_Negatif,,percaya g mobil nya di kembalikan,582
583,vwxyz230,‘Mengembalikan’ nih maksudnya gimanee brook,https://www.tiktok.com/@infobenua/video/7612505722160549141?q=kembalikan%20mobil%20dinas%20kaltim&t=1782037779489,https://www.tiktok.com/@infobenua/video/7612505722160549141?q=kembalikan%20mobil%20dinas%20kaltim&t=1782037779489,Transparansi,Transparansi,Transparansi,Transparansi,Negatif,Negatif,Negatif,Negatif,Transparansi_Negatif,,mengembalikan nih maksudnya gimanee brook,583
584,aisyahfahra991,uangnya bisa utuh kembali g? jgn2 mobil nganggur dana terlanjur keluar,https://www.tiktok.com/@infobenua/video/7612505722160549141?q=kembalikan%20mobil%20dinas%20kaltim&t=1782037779489,https://www.tiktok.com/@infobenua/video/7612505722160549141?q=kembalikan%20mobil%20dinas%20kaltim&t=1782037779489,Transparansi,Transparansi,Transparansi,Transparansi,Negatif,Negatif,Negatif,Negatif,Transparansi_Negatif,,uangnya bisa utuh kembali g jgn2 mobil nganggur dana terlanjur keluar,584
585,abdslm17,setelah rame br di kembalikan,https://www.tiktok.com/@infobenua/video/7612505722160549141?q=kembalikan%20mobil%20dinas%20kaltim&t=1782037779489,https://www.tiktok.com/@infobenua/video/7612505722160549141?q=kembalikan%20mobil%20dinas%20kaltim&t=1782037779489,Responsivitas,Responsivitas,Responsivitas,Responsivitas,Negatif,Negatif,Negatif,Negatif,Responsivitas_Negatif,,setelah rame br di kembalikan,585
586,ferrisusanto1976,viral... jd dikembalikan.. 😂😂😂,https://www.tiktok.com/@infobenua/video/7612505722160549141?q=kembalikan%20mobil%20dinas%20kaltim&t=1782037779489,https://www.tiktok.com/@infobenua/video/7612505722160549141?q=kembalikan%20mobil%20dinas%20kaltim&t=1782037779489,Responsivitas,Responsivitas,Responsivitas,Responsivitas,Negatif,Negatif,Negatif,Negatif,Responsivitas_Negatif,,viral jd dikembalikan,586
587,cahbagus_555,NUNGGU VIRAL!,https://www.tiktok.com/@infobenua/video/7612505722160549141?q=kembalikan%20mobil%20dinas%20kaltim&t=1782037779489,https://www.tiktok.com/@infobenua/video/7612505722160549141?q=kembalikan%20mobil%20dinas%20kaltim&t=1782037779489,Responsivitas,Responsivitas,Responsivitas,Responsivitas,Negatif,Negatif,Negatif,Negatif,Responsivitas_Negatif,,nunggu viral,587
588,anisipa85,"yakin d kmblikn?? omong doang,g liat in dan g ada buktix klo mbilx d kmblikn",https://www.tiktok.com/@infobenua/video/7612505722160549141?q=kembalikan%20mobil%20dinas%20kaltim&t=1782037779489,https://www.tiktok.com/@infobenua/video/7612505722160549141?q=kembalikan%20mobil%20dinas%20kaltim&t=1782037779489,Transparansi,Transparansi,Transparansi,Transparansi,Negatif,Negatif,Negatif,Negatif,Transparansi_Negatif,,yakin d kmblikn omong doang g liat in dan g ada buktix klo mbilx d kmblikn,588
589,agust5758,"mobil sdh di beli dikembalikan?, pertanyaan-nya, apakah dealer mobil tsbt mau? kan terhitung 2nd?",https://www.tiktok.com/@kupaskaltim/photo/7612307523311340821?q=kembalikan%20mobil%20dinas%20kaltim&t=1782037779489,https://www.tiktok.com/@kupaskaltim/photo/7612307523311340821?q=kembalikan%20mobil%20dinas%20kaltim&t=1782037779489,Transparansi,Transparansi,Transparansi,Transparansi,Negatif,Negatif,Negatif,Negatif,Transparansi_Negatif,,mobil sdh di beli dikembalikan pertanyaan nya apakah dealer mobil tsbt mau kan terhitung 2nd,589
590,riezha994,"Mobilnya dikembalikan trus duitnya? Emang mau dealer main retur gitu aja, lawak 😂😂😂",https://www.tiktok.com/@kupaskaltim/photo/7612307523311340821?q=kembalikan%20mobil%20dinas%20kaltim&t=1782037779489,https://www.tiktok.com/@kupaskaltim/photo/7612307523311340821?q=kembalikan%20mobil%20dinas%20kaltim&t=1782037779489,Transparansi,Transparansi,Transparansi,Transparansi,Negatif,Negatif,Negatif,Negatif,Transparansi_Negatif,,mobilnya dikembalikan trus duitnya emang mau dealer main retur gitu aja lawak,590
591,kusnanto7812,itu karna viral aja,https://www.tiktok.com/@kupaskaltim/photo/7612307523311340821?q=kembalikan%20mobil%20dinas%20kaltim&t=1782037779489,https://www.tiktok.com/@kupaskaltim/photo/7612307523311340821?q=kembalikan%20mobil%20dinas%20kaltim&t=1782037779489,Responsivitas,Responsivitas,Responsivitas,Responsivitas,Negatif,Negatif,Negatif,Negatif,Responsivitas_Negatif,,itu karna viral aja,591
592,suryanto_smd,karna rame anjay makanya baru di respon hahaha,https://www.tiktok.com/@kupaskaltim/photo/7612307523311340821?q=kembalikan%20mobil%20dinas%20kaltim&t=1782037779489,https://www.tiktok.com/@kupaskaltim/photo/7612307523311340821?q=kembalikan%20mobil%20dinas%20kaltim&t=1782037779489,Responsivitas,Responsivitas,Responsivitas,Responsivitas,Negatif,Negatif,Negatif,Negatif,Responsivitas_Negatif,,karna rame anjay makanya baru di respon hahaha,592
593,@nurul_fg,"Bukan klo mobil dinas platnya merah ya😁, kok ini putih 😬🫰🏻 semangat ya pak gubernurku🫶🏻 2-27",https://www.tiktok.com/@arteranews.id/video/7611460664074390804,https://www.tiktok.com/@arteranews.id/video/7611460664074390804,Transparansi,Transparansi,Transparansi,Transparansi,Positif,Negatif,Negatif,Negatif,Transparansi_Negatif,,bukan klo mobil dinas platnya merah ya kok ini putih semangat ya pak gubernurku 2 27,593
594,@hsisijsu,kompak naik mobil Defender😂😂 2-28,https://www.tiktok.com/@arteranews.id/video/7611460664074390804,https://www.tiktok.com/@arteranews.id/video/7611460664074390804,Efektivitas & Efisiensi,Efektivitas & Efisiensi,Efektivitas & Efisiensi,Efektivitas & Efisiensi,Negatif,Negatif,Negatif,Negatif,Efektivitas & Efisiensi_Negatif,,kompak naik mobil defender 2 28,594
595,@bayzz_190,mobil butut 4-23,https://www.tiktok.com/@arteranews.id/video/7611460664074390804,https://www.tiktok.com/@arteranews.id/video/7611460664074390804,Efektivitas & Efisiensi,Efektivitas & Efisiensi,Efektivitas & Efisiensi,Efektivitas & Efisiensi,Negatif,Negatif,Negatif,Negatif,Efektivitas & Efisiensi_Negatif,,mobil butut 4 23,595
596,@lukasusman01,Menyala Gubernur Kaltim 🤣.... 3-5,https://www.tiktok.com/@arteranews.id/video/7611460664074390804,https://www.tiktok.com/@arteranews.id/video/7611460664074390804,Efektivitas & Efisiensi,Efektivitas & Efisiensi,Akuntabilitas,Efektivitas & Efisiensi,Positif,Negatif,Negatif,Negatif,Efektivitas & Efisiensi_Negatif,,menyala gubernur kaltim 3 5,596
597,@sunride_21,"Harusnya rasain jadi warga, naik motor lewat situ, bukan duduk manis pake sopir 2-28",https://www.tiktok.com/@arteranews.id/video/7611460664074390804,https://www.tiktok.com/@arteranews.id/video/7611460664074390804,Akuntabilitas,Akuntabilitas,Akuntabilitas,Akuntabilitas,Negatif,Negatif,Negatif,Negatif,Akuntabilitas_Negatif,,harusnya rasain jadi warga naik motor lewat situ bukan duduk manis pake sopir 2 28,597
598,@ujngar01_,"benerin jalan lah kocak malah beli mobil baru,agak Laen emng pemain satu ini 2-28",https://www.tiktok.com/@arteranews.id/video/7611460664074390804,https://www.tiktok.com/@arteranews.id/video/7611460664074390804,Efektivitas & Efisiensi,Efektivitas & Efisiensi,Efektivitas & Efisiensi,Efektivitas & Efisiensi,Negatif,Negatif,Negatif,Negatif,Efektivitas & Efisiensi_Negatif,,benerin jalan lah kocak malah beli mobil baru agak laen emng pemain satu ini 2 28,598
599,@catenzzo_store,indo ga akan maju kalo punya pemimpin seperti ini 3-1,https://www.tiktok.com/@detik.lebak/video/7612096372824608008,https://www.tiktok.com/@detik.lebak/video/7612096372824608008,Akuntabilitas,Akuntabilitas,Akuntabilitas,Akuntabilitas,Negatif,Negatif,Negatif,Negatif,Akuntabilitas_Negatif,,indo ga akan maju kalo punya pemimpin seperti ini 3 1,599
600,@kattathey,orang kaltim mana nih kok diem aja🤣 3-1,https://www.tiktok.com/@detik.lebak/video/7612096372824608008,https://www.tiktok.com/@detik.lebak/video/7612096372824608008,Responsivitas,Responsivitas,Responsivitas,Responsivitas,Negatif,Negatif,Negatif,Negatif,Responsivitas_Negatif,,orang kaltim mana nih kok diem aja 3 1,600
601,@aldo68307,pak presiden Prabowo Subianto kenapa diam saja 3-11,https://www.tiktok.com/@detik.lebak/video/7612096372824608008,https://www.tiktok.com/@detik.lebak/video/7612096372824608008,Responsivitas,Responsivitas,Responsivitas,Responsivitas,Negatif,Negatif,Negatif,Negatif,Responsivitas_Negatif,,pak presiden prabowo subianto kenapa diam saja 3 11,601
602,@alvin14572,gubernur kaltim utusan dari partai mana......? 3-1,https://www.tiktok.com/@detik.lebak/video/7612096372824608008,https://www.tiktok.com/@detik.lebak/video/7612096372824608008,Akuntabilitas,Akuntabilitas,Akuntabilitas,Akuntabilitas,Negatif,Negatif,Negatif,Negatif,Akuntabilitas_Negatif,,gubernur kaltim utusan dari partai mana 3 1,602
603,@fanz6953,kacauu udh viral aja nih gubernur kebanggan masyarakat hasil 200rb wkwkwk,https://www.tiktok.com/@detik.lebak/video/7612096372824608008,https://www.tiktok.com/@detik.lebak/video/7612096372824608008,Akuntabilitas,Responsivitas,Akuntabilitas,Akuntabilitas,Negatif,Negatif,Negatif,Negatif,Akuntabilitas_Negatif,,kacauu udh viral aja nih gubernur kebanggan masyarakat hasil 200rb wkwkwk,603
604,@jodhashaim18,warga nya....bayar pajak .cuma buat d nikmati pejabat nya. 3-2,https://www.tiktok.com/@detik.lebak/video/7612096372824608008,https://www.tiktok.com/@detik.lebak/video/7612096372824608008,Akuntabilitas,Akuntabilitas,Akuntabilitas,Akuntabilitas,Negatif,Negatif,Negatif,Negatif,Akuntabilitas_Negatif,,warga nya bayar pajak cuma buat d nikmati pejabat nya 3 2,604
605,@pawonbundnay,"Mobil 8 M, yg naik ala kadarnya😂 3-26",https://www.tiktok.com/@detik.lebak/video/7612096372824608008,https://www.tiktok.com/@detik.lebak/video/7612096372824608008,Efektivitas & Efisiensi,Efektivitas & Efisiensi,Akuntabilitas,Efektivitas & Efisiensi,Negatif,Negatif,Negatif,Negatif,Efektivitas & Efisiensi_Negatif,,mobil 8 m yg naik ala kadarnya 3 26,605
606,@aecs789,"daripada beli tuh mobil mending benerin tuh jalan, kalo mau beli pun lu beli Ford raptor 1,5m dah bisa terabas² medan itu🗿 3-21",https://www.tiktok.com/@suka.otom0tif/video/7612478466214104328,https://www.tiktok.com/@suka.otom0tif/video/7612478466214104328,Efektivitas & Efisiensi,Efektivitas & Efisiensi,Akuntabilitas,Efektivitas & Efisiensi,Negatif,Negatif,Negatif,Negatif,Efektivitas & Efisiensi_Negatif,,daripada beli tuh mobil mending benerin tuh jalan kalo mau beli pun lu beli ford raptor 1 5m dah bisa terabas medan itu 3 21,606
607,@deionevan,rakyat kalimantan timurnya diem2 aja. stuju kali 3-3,https://www.tiktok.com/@suka.otom0tif/video/7612478466214104328,https://www.tiktok.com/@suka.otom0tif/video/7612478466214104328,Responsivitas,Responsivitas,Responsivitas,Responsivitas,Negatif,Negatif,Negatif,Negatif,Responsivitas_Negatif,,rakyat kalimantan timurnya diem2 aja stuju kali 3 3,607
608,@jumadimadie5,8.5 M mah jang jalan bae di bemeran pak 3-3,https://www.tiktok.com/@suka.otom0tif/video/7612478466214104328,https://www.tiktok.com/@suka.otom0tif/video/7612478466214104328,Efektivitas & Efisiensi,Efektivitas & Efisiensi,Efektivitas & Efisiensi,Efektivitas & Efisiensi,Negatif,Negatif,Negatif,Negatif,Efektivitas & Efisiensi_Negatif,,8 5 m mah jang jalan bae di bemeran pak 3 3,608
609,@azim.aiman0,jalannya Cok yg di benerin bukan kendaraannya lol 3-22,https://www.tiktok.com/@suka.otom0tif/video/7612478466214104328,https://www.tiktok.com/@suka.otom0tif/video/7612478466214104328,Efektivitas & Efisiensi,Efektivitas & Efisiensi,Efektivitas & Efisiensi,Efektivitas & Efisiensi,Negatif,Negatif,Negatif,Negatif,Efektivitas & Efisiensi_Negatif,,jalannya cok yg di benerin bukan kendaraannya lol 3 22,609
610,@sarusangelobilist,700 jt jg udh mahal. pak 3-22,https://www.tiktok.com/@beritasatuofficial/video/7619163357022997780,https://www.tiktok.com/@beritasatuofficial/video/7619163357022997780,Efektivitas & Efisiensi,Efektivitas & Efisiensi,Efektivitas & Efisiensi,Efektivitas & Efisiensi,Negatif,Negatif,Negatif,Negatif,Efektivitas & Efisiensi_Negatif,,700 jt jg udh mahal pak 3 22,610
611,@walencoklat,"jgn hanya disindir pak, lngsung aj di tindak",https://www.tiktok.com/@beritasatuofficial/video/7619163357022997780,https://www.tiktok.com/@beritasatuofficial/video/7619163357022997780,Akuntabilitas,Responsivitas,Akuntabilitas,Akuntabilitas,Negatif,Negatif,Negatif,Negatif,Akuntabilitas_Negatif,,jgn hanya disindir pak lngsung aj di tindak,611
612,@ijun.adi,"harusnya mobil2 pejabat dan mentri itu mobil avanza aja biar lebih merakyat, untuk apa yg mahal2 rakyat masi banyak yg lapar pak 3-20",https://www.tiktok.com/@beritasatuofficial/video/7619163357022997780,https://www.tiktok.com/@beritasatuofficial/video/7619163357022997780,Efektivitas & Efisiensi,Efektivitas & Efisiensi,Efektivitas & Efisiensi,Efektivitas & Efisiensi,Negatif,Negatif,Negatif,Negatif,Efektivitas & Efisiensi_Negatif,,harusnya mobil2 pejabat dan mentri itu mobil avanza aja biar lebih merakyat untuk apa yg mahal2 rakyat masi banyak yg lapar pak 3 20,612
613,@aditya.wiranata,hanya 700jt. 700jt itu aj udh sangat mahall,https://www.tiktok.com/@beritasatuofficial/video/7619163357022997780,https://www.tiktok.com/@beritasatuofficial/video/7619163357022997780,Efektivitas & Efisiensi,Efektivitas & Efisiensi,Akuntabilitas,Efektivitas & Efisiensi,Negatif,Negatif,Negatif,Negatif,Efektivitas & Efisiensi_Negatif,,hanya 700jt 700jt itu aj udh sangat mahall,613
614,@bara_andara,masak mobil bagus yg naik mukanya ala kadarnya.. jangan dong 3-26 30.1K,https://www.tiktok.com/@fans_pak_prabowo/video/7621100320243928341,https://www.tiktok.com/@fans_pak_prabowo/video/7621100320243928341,Efektivitas & Efisiensi,Akuntabilitas,Akuntabilitas,Akuntabilitas,Negatif,Negatif,Negatif,Negatif,Akuntabilitas_Negatif,,masak mobil bagus yg naik mukanya ala kadarnya jangan dong 3 26 30 1k,614
615,@yogijuliana2,di respon gk tu sama pusat langsung.,https://www.tiktok.com/@fans_pak_prabowo/video/7621100320243928341,https://www.tiktok.com/@fans_pak_prabowo/video/7621100320243928341,Responsivitas,Akuntabilitas,Responsivitas,Responsivitas,Negatif,Negatif,Negatif,Negatif,Responsivitas_Negatif,,di respon gk tu sama pusat langsung,615
616,@gun.awan339,mau buatan Indonesia tapi mobil kdmp belinya di luar negeri,https://www.tiktok.com/@fans_pak_prabowo/video/7621100320243928341,https://www.tiktok.com/@fans_pak_prabowo/video/7621100320243928341,Efektivitas & Efisiensi,Akuntabilitas,Akuntabilitas,Akuntabilitas,Negatif,Negatif,Negatif,Negatif,Akuntabilitas_Negatif,,mau buatan indonesia tapi mobil kdmp belinya di luar negeri,616
617,@viona_octalani,semngat pak pejabat gitu hrus segera di tindak,https://www.tiktok.com/@fans_pak_prabowo/video/7621100320243928341,https://www.tiktok.com/@fans_pak_prabowo/video/7621100320243928341,Akuntabilitas,Akuntabilitas,Akuntabilitas,Akuntabilitas,Negatif,Negatif,Negatif,Negatif,Akuntabilitas_Negatif,,semngat pak pejabat gitu hrus segera di tindak,617
618,@ihsankamal,Mana akun gubernur kaltim ges coba d tag 3-26,https://www.tiktok.com/@fans_pak_prabowo/video/7621100320243928341,https://www.tiktok.com/@fans_pak_prabowo/video/7621100320243928341,Responsivitas,Responsivitas,Responsivitas,Responsivitas,Negatif,Negatif,Negatif,Negatif,Responsivitas_Negatif,,mana akun gubernur kaltim ges coba d tag 3 26,618
619,@reee.olve,Ala kadarnya jangan dong : 3-27,https://www.tiktok.com/@fans_pak_prabowo/video/7621100320243928341,https://www.tiktok.com/@fans_pak_prabowo/video/7621100320243928341,Akuntabilitas,Akuntabilitas,Akuntabilitas,Akuntabilitas,Negatif,Negatif,Negatif,Negatif,Akuntabilitas_Negatif,,ala kadarnya jangan dong 3 27,619
620,@dannyfebrian01,masa presiden ngurusin mobil orang😅😂 3-25,https://www.tiktok.com/@fans_pak_prabowo/video/7621100320243928341,https://www.tiktok.com/@fans_pak_prabowo/video/7621100320243928341,Responsivitas,Akuntabilitas,Akuntabilitas,Akuntabilitas,Positif,Negatif,Negatif,Negatif,Akuntabilitas_Negatif,,masa presiden ngurusin mobil orang 3 25,620
621,@wahyou_di,"makanya jgn kasi donk beli mobil 8m ,waduhhhh 3-25",https://www.tiktok.com/@fans_pak_prabowo/video/7621100320243928341,https://www.tiktok.com/@fans_pak_prabowo/video/7621100320243928341,Efektivitas & Efisiensi,Efektivitas & Efisiensi,Efektivitas & Efisiensi,Efektivitas & Efisiensi,Negatif,Negatif,Negatif,Negatif,Efektivitas & Efisiensi_Negatif,,makanya jgn kasi donk beli mobil 8m waduhhhh 3 25,621
622,@ijorsboyyy_,dijaga dong marwah mobilnya masa mobilnya bagus yg naik jelek 3-28,https://www.tiktok.com/@fans_pak_prabowo/video/7621100320243928341,https://www.tiktok.com/@fans_pak_prabowo/video/7621100320243928341,Efektivitas & Efisiensi,Akuntabilitas,Akuntabilitas,Akuntabilitas,Negatif,Negatif,Negatif,Negatif,Akuntabilitas_Negatif,,dijaga dong marwah mobilnya masa mobilnya bagus yg naik jelek 3 28,622
623,@yusuframadhan741,"bisa beli ini,juga pdhl 3-5",https://www.tiktok.com/@botakteras/video/7613416347250314517,https://www.tiktok.com/@botakteras/video/7613416347250314517,Efektivitas & Efisiensi,Efektivitas & Efisiensi,Efektivitas & Efisiensi,Efektivitas & Efisiensi,Positif,Positif,Positif,Positif,Efektivitas & Efisiensi_Positif,,bisa beli ini juga pdhl 3 5,623
624,@coklatpahit4650,"mobil dipakai gak nyaman karena jalan berlubang, solusinya : BAIKIN JALANNYA ❌ GANTI MOBIL ✅ 3-5",https://www.tiktok.com/@botakteras/video/7613416347250314517,https://www.tiktok.com/@botakteras/video/7613416347250314517,Efektivitas & Efisiensi,Efektivitas & Efisiensi,Efektivitas & Efisiensi,Efektivitas & Efisiensi,Negatif,Negatif,Negatif,Negatif,Efektivitas & Efisiensi_Negatif,,mobil dipakai gak nyaman karena jalan berlubang solusinya baikin jalannya ganti mobil 3 5,624
625,@ana.safitri973,gubernur Kaltim SDH kaya sebelum jdi gubernur 3-5,https://www.tiktok.com/@botakteras/video/7613416347250314517,https://www.tiktok.com/@botakteras/video/7613416347250314517,Akuntabilitas,Akuntabilitas,Akuntabilitas,Akuntabilitas,Positif,Positif,Positif,Positif,Akuntabilitas_Positif,,gubernur kaltim sdh kaya sebelum jdi gubernur 3 5,625
626,@yinnirl_1,tiktoknya gubernur kaltim apa? biar gw tag 3-5,https://www.tiktok.com/@botakteras/video/7613416347250314517,https://www.tiktok.com/@botakteras/video/7613416347250314517,Responsivitas,Responsivitas,Responsivitas,Responsivitas,Negatif,Negatif,Negatif,Negatif,Responsivitas_Negatif,,tiktoknya gubernur kaltim apa biar gw tag 3 5,626
627,@jupanaasih,"Kami emang harus naik mobil 8,5m kak liat aja kami disamarinda emang bangsawan 🙏 3-5",https://www.tiktok.com/@botakteras/video/7613416347250314517,https://www.tiktok.com/@botakteras/video/7613416347250314517,Responsivitas,Akuntabilitas,Akuntabilitas,Akuntabilitas,Negatif,Negatif,Negatif,Negatif,Akuntabilitas_Negatif,,kami emang harus naik mobil 8 5m kak liat aja kami disamarinda emang bangsawan 3 5,627
628,@akumalaikat24,"tolong jangan sampai redup kasus ini, kami sebagai warga kaltim sudah bersuara tapi tetap di abaikan 😭 3-5",https://www.tiktok.com/@botakteras/video/7613416347250314517,https://www.tiktok.com/@botakteras/video/7613416347250314517,Responsivitas,Responsivitas,Responsivitas,Responsivitas,Negatif,Negatif,Negatif,Negatif,Responsivitas_Negatif,,tolong jangan sampai redup kasus ini kami sebagai warga kaltim sudah bersuara tapi tetap di abaikan 3 5,628
629,@don2.sky,INGAT MARWA KATA NYA MARWA 😅 3-4,https://www.tiktok.com/@botakteras/video/7613416347250314517,https://www.tiktok.com/@botakteras/video/7613416347250314517,Efektivitas & Efisiensi,Akuntabilitas,Akuntabilitas,Akuntabilitas,Negatif,Negatif,Negatif,Negatif,Akuntabilitas_Negatif,,ingat marwa kata nya marwa 3 4,629
630,@bukan_siapasiapa865,"asli triton new ganteng bett, emg mitshubishi mau bikin mobilnya model dynamic shield 3-5",https://www.tiktok.com/@botakteras/video/7613416347250314517,https://www.tiktok.com/@botakteras/video/7613416347250314517,Efektivitas & Efisiensi,Akuntabilitas,Akuntabilitas,Akuntabilitas,Positif,Positif,Positif,Positif,Akuntabilitas_Positif,,asli triton new ganteng bett emg mitshubishi mau bikin mobilnya model dynamic shield 3 5,630
631,@productcorporate,Emang ada pemimpin yg mementingkan rakyat nya? 2-25,https://www.tiktok.com/@metropolitan.id/video/7610646870599175445,https://www.tiktok.com/@metropolitan.id/video/7610646870599175445,Akuntabilitas,Akuntabilitas,Akuntabilitas,Akuntabilitas,Negatif,Negatif,Negatif,Negatif,Akuntabilitas_Negatif,,emang ada pemimpin yg mementingkan rakyat nya 2 25,631
632,@generalkontraktor1,"mobil a range rover autobiography...8.5 M,coba klo dana segitu buat bangun jalan rusak! 2-25",https://www.tiktok.com/@metropolitan.id/video/7610646870599175445,https://www.tiktok.com/@metropolitan.id/video/7610646870599175445,Efektivitas & Efisiensi,Efektivitas & Efisiensi,Efektivitas & Efisiensi,Efektivitas & Efisiensi,Negatif,Negatif,Negatif,Negatif,Efektivitas & Efisiensi_Negatif,,mobil a range rover autobiography 8 5 m coba klo dana segitu buat bangun jalan rusak 2 25,632
633,@locoloco767,enak bget ngomogmobil dinas sebagai marwah,https://www.tiktok.com/@metropolitan.id/video/7610646870599175445,https://www.tiktok.com/@metropolitan.id/video/7610646870599175445,Akuntabilitas,Akuntabilitas,Akuntabilitas,Akuntabilitas,Negatif,Positif,Positif,Positif,Akuntabilitas_Positif,,enak bget ngomogmobil dinas sebagai marwah,633
634,@jumparli.sihotang,miris punya kepala daerah kyk gini,https://www.tiktok.com/@metropolitan.id/video/7610646870599175445,https://www.tiktok.com/@metropolitan.id/video/7610646870599175445,Akuntabilitas,Akuntabilitas,Akuntabilitas,Akuntabilitas,Negatif,Negatif,Negatif,Negatif,Akuntabilitas_Negatif,,miris punya kepala daerah kyk gini,634
635,@putraaval3,kalian kadang suka kesel ga sih dengan cara ngomongnya 2-25,https://www.tiktok.com/@metropolitan.id/video/7610646870599175445,https://www.tiktok.com/@metropolitan.id/video/7610646870599175445,Akuntabilitas,Akuntabilitas,Akuntabilitas,Akuntabilitas,Negatif,Negatif,Negatif,Negatif,Akuntabilitas_Negatif,,kalian kadang suka kesel ga sih dengan cara ngomongnya 2 25,635
636,@bongkrex3,lebih tangguh hiluk dobel cabin🤣🤣 2-27,https://www.tiktok.com/@lensanalarcom/video/7610698043981090068,https://www.tiktok.com/@lensanalarcom/video/7610698043981090068,Efektivitas & Efisiensi,Efektivitas & Efisiensi,Efektivitas & Efisiensi,Efektivitas & Efisiensi,Negatif,Negatif,Negatif,Negatif,Efektivitas & Efisiensi_Negatif,,lebih tangguh hiluk dobel cabin 2 27,636
637,@kt04204,semewah apa mobilmu kl masuk jln di kaltim tak akan tembus bila ban nya pakai tipe AT kaltim coba anda perjalanan kluarkota samarinda mau arah timur utara dan barat 1jm perjalan anda pasti menghadapi jln berlubang di padahal itu jln propinsi.. 2-25,https://www.tiktok.com/@lensanalarcom/video/7610698043981090068,https://www.tiktok.com/@lensanalarcom/video/7610698043981090068,Efektivitas & Efisiensi,Efektivitas & Efisiensi,Efektivitas & Efisiensi,Efektivitas & Efisiensi,Negatif,Negatif,Negatif,Negatif,Efektivitas & Efisiensi_Negatif,,semewah apa mobilmu kl masuk jln di kaltim tak akan tembus bila ban nya pakai tipe at kaltim coba anda perjalanan kluarkota samarinda mau arah timur utara dan barat 1jm perjalan anda pasti menghadapi jln berlubang di padahal itu jln propinsi 2 25,637
638,@tukangkayuulin_ok,"jangan jangn tertipu kita kelihatan di kembalikan padahal ndak bisa di balikin, jadi di taruh di jakarta, krn mungkin ada yg jangal... jd tdk bisa di kembalikan... 3-4",https://www.tiktok.com/@beritakukar/video/7613011166838738196,https://www.tiktok.com/@beritakukar/video/7613011166838738196,Transparansi,Transparansi,Transparansi,Transparansi,Negatif,Negatif,Negatif,Negatif,Transparansi_Negatif,,jangan jangn tertipu kita kelihatan di kembalikan padahal ndak bisa di balikin jadi di taruh di jakarta krn mungkin ada yg jangal jd tdk bisa di kembalikan 3 4,638
639,@opyetea7,Mkya Seluruh Rakyat Indo Stop bayar Pajak. Apapun itu.💪🙏 3-4,https://www.tiktok.com/@beritakukar/video/7613011166838738196,https://www.tiktok.com/@beritakukar/video/7613011166838738196,Efektivitas & Efisiensi,Efektivitas & Efisiensi,Efektivitas & Efisiensi,Efektivitas & Efisiensi,Negatif,Negatif,Negatif,Negatif,Efektivitas & Efisiensi_Negatif,,mkya seluruh rakyat indo stop bayar pajak apapun itu 3 4,639
640,@manwar3660,sepertinya malah tambah seru permainan baru dimulai 3-4,https://www.tiktok.com/@beritakukar/video/7613011166838738196,https://www.tiktok.com/@beritakukar/video/7613011166838738196,Transparansi,Akuntabilitas,Transparansi,Transparansi,Negatif,Negatif,Negatif,Negatif,Transparansi_Negatif,,sepertinya malah tambah seru permainan baru dimulai 3 4,640
641,@sabay.sabaruddin,pemalsuan no polisi itu pidana 3-5,https://www.tiktok.com/@beritakukar/video/7613011166838738196,https://www.tiktok.com/@beritakukar/video/7613011166838738196,Akuntabilitas,Akuntabilitas,Akuntabilitas,Akuntabilitas,Negatif,Negatif,Negatif,Negatif,Akuntabilitas_Negatif,,pemalsuan no polisi itu pidana 3 5,641
642,@raja_gavi,😂😂😂 dikibulin pejabat pemprov n gubernurnya warga kaltim. 3-4,https://www.tiktok.com/@beritakukar/video/7613011166838738196,https://www.tiktok.com/@beritakukar/video/7613011166838738196,Transparansi,Transparansi,Transparansi,Transparansi,Negatif,Negatif,Negatif,Negatif,Transparansi_Negatif,,dikibulin pejabat pemprov n gubernurnya warga kaltim 3 4,642
643,@papa.r3672,Real.... kita ini sebenarnya sedang dijajah orang kita sendiri. 3-5,https://www.tiktok.com/@beritakukar/video/7613011166838738196,https://www.tiktok.com/@beritakukar/video/7613011166838738196,Akuntabilitas,Akuntabilitas,Akuntabilitas,Akuntabilitas,Negatif,Negatif,Negatif,Negatif,Akuntabilitas_Negatif,,real kita ini sebenarnya sedang dijajah orang kita sendiri 3 5,643
644,@mafioso3648,wkwkkw warga KALTIM kena prank 3-4,https://www.tiktok.com/@beritakukar/video/7613011166838738196,https://www.tiktok.com/@beritakukar/video/7613011166838738196,Akuntabilitas,Transparansi,Akuntabilitas,Akuntabilitas,Negatif,Negatif,Negatif,Negatif,Akuntabilitas_Negatif,,wkwkkw warga kaltim kena prank 3 4,644
645,@champred0,di kira rakyat gampang di bodohi.... 3-5,https://www.tiktok.com/@beritakukar/video/7613011166838738196,https://www.tiktok.com/@beritakukar/video/7613011166838738196,Transparansi,Transparansi,Responsivitas,Transparansi,Negatif,Negatif,Negatif,Negatif,Transparansi_Negatif,,di kira rakyat gampang di bodohi 3 5,645
646,@faradilaayaa,"mobil 8,5m yg naik jelek, marwah mobilnya gak dijaga 🥹 5-9",https://www.tiktok.com/@themis.law3/video/7612442626234633480,https://www.tiktok.com/@themis.law3/video/7612442626234633480,Efektivitas & Efisiensi,Efektivitas & Efisiensi,Efektivitas & Efisiensi,Efektivitas & Efisiensi,Negatif,Negatif,Negatif,Negatif,Efektivitas & Efisiensi_Negatif,,mobil 8 5m yg naik jelek marwah mobilnya gak dijaga 5 9,646
647,@misbah.al.maliki,stop membuli..!! kalian TDK tau tentang rudi mas’ud kalian hanya melihat sisi buruknya saja..padahal sisi baiknya tidak ada... 4-27,https://www.tiktok.com/@themis.law3/video/7612442626234633480,https://www.tiktok.com/@themis.law3/video/7612442626234633480,Akuntabilitas,Akuntabilitas,Akuntabilitas,Akuntabilitas,Positif,Positif,Positif,Positif,Akuntabilitas_Positif,,stop membuli kalian tdk tau tentang rudi mas ud kalian hanya melihat sisi buruknya saja padahal sisi baiknya tidak ada 4 27,647
648,@sandira.pasaribu,"masaaa iya mobilnya,, 8,5m jalannya rusak,,,, jangannn ,, dongg jaga marwah mobil nya 4-23",https://www.tiktok.com/@themis.law3/video/7612442626234633480,https://www.tiktok.com/@themis.law3/video/7612442626234633480,Efektivitas & Efisiensi,Efektivitas & Efisiensi,Efektivitas & Efisiensi,Efektivitas & Efisiensi,Negatif,Negatif,Negatif,Negatif,Efektivitas & Efisiensi_Negatif,,masaaa iya mobilnya 8 5m jalannya rusak jangannn dongg jaga marwah mobil nya 4 23,648
649,@telusurisaja2,masak iya masak iya.. !!!!! marwahnya bukan di mobil pak.. ke sejahteraan rakyat kalimantan tuh marwah nya pak .. 3-6,https://www.tiktok.com/@themis.law3/video/7612442626234633480,https://www.tiktok.com/@themis.law3/video/7612442626234633480,Efektivitas & Efisiensi,Akuntabilitas,Akuntabilitas,Akuntabilitas,Negatif,Negatif,Negatif,Negatif,Akuntabilitas_Negatif,,masak iya masak iya marwahnya bukan di mobil pak ke sejahteraan rakyat kalimantan tuh marwah nya pak 3 6,649
650,@user1758633159158sohib,KALIMANTAN TIMUR SALAH PILIH GUBERNUR.... 3-6,https://www.tiktok.com/@tikuskokberdasi/video/7613343929244618005,https://www.tiktok.com/@tikuskokberdasi/video/7613343929244618005,Akuntabilitas,Responsivitas,Akuntabilitas,Akuntabilitas,Negatif,Negatif,Negatif,Negatif,Akuntabilitas_Negatif,,kalimantan timur salah pilih gubernur 3 6,650
651,@tristan_cakra,"Kaltim sekarang levelnya sudah internasional, fasilitasnya ya harus menyesuaikan standar global 3-4",https://www.tiktok.com/@tikuskokberdasi/video/7613343929244618005,https://www.tiktok.com/@tikuskokberdasi/video/7613343929244618005,Efektivitas & Efisiensi,Efektivitas & Efisiensi,Efektivitas & Efisiensi,Efektivitas & Efisiensi,Positif,Positif,Positif,Positif,Efektivitas & Efisiensi_Positif,,kaltim sekarang levelnya sudah internasional fasilitasnya ya harus menyesuaikan standar global 3 4,651
652,@rafael.seidqi,Gubernur itu representasi daerah 3-4,https://www.tiktok.com/@tikuskokberdasi/video/7613343929244618005,https://www.tiktok.com/@tikuskokberdasi/video/7613343929244618005,Akuntabilitas,Akuntabilitas,Akuntabilitas,Akuntabilitas,Positif,Positif,Positif,Positif,Akuntabilitas_Positif,,gubernur itu representasi daerah 3 4,652
653,@budi64_,kayanya nyesel banget tuh yang pilih Dia jadi gubernur 😳😳😳😳😳 3-7,https://www.tiktok.com/@tikuskokberdasi/video/7613343929244618005,https://www.tiktok.com/@tikuskokberdasi/video/7613343929244618005,Akuntabilitas,Responsivitas,Akuntabilitas,Akuntabilitas,Negatif,Negatif,Negatif,Negatif,Akuntabilitas_Negatif,,kayanya nyesel banget tuh yang pilih dia jadi gubernur 3 7,653
654,@ddy_agus,"Kalau memang sudah waktunya peremajaan sesuai aturan, ya silakan saja dilakukan 3-4",https://www.tiktok.com/@tikuskokberdasi/video/7613343929244618005,https://www.tiktok.com/@tikuskokberdasi/video/7613343929244618005,Efektivitas & Efisiensi,Akuntabilitas,Akuntabilitas,Akuntabilitas,Positif,Positif,Positif,Positif,Akuntabilitas_Positif,,kalau memang sudah waktunya peremajaan sesuai aturan ya silakan saja dilakukan 3 4,654
655,@pakiwan1970,"rakyat Kaltim jangan protes dan kritik suara kalian sudah di beli dan bayar,! 3-4",https://www.tiktok.com/@tikuskokberdasi/video/7613343929244618005,https://www.tiktok.com/@tikuskokberdasi/video/7613343929244618005,Responsivitas,Akuntabilitas,Akuntabilitas,Akuntabilitas,Negatif,Negatif,Negatif,Negatif,Akuntabilitas_Negatif,,rakyat kaltim jangan protes dan kritik suara kalian sudah di beli dan bayar 3 4,655
656,@priambodobagas29,pemimpij yg mirip raja louis 14 di prancis ini 3-5,https://www.tiktok.com/@tikuskokberdasi/video/7613343929244618005,https://www.tiktok.com/@tikuskokberdasi/video/7613343929244618005,Akuntabilitas,Akuntabilitas,Akuntabilitas,Akuntabilitas,Negatif,Negatif,Negatif,Negatif,Akuntabilitas_Negatif,,pemimpij yg mirip raja louis 14 di prancis ini 3 5,656
657,@rumani.garmun,kpk perlu chek ni duit rakyat buat mewah2 an tp jlnan ampun 3-7,https://www.tiktok.com/@tikuskokberdasi/video/7613343929244618005,https://www.tiktok.com/@tikuskokberdasi/video/7613343929244618005,Akuntabilitas,Akuntabilitas,Akuntabilitas,Akuntabilitas,Negatif,Negatif,Negatif,Negatif,Akuntabilitas_Negatif,,kpk perlu chek ni duit rakyat buat mewah2 an tp jlnan ampun 3 7,657
658,@qadrie38,kalau saya jadi gerbur pasti saya betulkan jalan.. dri pada beli mobil mewah.. pakai mobil avzra cukup la 3-7,https://www.tiktok.com/@f.405_/video/7612591026666048789,https://www.tiktok.com/@f.405_/video/7612591026666048789,Efektivitas & Efisiensi,Efektivitas & Efisiensi,Efektivitas & Efisiensi,Efektivitas & Efisiensi,Negatif,Negatif,Negatif,Negatif,Efektivitas & Efisiensi_Negatif,,kalau saya jadi gerbur pasti saya betulkan jalan dri pada beli mobil mewah pakai mobil avzra cukup la 3 7,658
659,@tradingpvpsistemasi,marwah apa pak kerja mu jg apa 3-5,https://www.tiktok.com/@f.405_/video/7612591026666048789,https://www.tiktok.com/@f.405_/video/7612591026666048789,Akuntabilitas,Akuntabilitas,Akuntabilitas,Akuntabilitas,Negatif,Negatif,Negatif,Negatif,Akuntabilitas_Negatif,,marwah apa pak kerja mu jg apa 3 5,659
660,@wiwin3084,cukup 1 priode z ya 3-4,https://www.tiktok.com/@ae_affiliat/video/7612919691111107848,https://www.tiktok.com/@ae_affiliat/video/7612919691111107848,Akuntabilitas,Akuntabilitas,Akuntabilitas,Akuntabilitas,Negatif,Negatif,Negatif,Negatif,Akuntabilitas_Negatif,,cukup 1 priode z ya 3 4,660
661,@klik_fb,sudah nampak lebih mementingkan diri sendiri dari pada rakyat 3-4,https://www.tiktok.com/@ae_affiliat/video/7612919691111107848,https://www.tiktok.com/@ae_affiliat/video/7612919691111107848,Akuntabilitas,Akuntabilitas,Akuntabilitas,Akuntabilitas,Negatif,Negatif,Negatif,Negatif,Akuntabilitas_Negatif,,sudah nampak lebih mementingkan diri sendiri dari pada rakyat 3 4,661
662,@ajol15,si gubernur tukang makan marwah😂😅. 3-4,https://www.tiktok.com/@ae_affiliat/video/7612919691111107848,https://www.tiktok.com/@ae_affiliat/video/7612919691111107848,Akuntabilitas,Akuntabilitas,Akuntabilitas,Akuntabilitas,Negatif,Negatif,Negatif,Negatif,Akuntabilitas_Negatif,,si gubernur tukang makan marwah 3 4,662
663,@esdawetrizqi,"Marwah itu dari pola pikir untuk masyarakat nya,gimana cara nya'masyarakat nya sejahtera.kalo mobil itu nama nya menyenangkan diri sendiri,dan untuk pribadi. 3-28",https://www.tiktok.com/@keadilanfiktif/video/7615447599402798357,https://www.tiktok.com/@keadilanfiktif/video/7615447599402798357,Efektivitas & Efisiensi,Akuntabilitas,Akuntabilitas,Akuntabilitas,Negatif,Negatif,Negatif,Negatif,Akuntabilitas_Negatif,,marwah itu dari pola pikir untuk masyarakat nya gimana cara nya masyarakat nya sejahtera kalo mobil itu nama nya menyenangkan diri sendiri dan untuk pribadi 3 28,663
664,@agusagus46002,sudah pecat sajah 4-20,https://www.tiktok.com/@keadilanfiktif/video/7615447599402798357,https://www.tiktok.com/@keadilanfiktif/video/7615447599402798357,Akuntabilitas,Akuntabilitas,Akuntabilitas,Akuntabilitas,Negatif,Negatif,Negatif,Negatif,Akuntabilitas_Negatif,,sudah pecat sajah 4 20,664
665,@sabriazis307,"saya orang Sulawesi Selatan, tapi soal kerja gubernur Kalimantan Timur . betul kerja nya nyata . pembangunan mulai dari infrastruktur dan Listrik sdah mulai masuk ke pelosok .. contohnya saja jembatan Nibung di kabupaten Kutai Timur , jembatan yang menghubungkan 2 kabupaten (Kutai Timur ke Berau ) dan menghubungkan ke provinsi Kalimantan Utara . Pemerintah Kalimantan Timur punya tantangan dan rintangan tersendiri, itu makanya pembangunan sedikit terhambat . untuk pekerjaan saya rasa tetap berjalan dengan baik , saya orang Sulawesi cukup merasa kan hasil kerja pemerintahan Kalimantan Timur. 5-23",https://www.tiktok.com/@tripol.co/video/7642126377168293141,https://www.tiktok.com/@tripol.co/video/7642126377168293141,Akuntabilitas,Akuntabilitas,Akuntabilitas,Akuntabilitas,Positif,Positif,Positif,Positif,Akuntabilitas_Positif,,saya orang sulawesi selatan tapi soal kerja gubernur kalimantan timur betul kerja nya nyata pembangunan mulai dari infrastruktur dan listrik sdah mulai masuk ke pelosok contohnya saja jembatan nibung di kabupaten kutai timur jembatan yang menghubungkan 2 kabupaten kutai timur ke berau dan menghubungkan ke provinsi kalimantan utara pemerintah kalimantan timur punya tantangan dan rintangan tersendiri itu makanya pembangunan sedikit terhambat untuk pekerjaan saya rasa tetap berjalan dengan baik saya orang sulawesi cukup merasa kan hasil kerja pemerintahan kalimantan timur 5 23,665
666,@aries_05044,kok bisa jadi gubernur ya? 2-28,https://www.tiktok.com/@libra.pahing1/video/7611302313097153813,https://www.tiktok.com/@libra.pahing1/video/7611302313097153813,Akuntabilitas,Akuntabilitas,Akuntabilitas,Akuntabilitas,Negatif,Negatif,Negatif,Negatif,Akuntabilitas_Negatif,,kok bisa jadi gubernur ya 2 28,666
667,@rajo_lenggang66,beginilah pejabat negeri konoha yg tamak ! 2-27,https://www.tiktok.com/@libra.pahing1/video/7611302313097153813,https://www.tiktok.com/@libra.pahing1/video/7611302313097153813,Akuntabilitas,Akuntabilitas,Akuntabilitas,Akuntabilitas,Negatif,Negatif,Negatif,Negatif,Akuntabilitas_Negatif,,beginilah pejabat negeri konoha yg tamak 2 27,667
668,@doxa43,jalan Kaltim rusak pake mobil mall 2-27,https://www.tiktok.com/@libra.pahing1/video/7611302313097153813,https://www.tiktok.com/@libra.pahing1/video/7611302313097153813,Efektivitas & Efisiensi,Efektivitas & Efisiensi,Efektivitas & Efisiensi,Efektivitas & Efisiensi,Negatif,Negatif,Negatif,Negatif,Efektivitas & Efisiensi_Negatif,,jalan kaltim rusak pake mobil mall 2 27,668
669,@user7018003714081,"era Konoha,rakyat bayar pajak. 2-27",https://www.tiktok.com/@libra.pahing1/video/7611302313097153813,https://www.tiktok.com/@libra.pahing1/video/7611302313097153813,Akuntabilitas,Efektivitas & Efisiensi,Efektivitas & Efisiensi,Efektivitas & Efisiensi,Negatif,Negatif,Negatif,Negatif,Efektivitas & Efisiensi_Negatif,,era konoha rakyat bayar pajak 2 27,669
670,@jadijariyah,warganya kok diam saja😂 2-27,https://www.tiktok.com/@libra.pahing1/video/7611302313097153813,https://www.tiktok.com/@libra.pahing1/video/7611302313097153813,Responsivitas,Responsivitas,Responsivitas,Responsivitas,Negatif,Negatif,Negatif,Negatif,Responsivitas_Negatif,,warganya kok diam saja 2 27,670
671,@ammy.id,"Kalo alasan si Gubernur itu biar Kaltim terlihat hebat atau bermarwah, buktikan dg kerja nyata, makmurkan warganya, majukan daerahnya dan jangan korupsi. Bukan dg bergaya pake mobil mewah dari duit rakyat. 2-23",https://www.tiktok.com/@kutai.dailynews/video/7609068555455253780,https://www.tiktok.com/@kutai.dailynews/video/7609068555455253780,Akuntabilitas,Akuntabilitas,Akuntabilitas,Akuntabilitas,Negatif,Negatif,Negatif,Negatif,Akuntabilitas_Negatif,,kalo alasan si gubernur itu biar kaltim terlihat hebat atau bermarwah buktikan dg kerja nyata makmurkan warganya majukan daerahnya dan jangan korupsi bukan dg bergaya pake mobil mewah dari duit rakyat 2 23,671
672,@allif_damar,ganti panther aja 🤣🤣 2-21,https://www.tiktok.com/@kutai.dailynews/video/7609068555455253780,https://www.tiktok.com/@kutai.dailynews/video/7609068555455253780,Efektivitas & Efisiensi,Efektivitas & Efisiensi,Efektivitas & Efisiensi,Efektivitas & Efisiensi,Negatif,Negatif,Negatif,Negatif,Efektivitas & Efisiensi_Negatif,,ganti panther aja 2 21,672
673,@user9227352992,mobiL eLittt jaLan suLitt.... 3-1,https://www.tiktok.com/@politikdotin/video/7612142044219231508,https://www.tiktok.com/@politikdotin/video/7612142044219231508,Efektivitas & Efisiensi,Efektivitas & Efisiensi,Efektivitas & Efisiensi,Efektivitas & Efisiensi,Negatif,Negatif,Negatif,Negatif,Efektivitas & Efisiensi_Negatif,,mobil elittt jalan sulitt 3 1,673
674,@arifsasono88,jalannya yg di perbaikin bukan mbil nyaa 3-3,https://www.tiktok.com/@politikdotin/video/7612142044219231508,https://www.tiktok.com/@politikdotin/video/7612142044219231508,Efektivitas & Efisiensi,Efektivitas & Efisiensi,Efektivitas & Efisiensi,Efektivitas & Efisiensi,Negatif,Negatif,Negatif,Negatif,Efektivitas & Efisiensi_Negatif,,jalannya yg di perbaikin bukan mbil nyaa 3 3,674
675,@eka.yuliana161,bukan mobil yang di mahal mahalin Boss ku tapi infrastruktur jalan yang di bagusin🙏🙏🙏 3-3,https://www.tiktok.com/@politikdotin/video/7612142044219231508,https://www.tiktok.com/@politikdotin/video/7612142044219231508,Efektivitas & Efisiensi,Efektivitas & Efisiensi,Efektivitas & Efisiensi,Efektivitas & Efisiensi,Negatif,Negatif,Negatif,Negatif,Efektivitas & Efisiensi_Negatif,,bukan mobil yang di mahal mahalin boss ku tapi infrastruktur jalan yang di bagusin 3 3,675
676,@the_korehcok,[Stiker] 3-23,https://www.tiktok.com/@politikdotin/video/7612142044219231508,https://www.tiktok.com/@politikdotin/video/7612142044219231508,Efektivitas & Efisiensi,Akuntabilitas,Akuntabilitas,Akuntabilitas,Positif,Negatif,Negatif,Negatif,Akuntabilitas_Negatif,,stiker 3 23,676
677,@hendra_kc,untuk lewatin Medan yang sulit mobil harus support kak..😂 4-22,https://www.tiktok.com/@politikdotin/video/7612142044219231508,https://www.tiktok.com/@politikdotin/video/7612142044219231508,Efektivitas & Efisiensi,Efektivitas & Efisiensi,Efektivitas & Efisiensi,Efektivitas & Efisiensi,Negatif,Positif,Positif,Positif,Efektivitas & Efisiensi_Positif,,untuk lewatin medan yang sulit mobil harus support kak 4 22,677
678,@aox27_,"8,5 M mending belanja hotmix 3-29",https://www.tiktok.com/@politikdotin/video/7612142044219231508,https://www.tiktok.com/@politikdotin/video/7612142044219231508,Efektivitas & Efisiensi,Efektivitas & Efisiensi,Efektivitas & Efisiensi,Efektivitas & Efisiensi,Negatif,Negatif,Negatif,Negatif,Efektivitas & Efisiensi_Negatif,,8 5 m mending belanja hotmix 3 29,678
679,@panglima_kijang_kencana,"Wajar aja dia menikmati peselitas itu. Kerna dia juga berjuang berdarah darah berkorban harta benda"" baru bisa duduk jadi gubernur kaltim. Jadi kita jangan membuli dan menghujat nya kawan. Seharusnya kita dukung beliau agar maksimal membangun kaltim. Juga kita jaga marwah nama baik wibawa gubernur kita kaltim dan keluarga besarnya yang jadi pejabat di Kaltim. DIA JUGA BERBUAT SEPERTI ITU BUAT MASRAKAT KITA KALTIM. MENG""ANGKAT MARWAH WIBAWA DAN MENGENALKAN KALTIM YANG KAYA RAYA PERLU DI TAMPIL KE SELURUH PEJABAT INDONESIA. 2-28",https://www.tiktok.com/@aditya.yudono/video/7611491873559039252,https://www.tiktok.com/@aditya.yudono/video/7611491873559039252,Akuntabilitas,Akuntabilitas,Akuntabilitas,Akuntabilitas,Positif,Positif,Positif,Positif,Akuntabilitas_Positif,,wajar aja dia menikmati peselitas itu kerna dia juga berjuang berdarah darah berkorban harta benda baru bisa duduk jadi gubernur kaltim jadi kita jangan membuli dan menghujat nya kawan seharusnya kita dukung beliau agar maksimal membangun kaltim juga kita jaga marwah nama baik wibawa gubernur kita kaltim dan keluarga besarnya yang jadi pejabat di kaltim dia juga berbuat seperti itu buat masrakat kita kaltim meng angkat marwah wibawa dan mengenalkan kaltim yang kaya raya perlu di tampil ke seluruh pejabat indonesia 2 28,679
680,@dedy.suhardy7,malah infonya bulan depan mau beli pesawat jed pribadi katanya buat putar putar kaltim 😂😂 2-19,https://www.tiktok.com/@ashepsayfullq/video/7608021220088433936,https://www.tiktok.com/@ashepsayfullq/video/7608021220088433936,Efektivitas & Efisiensi,Efektivitas & Efisiensi,Efektivitas & Efisiensi,Efektivitas & Efisiensi,Negatif,Negatif,Negatif,Negatif,Efektivitas & Efisiensi_Negatif,,malah infonya bulan depan mau beli pesawat jed pribadi katanya buat putar putar kaltim 2 19,680
681,@kumatul,Kalo medan jalan nya rusak yg di bangun yaa jalan nya bkn beli mobil nya 2-25,https://www.tiktok.com/@ashepsayfullq/video/7608021220088433936,https://www.tiktok.com/@ashepsayfullq/video/7608021220088433936,Efektivitas & Efisiensi,Efektivitas & Efisiensi,Efektivitas & Efisiensi,Efektivitas & Efisiensi,Negatif,Negatif,Negatif,Negatif,Efektivitas & Efisiensi_Negatif,,kalo medan jalan nya rusak yg di bangun yaa jalan nya bkn beli mobil nya 2 25,681
682,@labontely,Cukup 1 periode saja... 2-22,https://www.tiktok.com/@ashepsayfullq/video/7608021220088433936,https://www.tiktok.com/@ashepsayfullq/video/7608021220088433936,Akuntabilitas,Akuntabilitas,Akuntabilitas,Akuntabilitas,Negatif,Negatif,Negatif,Negatif,Akuntabilitas_Negatif,,cukup 1 periode saja 2 22,682
683,@papi.utomo,cukup satu periode aja orang .. 2-25,https://www.tiktok.com/@ashepsayfullq/video/7608021220088433936,https://www.tiktok.com/@ashepsayfullq/video/7608021220088433936,Efektivitas & Efisiensi,Akuntabilitas,Akuntabilitas,Akuntabilitas,Negatif,Negatif,Negatif,Negatif,Akuntabilitas_Negatif,,cukup satu periode aja orang 2 25,683
684,@afni.al.randi,Jln aj blm di benerin 2-26,https://www.tiktok.com/@ashepsayfullq/video/7608021220088433936,https://www.tiktok.com/@ashepsayfullq/video/7608021220088433936,Akuntabilitas,Efektivitas & Efisiensi,Efektivitas & Efisiensi,Efektivitas & Efisiensi,Negatif,Negatif,Negatif,Negatif,Efektivitas & Efisiensi_Negatif,,jln aj blm di benerin 2 26,684
685,@madi.study,malu pak udh viral beritanya dimana2,https://www.tiktok.com/@sigit_sugiana/video/7612287428258237704,https://www.tiktok.com/@sigit_sugiana/video/7612287428258237704,Akuntabilitas,Akuntabilitas,Akuntabilitas,Akuntabilitas,Negatif,Negatif,Negatif,Negatif,Akuntabilitas_Negatif,,malu pak udh viral beritanya dimana2,685
686,@sihab_azzmi,"tolong jgn cela pemimpin kami, beliau sangat menjaga marwah kaltim 3-24",https://www.tiktok.com/@sigit_sugiana/video/7612287428258237704,https://www.tiktok.com/@sigit_sugiana/video/7612287428258237704,Akuntabilitas,Akuntabilitas,Akuntabilitas,Akuntabilitas,Positif,Positif,Positif,Positif,Akuntabilitas_Positif,,tolong jgn cela pemimpin kami beliau sangat menjaga marwah kaltim 3 24,686
687,@muhammadhelmi7482,abang kalau ngomong suka benar😁 3-2,https://www.tiktok.com/@sigit_sugiana/video/7612287428258237704,https://www.tiktok.com/@sigit_sugiana/video/7612287428258237704,Akuntabilitas,Akuntabilitas,Akuntabilitas,Akuntabilitas,Positif,Positif,Positif,Positif,Akuntabilitas_Positif,,abang kalau ngomong suka benar 3 2,687
688,@sunariyahiyah765,pejabat konoha kocak2 emang 3-2,https://www.tiktok.com/@sigit_sugiana/video/7612287428258237704,https://www.tiktok.com/@sigit_sugiana/video/7612287428258237704,Akuntabilitas,Akuntabilitas,Akuntabilitas,Akuntabilitas,Negatif,Negatif,Negatif,Negatif,Akuntabilitas_Negatif,,pejabat konoha kocak2 emang 3 2,688
689,@nurikadianasari,di gosipin aja tapi tidak di tindak... 😭😭 4-23,https://www.tiktok.com/@apasaja2825/video/7620377571229781269,https://www.tiktok.com/@apasaja2825/video/7620377571229781269,Responsivitas,Responsivitas,Responsivitas,Responsivitas,Negatif,Negatif,Negatif,Negatif,Responsivitas_Negatif,,di gosipin aja tapi tidak di tindak 4 23,689
690,@vanekas13,"kenapa masih di pertahan kan pak, izin 4-23",https://www.tiktok.com/@apasaja2825/video/7620377571229781269,https://www.tiktok.com/@apasaja2825/video/7620377571229781269,Akuntabilitas,Akuntabilitas,Akuntabilitas,Akuntabilitas,Negatif,Negatif,Negatif,Negatif,Akuntabilitas_Negatif,,kenapa masih di pertahan kan pak izin 4 23,690
691,@wiwingemoy920,pecat pakk jangan sindir 4-13,https://www.tiktok.com/@apasaja2825/video/7620377571229781269,https://www.tiktok.com/@apasaja2825/video/7620377571229781269,Akuntabilitas,Responsivitas,Akuntabilitas,Akuntabilitas,Negatif,Negatif,Negatif,Negatif,Akuntabilitas_Negatif,,pecat pakk jangan sindir 4 13,691
692,@maruko_chan101,bukan gosip . evaluasi dan diskusi ini wei 4-22,https://www.tiktok.com/@apasaja2825/video/7620377571229781269,https://www.tiktok.com/@apasaja2825/video/7620377571229781269,Akuntabilitas,Transparansi,Akuntabilitas,Akuntabilitas,Positif,Positif,Positif,Positif,Akuntabilitas_Positif,,bukan gosip evaluasi dan diskusi ini wei 4 22,692
693,@ridhorohman123,stop membuli..!! kalian TDK tau tentang rudi mas’ud kalian hanya melihat sisi buruknya saja..padahal sisi baiknya tidak ada... 4-27,https://www.tiktok.com/@apasaja2825/video/7620377571229781269,https://www.tiktok.com/@apasaja2825/video/7620377571229781269,Akuntabilitas,Akuntabilitas,Akuntabilitas,Akuntabilitas,Positif,Positif,Positif,Positif,Akuntabilitas_Positif,,stop membuli kalian tdk tau tentang rudi mas ud kalian hanya melihat sisi buruknya saja padahal sisi baiknya tidak ada 4 27,693
694,@humangosong,Ihh malunyaaaa jirla😌 4-20,https://www.tiktok.com/@apasaja2825/video/7620377571229781269,https://www.tiktok.com/@apasaja2825/video/7620377571229781269,Akuntabilitas,Akuntabilitas,Akuntabilitas,Akuntabilitas,Negatif,Negatif,Negatif,Negatif,Akuntabilitas_Negatif,,ihh malunyaaaa jirla 4 20,694
695,@gebiistephny,Bikin malu emng 4-21,https://www.tiktok.com/@apasaja2825/video/7620377571229781269,https://www.tiktok.com/@apasaja2825/video/7620377571229781269,Akuntabilitas,Akuntabilitas,Akuntabilitas,Akuntabilitas,Negatif,Negatif,Negatif,Negatif,Akuntabilitas_Negatif,,bikin malu emng 4 21,695
696,@ansha0396,"sebenarnya di daerah lain juga gitu kayaknya, yang membedakan adalah, pak Rudy Mas'ud terlalu transparan 4-24",https://www.tiktok.com/@prapancas/video/7631918131128061191,https://www.tiktok.com/@prapancas/video/7631918131128061191,Transparansi,Transparansi,Transparansi,Transparansi,Positif,Positif,Positif,Positif,Transparansi_Positif,,sebenarnya di daerah lain juga gitu kayaknya yang membedakan adalah pak rudy mas ud terlalu transparan 4 24,696
697,@yuforia45,RI 2 PAKAI INNOVA ZENIX 2000 cc 3-9,https://www.tiktok.com/@sentilin_indonesia/video/7613820353550306581,https://www.tiktok.com/@sentilin_indonesia/video/7613820353550306581,Efektivitas & Efisiensi,Efektivitas & Efisiensi,Efektivitas & Efisiensi,Efektivitas & Efisiensi,Positif,Negatif,Negatif,Negatif,Efektivitas & Efisiensi_Negatif,,ri 2 pakai innova zenix 2000 cc 3 9,697
698,@el600307,lucu ini gubernur ko bisa di coblos heran 3-7,https://www.tiktok.com/@sentilin_indonesia/video/7613820353550306581,https://www.tiktok.com/@sentilin_indonesia/video/7613820353550306581,Akuntabilitas,Akuntabilitas,Akuntabilitas,Akuntabilitas,Negatif,Negatif,Negatif,Negatif,Akuntabilitas_Negatif,,lucu ini gubernur ko bisa di coblos heran 3 7,698
699,@broooo545,"cara pola pikirnya salah banget,, jakarta jalan SDH bagus,, seharusnya utamakan infrastruktur jalan dahulu.. 3-7",https://www.tiktok.com/@sentilin_indonesia/video/7613820353550306581,https://www.tiktok.com/@sentilin_indonesia/video/7613820353550306581,Efektivitas & Efisiensi,Efektivitas & Efisiensi,Efektivitas & Efisiensi,Efektivitas & Efisiensi,Negatif,Negatif,Negatif,Negatif,Efektivitas & Efisiensi_Negatif,,cara pola pikirnya salah banget jakarta jalan sdh bagus seharusnya utamakan infrastruktur jalan dahulu 3 7,699
700,@agushs55,Mudahan keba kasus 3-9,https://www.tiktok.com/@relung.id/video/7611814381126520065,https://www.tiktok.com/@relung.id/video/7611814381126520065,Akuntabilitas,Akuntabilitas,Akuntabilitas,Akuntabilitas,Positif,Negatif,Negatif,Negatif,Akuntabilitas_Negatif,,mudahan keba kasus 3 9,700
701,@gunawanpermana22,pantauannya jangan sampe mandek y 3-9,https://www.tiktok.com/@relung.id/video/7611814381126520065,https://www.tiktok.com/@relung.id/video/7611814381126520065,Responsivitas,Responsivitas,Responsivitas,Responsivitas,Positif,Negatif,Negatif,Negatif,Responsivitas_Negatif,,pantauannya jangan sampe mandek y 3 9,701
702,@sinaga.parjalang61,tangkap 3-6,https://www.tiktok.com/@relung.id/video/7611814381126520065,https://www.tiktok.com/@relung.id/video/7611814381126520065,Akuntabilitas,Akuntabilitas,Akuntabilitas,Akuntabilitas,Negatif,Negatif,Negatif,Negatif,Akuntabilitas_Negatif,,tangkap 3 6,702
703,@albert.jap6,KPK GOOD JOB 3-20,https://www.tiktok.com/@relung.id/video/7611814381126520065,https://www.tiktok.com/@relung.id/video/7611814381126520065,Akuntabilitas,Akuntabilitas,Akuntabilitas,Akuntabilitas,Positif,Positif,Positif,Positif,Akuntabilitas_Positif,,kpk good job 3 20,703
704,@arbain.cuy,"ini baru betul ada apa gbernur ngotot ,KPK harus turun tangan semoga ada kesalahan dengan mobil ini ,,,,,apa ada kong kolingkong nya 3-22",https://www.tiktok.com/@relung.id/video/7611814381126520065,https://www.tiktok.com/@relung.id/video/7611814381126520065,Akuntabilitas,Akuntabilitas,Akuntabilitas,Akuntabilitas,Negatif,Negatif,Negatif,Negatif,Akuntabilitas_Negatif,,ini baru betul ada apa gbernur ngotot kpk harus turun tangan semoga ada kesalahan dengan mobil ini apa ada kong kolingkong nya 3 22,704
705,@mang.isuh,mantaf klu cept trun tangan KPK 3-22,https://www.tiktok.com/@relung.id/video/7611814381126520065,https://www.tiktok.com/@relung.id/video/7611814381126520065,Akuntabilitas,Akuntabilitas,Akuntabilitas,Akuntabilitas,Positif,Positif,Positif,Positif,Akuntabilitas_Positif,,mantaf klu cept trun tangan kpk 3 22,705
706,@indah81840,pendukun rudy mas ud ndak usah baper kita buktikan lagi di 2030 insya allah 4-23,https://www.tiktok.com/@damarmart/video/7631483584649481479,https://www.tiktok.com/@damarmart/video/7631483584649481479,Akuntabilitas,Akuntabilitas,Akuntabilitas,Akuntabilitas,Negatif,Positif,Positif,Positif,Akuntabilitas_Positif,,pendukun rudy mas ud ndak usah baper kita buktikan lagi di 2030 insya allah 4 23,706
707,@subrotobroto887,stop bayar pajak adalah solusi agar indoneaia menjadi lebih baik 2-25,https://www.tiktok.com/@dokmus05/video/7610810591543823636,https://www.tiktok.com/@dokmus05/video/7610810591543823636,Akuntabilitas,Akuntabilitas,Akuntabilitas,Akuntabilitas,Negatif,Negatif,Negatif,Negatif,Akuntabilitas_Negatif,,stop bayar pajak adalah solusi agar indoneaia menjadi lebih baik 2 25,707
708,@emoykazol,pejabat pelawak itu 4-17,https://www.tiktok.com/@sahambijak0/video/7611953329421421845,https://www.tiktok.com/@sahambijak0/video/7611953329421421845,Akuntabilitas,Akuntabilitas,Akuntabilitas,Akuntabilitas,Negatif,Negatif,Negatif,Negatif,Akuntabilitas_Negatif,,pejabat pelawak itu 4 17,708
709,@mohamad.sofi12,percuma mobil mewah tapi pake uang rakyat😂😂😂😂 4-29,https://www.tiktok.com/@sahambijak0/video/7611953329421421845,https://www.tiktok.com/@sahambijak0/video/7611953329421421845,Efektivitas & Efisiensi,Efektivitas & Efisiensi,Efektivitas & Efisiensi,Efektivitas & Efisiensi,Negatif,Negatif,Negatif,Negatif,Efektivitas & Efisiensi_Negatif,,percuma mobil mewah tapi pake uang rakyat 4 29,709
710,@nijar.nijar92,mobil elit jalan solit 3-21,https://www.tiktok.com/@sahambijak0/video/7611953329421421845,https://www.tiktok.com/@sahambijak0/video/7611953329421421845,Efektivitas & Efisiensi,Efektivitas & Efisiensi,Efektivitas & Efisiensi,Efektivitas & Efisiensi,Negatif,Negatif,Negatif,Negatif,Efektivitas & Efisiensi_Negatif,,mobil elit jalan solit 3 21,710
711,@arzyong,jadi in gw gubernur aja lahh 4-23,https://www.tiktok.com/@aditya.yudono/video/7631554392633675028,https://www.tiktok.com/@aditya.yudono/video/7631554392633675028,Akuntabilitas,Akuntabilitas,Akuntabilitas,Akuntabilitas,Negatif,Negatif,Negatif,Negatif,Akuntabilitas_Negatif,,jadi in gw gubernur aja lahh 4 23,711
712,@bang.jack7121,gubernur seperti ini yang bikin rakyat menjerit 4-23,https://www.tiktok.com/@aditya.yudono/video/7631554392633675028,https://www.tiktok.com/@aditya.yudono/video/7631554392633675028,Akuntabilitas,Akuntabilitas,Akuntabilitas,Akuntabilitas,Negatif,Negatif,Negatif,Negatif,Akuntabilitas_Negatif,,gubernur seperti ini yang bikin rakyat menjerit 4 23,712
713,@nuryati5144,memperkaya diri 5-16,https://www.tiktok.com/@aditya.yudono/video/7631554392633675028,https://www.tiktok.com/@aditya.yudono/video/7631554392633675028,Akuntabilitas,Akuntabilitas,Akuntabilitas,Akuntabilitas,Negatif,Negatif,Negatif,Negatif,Akuntabilitas_Negatif,,memperkaya diri 5 16,713
714,@rahman.aja812,kmi warga kltim sangat setuju 5-3,https://www.tiktok.com/@aditya.yudono/video/7631554392633675028,https://www.tiktok.com/@aditya.yudono/video/7631554392633675028,Akuntabilitas,Akuntabilitas,Akuntabilitas,Akuntabilitas,Positif,Positif,Positif,Positif,Akuntabilitas_Positif,,kmi warga kltim sangat setuju 5 3,714
715,@shiddiq85,gubernurnya cuman mementingkan diri sendiri 3-22,https://www.tiktok.com/@3halll/video/7611863206281137428,https://www.tiktok.com/@3halll/video/7611863206281137428,Akuntabilitas,Akuntabilitas,Akuntabilitas,Akuntabilitas,Negatif,Negatif,Negatif,Negatif,Akuntabilitas_Negatif,,gubernurnya cuman mementingkan diri sendiri 3 22,715
716,@varo26288,"presiden aja pakek mobil 700 juta masak gubernur pake mobil 8,5 M. setuju like 5-16",https://www.tiktok.com/@3halll/video/7611863206281137428,https://www.tiktok.com/@3halll/video/7611863206281137428,Efektivitas & Efisiensi,Efektivitas & Efisiensi,Efektivitas & Efisiensi,Efektivitas & Efisiensi,Negatif,Negatif,Negatif,Negatif,Efektivitas & Efisiensi_Negatif,,presiden aja pakek mobil 700 juta masak gubernur pake mobil 8 5 m setuju like 5 16,716
717,@riski.sterong.yt,mau beli mobil dinas Range Rover seharga 5-23,https://www.tiktok.com/@3halll/video/7611863206281137428,https://www.tiktok.com/@3halll/video/7611863206281137428,Efektivitas & Efisiensi,Efektivitas & Efisiensi,Efektivitas & Efisiensi,Efektivitas & Efisiensi,Negatif,Negatif,Negatif,Negatif,Efektivitas & Efisiensi_Negatif,,mau beli mobil dinas range rover seharga 5 23,717
718,@ahmad.sayid.abdul7,Jalanan aja yang di perbaiki masih ada kembalian 🧐🧐🧐🧐 3-26,https://www.tiktok.com/@3halll/video/7611863206281137428,https://www.tiktok.com/@3halll/video/7611863206281137428,Efektivitas & Efisiensi,Efektivitas & Efisiensi,Efektivitas & Efisiensi,Efektivitas & Efisiensi,Negatif,Negatif,Negatif,Negatif,Efektivitas & Efisiensi_Negatif,,jalanan aja yang di perbaiki masih ada kembalian 3 26,718
719,@yudizuki,pakai mobil ford aja pak 2-26,https://www.tiktok.com/@operasikhusus/video/7610752915036310791,https://www.tiktok.com/@operasikhusus/video/7610752915036310791,Efektivitas & Efisiensi,Efektivitas & Efisiensi,Efektivitas & Efisiensi,Efektivitas & Efisiensi,Negatif,Negatif,Negatif,Negatif,Efektivitas & Efisiensi_Negatif,,pakai mobil ford aja pak 2 26,719
720,@aktor_mudamusik,pake angkot 2-25,https://www.tiktok.com/@operasikhusus/video/7610752915036310791,https://www.tiktok.com/@operasikhusus/video/7610752915036310791,Efektivitas & Efisiensi,Efektivitas & Efisiensi,Efektivitas & Efisiensi,Efektivitas & Efisiensi,Negatif,Negatif,Negatif,Negatif,Efektivitas & Efisiensi_Negatif,,pake angkot 2 25,720
721,@matroo02,"jual batu bara n minyak juga menjarah hutan masih makan duit pajak pula, 2-25",https://www.tiktok.com/@operasikhusus/video/7610752915036310791,https://www.tiktok.com/@operasikhusus/video/7610752915036310791,Akuntabilitas,Efektivitas & Efisiensi,Akuntabilitas,Akuntabilitas,Negatif,Negatif,Negatif,Negatif,Akuntabilitas_Negatif,,jual batu bara n minyak juga menjarah hutan masih makan duit pajak pula 2 25,721
722,@leo_macan,disindir dlu kanda baru klarif wkwk,https://www.tiktok.com/@morrodin88/video/7611104729929747733,https://www.tiktok.com/@morrodin88/video/7611104729929747733,Responsivitas,Responsivitas,Responsivitas,Responsivitas,Negatif,Negatif,Negatif,Negatif,Responsivitas_Negatif,,disindir dlu kanda baru klarif wkwk,722
723,@user395437434597,itu egois bos 3-21,https://www.tiktok.com/@morrodin88/video/7611104729929747733,https://www.tiktok.com/@morrodin88/video/7611104729929747733,Akuntabilitas,Akuntabilitas,Akuntabilitas,Akuntabilitas,Negatif,Negatif,Negatif,Negatif,Akuntabilitas_Negatif,,itu egois bos 3 21,723
724,@aileen.550,logika pejabat jalan rusak bukannya diperbaiki malah beli mobil biar bisa lewat di jalan rusak 🤣✨ 2-26,https://www.tiktok.com/@aryo.g1/video/7611001576907427090,https://www.tiktok.com/@aryo.g1/video/7611001576907427090,Efektivitas & Efisiensi,Efektivitas & Efisiensi,Efektivitas & Efisiensi,Efektivitas & Efisiensi,Negatif,Negatif,Negatif,Negatif,Efektivitas & Efisiensi_Negatif,,logika pejabat jalan rusak bukannya diperbaiki malah beli mobil biar bisa lewat di jalan rusak 2 26,724
725,@dionc615,KPK dipersilahkan 2-26,https://www.tiktok.com/@aryo.g1/video/7611001576907427090,https://www.tiktok.com/@aryo.g1/video/7611001576907427090,Akuntabilitas,Akuntabilitas,Akuntabilitas,Akuntabilitas,Positif,Negatif,Positif,Positif,Akuntabilitas_Positif,,kpk dipersilahkan 2 26,725
726,@henaasaefa97_,"pa 8,5M mending buat perbiki jalan atau apa kek malah mau buat beli mobil gimana sih 2-26",https://www.tiktok.com/@tyasmira81/video/7610723179446783252,https://www.tiktok.com/@tyasmira81/video/7610723179446783252,Efektivitas & Efisiensi,Efektivitas & Efisiensi,Efektivitas & Efisiensi,Efektivitas & Efisiensi,Negatif,Negatif,Negatif,Negatif,Efektivitas & Efisiensi_Negatif,,pa 8 5m mending buat perbiki jalan atau apa kek malah mau buat beli mobil gimana sih 2 26,726
727,@imelkristin472,"bilang aja mau fasilitas mewah, walaupun jln msih bnyak yg rusak 4-16",https://www.tiktok.com/@ip.alphawolf/video/7629140462753926420,https://www.tiktok.com/@ip.alphawolf/video/7629140462753926420,Akuntabilitas,Efektivitas & Efisiensi,Akuntabilitas,Akuntabilitas,Negatif,Negatif,Negatif,Negatif,Akuntabilitas_Negatif,,bilang aja mau fasilitas mewah walaupun jln msih bnyak yg rusak 4 16,727
728,@baitabung_14,"masa mobil nya mewah,yg naikin biasa aja jngan dong jaga dong marwah mobilnya 4-18",https://www.tiktok.com/@ip.alphawolf/video/7629140462753926420,https://www.tiktok.com/@ip.alphawolf/video/7629140462753926420,Efektivitas & Efisiensi,Akuntabilitas,Akuntabilitas,Akuntabilitas,Negatif,Negatif,Negatif,Negatif,Akuntabilitas_Negatif,,masa mobil nya mewah yg naikin biasa aja jngan dong jaga dong marwah mobilnya 4 18,728
729,@faisalanwar011,Mulut manis nih orang jgn percaya... 4-16,https://www.tiktok.com/@ip.alphawolf/video/7629140462753926420,https://www.tiktok.com/@ip.alphawolf/video/7629140462753926420,Akuntabilitas,Akuntabilitas,Akuntabilitas,Akuntabilitas,Negatif,Negatif,Negatif,Negatif,Akuntabilitas_Negatif,,mulut manis nih orang jgn percaya 4 16,729
730,@lordjemboed,udah jan banyak basa basi ganti gak bener ni 4-17,https://www.tiktok.com/@ip.alphawolf/video/7629140462753926420,https://www.tiktok.com/@ip.alphawolf/video/7629140462753926420,Akuntabilitas,Akuntabilitas,Akuntabilitas,Akuntabilitas,Negatif,Negatif,Negatif,Negatif,Akuntabilitas_Negatif,,udah jan banyak basa basi ganti gak bener ni 4 17,730
731,@igris210,Marwah Kaltim mobil mewah tapi jalan banyak rusak dimana letak titik marwahnya?? 4-17,https://www.tiktok.com/@ip.alphawolf/video/7629140462753926420,https://www.tiktok.com/@ip.alphawolf/video/7629140462753926420,Efektivitas & Efisiensi,Efektivitas & Efisiensi,Efektivitas & Efisiensi,Efektivitas & Efisiensi,Negatif,Negatif,Negatif,Negatif,Efektivitas & Efisiensi_Negatif,,marwah kaltim mobil mewah tapi jalan banyak rusak dimana letak titik marwahnya 4 17,731
732,@yantokhan2026,kpk tolong ini org di audit 5-4,https://www.tiktok.com/@ip.alphawolf/video/7629140462753926420,https://www.tiktok.com/@ip.alphawolf/video/7629140462753926420,Akuntabilitas,Akuntabilitas,Akuntabilitas,Akuntabilitas,Negatif,Negatif,Negatif,Negatif,Akuntabilitas_Negatif,,kpk tolong ini org di audit 5 4,732
733,@d14nberau,"ktua dprd anda itu wakil rakyat, liat rakyat anda, klau mobil tdak kuat smpai teduduk jalannya ksih bgus, bukan bli mobil mhal 5-5",https://www.tiktok.com/@balikpapantv_official/video/7612479352479026453,https://www.tiktok.com/@balikpapantv_official/video/7612479352479026453,Efektivitas & Efisiensi,Efektivitas & Efisiensi,Efektivitas & Efisiensi,Efektivitas & Efisiensi,Negatif,Negatif,Negatif,Negatif,Efektivitas & Efisiensi_Negatif,,ktua dprd anda itu wakil rakyat liat rakyat anda klau mobil tdak kuat smpai teduduk jalannya ksih bgus bukan bli mobil mhal 5 5,733
734,@andriastutimuria3,HOOOYYY ITU... UANG RAKYAT.. LEBIH BAIK UNTUK MEMPERBAIKI JALAN JEMBATAN YANG BERMANFA'AT UNTUK RAKYATNYA 3-1,https://www.tiktok.com/@beritaenamdua/video/7612139610507873557,https://www.tiktok.com/@beritaenamdua/video/7612139610507873557,Efektivitas & Efisiensi,Akuntabilitas,Efektivitas & Efisiensi,Efektivitas & Efisiensi,Negatif,Negatif,Negatif,Negatif,Efektivitas & Efisiensi_Negatif,,hoooyyy itu uang rakyat lebih baik untuk memperbaiki jalan jembatan yang bermanfa at untuk rakyatnya 3 1,734
735,@darmawandarmawan04,"tapi nda usah beli mobil yg harganya 8' 5 untuk di pake mininjau bos , mobil masih ada harganya 3 m bos 3-1",https://www.tiktok.com/@beritaenamdua/video/7612139610507873557,https://www.tiktok.com/@beritaenamdua/video/7612139610507873557,Efektivitas & Efisiensi,Efektivitas & Efisiensi,Efektivitas & Efisiensi,Efektivitas & Efisiensi,Negatif,Negatif,Negatif,Negatif,Efektivitas & Efisiensi_Negatif,,tapi nda usah beli mobil yg harganya 8 5 untuk di pake mininjau bos mobil masih ada harganya 3 m bos 3 1,735
736,@incess.99,mobil dia di beli pakek dana angaran😆 3-1,https://www.tiktok.com/@beritaenamdua/video/7612139610507873557,https://www.tiktok.com/@beritaenamdua/video/7612139610507873557,Efektivitas & Efisiensi,Efektivitas & Efisiensi,Efektivitas & Efisiensi,Efektivitas & Efisiensi,Negatif,Negatif,Negatif,Negatif,Efektivitas & Efisiensi_Negatif,,mobil dia di beli pakek dana angaran 3 1,736
737,@user364521719,jalan nya ancur tub 😂😂 3-1,https://www.tiktok.com/@beritaenamdua/video/7612139610507873557,https://www.tiktok.com/@beritaenamdua/video/7612139610507873557,Efektivitas & Efisiensi,Efektivitas & Efisiensi,Efektivitas & Efisiensi,Efektivitas & Efisiensi,Negatif,Negatif,Negatif,Negatif,Efektivitas & Efisiensi_Negatif,,jalan nya ancur tub 3 1,737
738,@lia47208,penampilannya ga penting. yg penting dia dekat dan bbagi dgn rakyatnya,https://www.tiktok.com/@sindonews/video/7611810371535375633,https://www.tiktok.com/@sindonews/video/7611810371535375633,Akuntabilitas,Akuntabilitas,Akuntabilitas,Akuntabilitas,Positif,Positif,Positif,Positif,Akuntabilitas_Positif,,penampilannya ga penting yg penting dia dekat dan bbagi dgn rakyatnya,738
739,@hasni.raihan,penampilannya bagus dan wibawa,https://www.tiktok.com/@sindonews/video/7611810371535375633,https://www.tiktok.com/@sindonews/video/7611810371535375633,Akuntabilitas,Akuntabilitas,Akuntabilitas,Akuntabilitas,Positif,Positif,Positif,Positif,Akuntabilitas_Positif,,penampilannya bagus dan wibawa,739
740,@user985588728,orangnya unik nyentrik kalo baik gak papa sih.. duit2 dia sendiri yg penting gak korupsi sih bagiku aman2 saja.. pakaiannya wlpun agak lain tp sopan. 3-19,https://www.tiktok.com/@sindonews/video/7611810371535375633,https://www.tiktok.com/@sindonews/video/7611810371535375633,Akuntabilitas,Akuntabilitas,Akuntabilitas,Akuntabilitas,Positif,Positif,Positif,Positif,Akuntabilitas_Positif,,orangnya unik nyentrik kalo baik gak papa sih duit2 dia sendiri yg penting gak korupsi sih bagiku aman2 saja pakaiannya wlpun agak lain tp sopan 3 19,740
741,@aninani26_,apapun yng terlalu berlebihan itu kurang baiik... pesennya terlalu mewah ... tidak sesuai dengan keadaan rakyatnya .... 3-3,https://www.tiktok.com/@sindonews/video/7611810371535375633,https://www.tiktok.com/@sindonews/video/7611810371535375633,Efektivitas & Efisiensi,Efektivitas & Efisiensi,Efektivitas & Efisiensi,Efektivitas & Efisiensi,Negatif,Negatif,Negatif,Negatif,Efektivitas & Efisiensi_Negatif,,apapun yng terlalu berlebihan itu kurang baiik pesennya terlalu mewah tidak sesuai dengan keadaan rakyatnya 3 3,741
742,@dennykopi1,bukan untuk kepentingan pribadi tp di pakai pribadi 😂 3-3,https://www.tiktok.com/@beritakukar/video/7612310183590530324,https://www.tiktok.com/@beritakukar/video/7612310183590530324,Akuntabilitas,Akuntabilitas,Akuntabilitas,Akuntabilitas,Negatif,Negatif,Negatif,Negatif,Akuntabilitas_Negatif,,bukan untuk kepentingan pribadi tp di pakai pribadi 3 3,742
743,@y_noooke,kalau bukan untuk kepentingan pribadi lha trus untuk kepentingan siapa😄 3-3,https://www.tiktok.com/@beritakukar/video/7612310183590530324,https://www.tiktok.com/@beritakukar/video/7612310183590530324,Akuntabilitas,Akuntabilitas,Akuntabilitas,Akuntabilitas,Negatif,Negatif,Negatif,Negatif,Akuntabilitas_Negatif,,kalau bukan untuk kepentingan pribadi lha trus untuk kepentingan siapa 3 3,743
744,@p.edy.dipo,Rakyat kecil perlu jalan yg mulus untuk menunjang ekonomi rakyat kecil lebih bergairah 3-2,https://www.tiktok.com/@beritakukar/video/7612310183590530324,https://www.tiktok.com/@beritakukar/video/7612310183590530324,Efektivitas & Efisiensi,Akuntabilitas,Efektivitas & Efisiensi,Efektivitas & Efisiensi,Negatif,Negatif,Negatif,Negatif,Efektivitas & Efisiensi_Negatif,,rakyat kecil perlu jalan yg mulus untuk menunjang ekonomi rakyat kecil lebih bergairah 3 2,744
745,@bang_roy_89,perbaiki jalannya bossku biar tdk perlu beli mobil yg mahal. coba dana 8 milyar itu digunakan untuk perbaikan jalan pasti lbh manfaat. sisanya 500 Juta utk mobil Bpk Gubernur. yang komen setuju... mana jempolnya ??? 2-24,https://www.tiktok.com/@mata_publik_/video/7608632050790239495,https://www.tiktok.com/@mata_publik_/video/7608632050790239495,Efektivitas & Efisiensi,Efektivitas & Efisiensi,Efektivitas & Efisiensi,Efektivitas & Efisiensi,Negatif,Negatif,Negatif,Negatif,Efektivitas & Efisiensi_Negatif,,perbaiki jalannya bossku biar tdk perlu beli mobil yg mahal coba dana 8 milyar itu digunakan untuk perbaikan jalan pasti lbh manfaat sisanya 500 juta utk mobil bpk gubernur yang komen setuju mana jempolnya 2 24,745
746,@meidiah_saputri,"Penasaran gaji pppk pemprov disana, brapa ya,,, klw mobilnya aja sgitu. Pasti lumayan gajinya disanaa. Kan apbd besar tuhhhhh😁 2-27",https://www.tiktok.com/@mata_publik_/video/7608632050790239495,https://www.tiktok.com/@mata_publik_/video/7608632050790239495,Efektivitas & Efisiensi,Efektivitas & Efisiensi,Efektivitas & Efisiensi,Efektivitas & Efisiensi,Negatif,Negatif,Negatif,Negatif,Efektivitas & Efisiensi_Negatif,,penasaran gaji pppk pemprov disana brapa ya klw mobilnya aja sgitu pasti lumayan gajinya disanaa kan apbd besar tuhhhhh 2 27,746
747,@lufiluv,"contoh nyari pemimpin rakyat bukan untuk mementingkan rakyatnya,😂 2-22",https://www.tiktok.com/@mata_publik_/video/7608632050790239495,https://www.tiktok.com/@mata_publik_/video/7608632050790239495,Akuntabilitas,Akuntabilitas,Akuntabilitas,Akuntabilitas,Negatif,Negatif,Negatif,Negatif,Akuntabilitas_Negatif,,contoh nyari pemimpin rakyat bukan untuk mementingkan rakyatnya 2 22,747
748,@zidansempoi,untuk kepentingan rakyat ❌ Untuk kepentingan diri sendiri ✅ 2-26,https://www.tiktok.com/@mata_publik_/video/7608632050790239495,https://www.tiktok.com/@mata_publik_/video/7608632050790239495,Akuntabilitas,Akuntabilitas,Akuntabilitas,Akuntabilitas,Negatif,Negatif,Negatif,Negatif,Akuntabilitas_Negatif,,untuk kepentingan rakyat untuk kepentingan diri sendiri 2 26,748
749,@renis_2410,Jalanan rusak =beli mobil baru 😂 2-23,https://www.tiktok.com/@mata_publik_/video/7608632050790239495,https://www.tiktok.com/@mata_publik_/video/7608632050790239495,Efektivitas & Efisiensi,Efektivitas & Efisiensi,Efektivitas & Efisiensi,Efektivitas & Efisiensi,Negatif,Negatif,Negatif,Negatif,Efektivitas & Efisiensi_Negatif,,jalanan rusak beli mobil baru 2 23,749
750,@amsprochannel,jalannya di benerin bukan mobil y ganti yg mewah 2-28,https://www.tiktok.com/@mata_publik_/video/7608632050790239495,https://www.tiktok.com/@mata_publik_/video/7608632050790239495,Efektivitas & Efisiensi,Efektivitas & Efisiensi,Efektivitas & Efisiensi,Efektivitas & Efisiensi,Negatif,Negatif,Negatif,Negatif,Efektivitas & Efisiensi_Negatif,,jalannya di benerin bukan mobil y ganti yg mewah 2 28,750
751,@qisyabidobido,Astagfirullahaladzim..... negeri ku kok hampir semua pejabatnya kek Gini ya😭 2-26,https://www.tiktok.com/@mata_publik_/video/7608632050790239495,https://www.tiktok.com/@mata_publik_/video/7608632050790239495,Akuntabilitas,Akuntabilitas,Akuntabilitas,Akuntabilitas,Negatif,Negatif,Negatif,Negatif,Akuntabilitas_Negatif,,astagfirullahaladzim negeri ku kok hampir semua pejabatnya kek gini ya 2 26,751
752,@ahi25734,mobil presiden aja ngak segitu 3-1,https://www.tiktok.com/@arnews91/video/7612104540015414548,https://www.tiktok.com/@arnews91/video/7612104540015414548,Efektivitas & Efisiensi,Efektivitas & Efisiensi,Efektivitas & Efisiensi,Efektivitas & Efisiensi,Negatif,Negatif,Negatif,Negatif,Efektivitas & Efisiensi_Negatif,,mobil presiden aja ngak segitu 3 1,752
753,@jhon.andes6,POLITIKUS harus seperti itu.... 3-1,https://www.tiktok.com/@arnews91/video/7612104540015414548,https://www.tiktok.com/@arnews91/video/7612104540015414548,Akuntabilitas,Akuntabilitas,Akuntabilitas,Akuntabilitas,Positif,Positif,Positif,Positif,Akuntabilitas_Positif,,politikus harus seperti itu 3 1,753
754,@repyy5,malah foya foya..... 2-28,https://www.tiktok.com/@relung.id/video/7611773381997890833,https://www.tiktok.com/@relung.id/video/7611773381997890833,Akuntabilitas,Akuntabilitas,Akuntabilitas,Akuntabilitas,Negatif,Negatif,Negatif,Negatif,Akuntabilitas_Negatif,,malah foya foya 2 28,754
755,@ukan122,pantas aja jln ini gk baik kerena uang negara di belikan mobil usur kpk ☺️ 3-6,https://www.tiktok.com/@relung.id/video/7611773381997890833,https://www.tiktok.com/@relung.id/video/7611773381997890833,Akuntabilitas,Akuntabilitas,Akuntabilitas,Akuntabilitas,Negatif,Negatif,Negatif,Negatif,Akuntabilitas_Negatif,,pantas aja jln ini gk baik kerena uang negara di belikan mobil usur kpk 3 6,755
756,@panglima_kijang_kencana,"Assalamualaikum buat kita semua. Wajar aja dia menikmati peselitas itu. Kerna dia juga berjuang berdarah darah berkorban harta benda"" baru bisa duduk jadi gubernur kaltim. KERNA ITU PILIHAN KALIAN JUGA DIA JADI PEJABAT DAN GUBERNUR KALTIM. LEBIH BAIK KITA SENERGI MEMBANGUN KALTIM. Jadi kita jangan membuli' menghujat dan gibahnya ya kawan. Seharusnya kita dukung program beliau agar maksimal membangun kaltim. Ingat kawan manusia itu tidak ada yang sempurna. DIA JUGA BERBUAT SEPERTI ITU. BUAT MASRAKAT KITA KALTIM. MENG""ANGKAT MARWAH WIBAWA DAN MENGENALKAN KALTIM ITU MEMANG KAYA. Santun lah kita ber tutur kata bahasa di sosial media sosmed. Kita tunjukkan ke dunia orang Kaltim punya ahlak adab dan sopan santun kawan...... 3-1",https://www.tiktok.com/@relung.id/video/7611773381997890833,https://www.tiktok.com/@relung.id/video/7611773381997890833,Akuntabilitas,Akuntabilitas,Akuntabilitas,Akuntabilitas,Positif,Positif,Positif,Positif,Akuntabilitas_Positif,,assalamualaikum buat kita semua wajar aja dia menikmati peselitas itu kerna dia juga berjuang berdarah darah berkorban harta benda baru bisa duduk jadi gubernur kaltim kerna itu pilihan kalian juga dia jadi pejabat dan gubernur kaltim lebih baik kita senergi membangun kaltim jadi kita jangan membuli menghujat dan gibahnya ya kawan seharusnya kita dukung program beliau agar maksimal membangun kaltim ingat kawan manusia itu tidak ada yang sempurna dia juga berbuat seperti itu buat masrakat kita kaltim meng angkat marwah wibawa dan mengenalkan kaltim itu memang kaya santun lah kita ber tutur kata bahasa di sosial media sosmed kita tunjukkan ke dunia orang kaltim punya ahlak adab dan sopan santun kawan 3 1,756
757,@gamashhh,cara ngomongnya ngeselin sumpah 4-8,https://www.tiktok.com/@kumparan/video/7626011966401694997,https://www.tiktok.com/@kumparan/video/7626011966401694997,Responsivitas,Akuntabilitas,Responsivitas,Responsivitas,Negatif,Negatif,Negatif,Negatif,Responsivitas_Negatif,,cara ngomongnya ngeselin sumpah 4 8,757
758,@sudarsongaurifa,"25M ?,ga masuk logika 4-7",https://www.tiktok.com/@kumparan/video/7626011966401694997,https://www.tiktok.com/@kumparan/video/7626011966401694997,Efektivitas & Efisiensi,Akuntabilitas,Efektivitas & Efisiensi,Efektivitas & Efisiensi,Negatif,Negatif,Negatif,Negatif,Efektivitas & Efisiensi_Negatif,,25m ga masuk logika 4 7,758
759,@rrhmynttii,Tapi serius lo ngomong nya manis tertata dan sopan 😂 4-8,https://www.tiktok.com/@kumparan/video/7626011966401694997,https://www.tiktok.com/@kumparan/video/7626011966401694997,Akuntabilitas,Akuntabilitas,Akuntabilitas,Akuntabilitas,Positif,Positif,Positif,Positif,Akuntabilitas_Positif,,tapi serius lo ngomong nya manis tertata dan sopan 4 8,759
760,@jopann42,lama lama mirip sahroni dahh 4-7,https://www.tiktok.com/@kumparan/video/7626011966401694997,https://www.tiktok.com/@kumparan/video/7626011966401694997,Akuntabilitas,Akuntabilitas,Akuntabilitas,Akuntabilitas,Negatif,Negatif,Negatif,Negatif,Akuntabilitas_Negatif,,lama lama mirip sahroni dahh 4 7,760
761,@amsyari,yg milih dia siapa sih 4-22,https://www.tiktok.com/@kumparan/video/7626011966401694997,https://www.tiktok.com/@kumparan/video/7626011966401694997,Akuntabilitas,Akuntabilitas,Akuntabilitas,Akuntabilitas,Negatif,Negatif,Negatif,Negatif,Akuntabilitas_Negatif,,yg milih dia siapa sih 4 22,761
762,@ikieardian,mulanya ngeselin banget si 4-23,https://www.tiktok.com/@kumparan/video/7626011966401694997,https://www.tiktok.com/@kumparan/video/7626011966401694997,Akuntabilitas,Akuntabilitas,Akuntabilitas,Akuntabilitas,Negatif,Negatif,Negatif,Negatif,Akuntabilitas_Negatif,,mulanya ngeselin banget si 4 23,762
763,@jawaselatan5,yg repot masyarakat d luar kalti. knp masyarakt kaltim diam? 3-5,https://www.tiktok.com/@kompastv_jateng/video/7613321888445615381,https://www.tiktok.com/@kompastv_jateng/video/7613321888445615381,Responsivitas,Responsivitas,Responsivitas,Responsivitas,Negatif,Negatif,Negatif,Negatif,Responsivitas_Negatif,,yg repot masyarakat d luar kalti knp masyarakt kaltim diam 3 5,763
764,@starwowx,kpk tolong periksa gubernurnya 👍👍👍👍👍👍👍👍 3-5,https://www.tiktok.com/@kompastv_jateng/video/7613321888445615381,https://www.tiktok.com/@kompastv_jateng/video/7613321888445615381,Akuntabilitas,Akuntabilitas,Akuntabilitas,Akuntabilitas,Negatif,Negatif,Negatif,Negatif,Akuntabilitas_Negatif,,kpk tolong periksa gubernurnya 3 5,764
765,@andrebung7,kelian percaya itu mobil sudah di kembalikan?,https://www.tiktok.com/@kompastv_jateng/video/7613321888445615381,https://www.tiktok.com/@kompastv_jateng/video/7613321888445615381,Transparansi,Transparansi,Transparansi,Transparansi,Negatif,Negatif,Negatif,Negatif,Transparansi_Negatif,,kelian percaya itu mobil sudah di kembalikan,765
766,@peci_logor,ko di kembalikan gmna donk Marwah gubernur Kaltim 3-6,https://www.tiktok.com/@kompastv_jateng/video/7613321888445615381,https://www.tiktok.com/@kompastv_jateng/video/7613321888445615381,Akuntabilitas,Transparansi,Akuntabilitas,Akuntabilitas,Negatif,Negatif,Negatif,Negatif,Akuntabilitas_Negatif,,ko di kembalikan gmna donk marwah gubernur kaltim 3 6,766
767,@ereen899,aneh gubernur kaltim 3-5,https://www.tiktok.com/@kompastv_jateng/video/7613321888445615381,https://www.tiktok.com/@kompastv_jateng/video/7613321888445615381,Akuntabilitas,Akuntabilitas,Akuntabilitas,Akuntabilitas,Negatif,Negatif,Negatif,Negatif,Akuntabilitas_Negatif,,aneh gubernur kaltim 3 5,767
768,@hotman.juntak2,warga Kaltim diam? 3-6,https://www.tiktok.com/@kompastv_jateng/video/7613321888445615381,https://www.tiktok.com/@kompastv_jateng/video/7613321888445615381,Responsivitas,Responsivitas,Responsivitas,Responsivitas,Negatif,Negatif,Negatif,Negatif,Responsivitas_Negatif,,warga kaltim diam 3 6,768
769,@widodowidodo422,owalahh..gengsi di gedein.. 2-27,https://www.tiktok.com/@wglobalmedia/video/7610699657475329298,https://www.tiktok.com/@wglobalmedia/video/7610699657475329298,Akuntabilitas,Akuntabilitas,Akuntabilitas,Akuntabilitas,Negatif,Negatif,Negatif,Negatif,Akuntabilitas_Negatif,,owalahh gengsi di gedein 2 27,769
770,@haryan_smith,"definisi ""alakadar"" nya apa ya? itu buat marwah kaltim ato marwah anda???",https://www.tiktok.com/@wglobalmedia/video/7610699657475329298,https://www.tiktok.com/@wglobalmedia/video/7610699657475329298,Akuntabilitas,Akuntabilitas,Akuntabilitas,Akuntabilitas,Negatif,Negatif,Negatif,Negatif,Akuntabilitas_Negatif,,definisi alakadar nya apa ya itu buat marwah kaltim ato marwah anda,770
771,@ariepriatna6,"salpok sm kata2 pak presiden....ini saudara,Ga papa ASAL DIPIMPIN YG BENER😁 3-8",https://www.tiktok.com/@ompro_autocaree/video/7614061884127317266,https://www.tiktok.com/@ompro_autocaree/video/7614061884127317266,Akuntabilitas,Responsivitas,Akuntabilitas,Akuntabilitas,Positif,Positif,Positif,Positif,Akuntabilitas_Positif,,salpok sm kata2 pak presiden ini saudara ga papa asal dipimpin yg bener 3 8,771
772,@jefriastaganaga,jalan ga di benerin nyalahin presiden padahal gubernur nya sendiri yng ga bener 3-21 10.9K,https://www.tiktok.com/@wargawargi2025/video/7619281381293755669,https://www.tiktok.com/@wargawargi2025/video/7619281381293755669,Akuntabilitas,Akuntabilitas,Akuntabilitas,Akuntabilitas,Negatif,Negatif,Negatif,Negatif,Akuntabilitas_Negatif,,jalan ga di benerin nyalahin presiden padahal gubernur nya sendiri yng ga bener 3 21 10 9k,772
773,@uzunklaten,Langsung ditegur pusat.... 😭 3-20,https://www.tiktok.com/@wargawargi2025/video/7619281381293755669,https://www.tiktok.com/@wargawargi2025/video/7619281381293755669,Responsivitas,Responsivitas,Responsivitas,Responsivitas,Positif,Negatif,Positif,Positif,Responsivitas_Positif,,langsung ditegur pusat 3 20,773
774,@dv4zildjian,tu 8m buat perbaiki jalan dpt brp km yah 3-21,https://www.tiktok.com/@wargawargi2025/video/7619281381293755669,https://www.tiktok.com/@wargawargi2025/video/7619281381293755669,Efektivitas & Efisiensi,Efektivitas & Efisiensi,Efektivitas & Efisiensi,Efektivitas & Efisiensi,Negatif,Negatif,Negatif,Negatif,Efektivitas & Efisiensi_Negatif,,tu 8m buat perbaiki jalan dpt brp km yah 3 21,774
775,@covodrive.2,[Stiker] aku yang dari Kaltim aja malu 3-21,https://www.tiktok.com/@wargawargi2025/video/7619281381293755669,https://www.tiktok.com/@wargawargi2025/video/7619281381293755669,Akuntabilitas,Akuntabilitas,Akuntabilitas,Akuntabilitas,Negatif,Negatif,Negatif,Negatif,Akuntabilitas_Negatif,,stiker aku yang dari kaltim aja malu 3 21,775
776,@zyedik,mobil mahal-mahal kinerja kagak ada 😂 3-21,https://www.tiktok.com/@wargawargi2025/video/7619281381293755669,https://www.tiktok.com/@wargawargi2025/video/7619281381293755669,Akuntabilitas,Efektivitas & Efisiensi,Akuntabilitas,Akuntabilitas,Negatif,Negatif,Negatif,Negatif,Akuntabilitas_Negatif,,mobil mahal mahal kinerja kagak ada 3 21,776
777,@cyucswchys,Di sindir dlu bru klarifikasi wkwkwk😹😭 3-2,https://www.tiktok.com/@wargawargi2025/video/7619281381293755669,https://www.tiktok.com/@wargawargi2025/video/7619281381293755669,Responsivitas,Responsivitas,Responsivitas,Responsivitas,Negatif,Negatif,Negatif,Negatif,Responsivitas_Negatif,,di sindir dlu bru klarifikasi wkwkwk 3 2,777
778,@masshafizh25,padahal kan pakai mobil maung jg bisa,https://www.tiktok.com/@wargawargi2025/video/7619281381293755669,https://www.tiktok.com/@wargawargi2025/video/7619281381293755669,Efektivitas & Efisiensi,Efektivitas & Efisiensi,Efektivitas & Efisiensi,Efektivitas & Efisiensi,Negatif,Positif,Positif,Positif,Efektivitas & Efisiensi_Positif,,padahal kan pakai mobil maung jg bisa,778
779,@abinka.z,yang di butukan tidakan bukan sandar sindir🙏 3-21,https://www.tiktok.com/@wargawargi2025/video/7619281381293755669,https://www.tiktok.com/@wargawargi2025/video/7619281381293755669,Responsivitas,Responsivitas,Responsivitas,Responsivitas,Negatif,Negatif,Negatif,Negatif,Responsivitas_Negatif,,yang di butukan tidakan bukan sandar sindir 3 21,779
780,@ravin.cent,cuman 700 jt enteng bgett ngomongnya mobil cuma 700jt,https://www.tiktok.com/@wargawargi2025/video/7619281381293755669,https://www.tiktok.com/@wargawargi2025/video/7619281381293755669,Efektivitas & Efisiensi,Efektivitas & Efisiensi,Efektivitas & Efisiensi,Efektivitas & Efisiensi,Negatif,Negatif,Negatif,Negatif,Efektivitas & Efisiensi_Negatif,,cuman 700 jt enteng bgett ngomongnya mobil cuma 700jt,780
781,@justcallmerawr4,lexuss lm 500 aja udh ok lho kenapa hrus range rover njir 😭 3-21,https://www.tiktok.com/@wargawargi2025/video/7619281381293755669,https://www.tiktok.com/@wargawargi2025/video/7619281381293755669,Efektivitas & Efisiensi,Efektivitas & Efisiensi,Efektivitas & Efisiensi,Efektivitas & Efisiensi,Negatif,Negatif,Negatif,Negatif,Efektivitas & Efisiensi_Negatif,,lexuss lm 500 aja udh ok lho kenapa hrus range rover njir 3 21,781
782,@achmadarlin_12,harus transparan dong jelasin mobilnya,https://www.tiktok.com/@millenialzkece/video/7621132387426061575,https://www.tiktok.com/@millenialzkece/video/7621132387426061575,Transparansi,Transparansi,Transparansi,Transparansi,Negatif,Negatif,Negatif,Negatif,Transparansi_Negatif,,harus transparan dong jelasin mobilnya,782
783,@uu1425275182527hsjsh,"gw fokus ke sini gara2 pak presiden nyinggung tu kepala daerah beli mobil dinas 8,5m",https://www.tiktok.com/@millenialzkece/video/7621132387426061575,https://www.tiktok.com/@millenialzkece/video/7621132387426061575,Responsivitas,Responsivitas,Responsivitas,Responsivitas,Negatif,Negatif,Negatif,Negatif,Responsivitas_Negatif,,gw fokus ke sini gara2 pak presiden nyinggung tu kepala daerah beli mobil dinas 8 5m,783
784,@amiraarowr_,"singkat aja gubernur kaltim semaunya aja mentang2 ya btul sudah di tentukan sama kemendagri spesifiknya tentang mobil dinas, tapi ya gk juga yang 8.5m anjayyyyy",https://www.tiktok.com/@millenialzkece/video/7621132387426061575,https://www.tiktok.com/@millenialzkece/video/7621132387426061575,Akuntabilitas,Akuntabilitas,Akuntabilitas,Akuntabilitas,Negatif,Negatif,Negatif,Negatif,Akuntabilitas_Negatif,,singkat aja gubernur kaltim semaunya aja mentang2 ya btul sudah di tentukan sama kemendagri spesifiknya tentang mobil dinas tapi ya gk juga yang 8 5m anjayyyyy,784
785,@r.i.s.k.i55,"Parobowo ni bosss, berani nyinggung tu rudy masud",https://www.tiktok.com/@millenialzkece/video/7621132387426061575,https://www.tiktok.com/@millenialzkece/video/7621132387426061575,Akuntabilitas,Responsivitas,Responsivitas,Responsivitas,Positif,Positif,Positif,Positif,Responsivitas_Positif,,parobowo ni bosss berani nyinggung tu rudy masud,785
786,@ptrtliaa_,Harus di usut pak itu mobilnya,https://www.tiktok.com/@millenialzkece/video/7621132387426061575,https://www.tiktok.com/@millenialzkece/video/7621132387426061575,Akuntabilitas,Akuntabilitas,Akuntabilitas,Akuntabilitas,Negatif,Negatif,Negatif,Negatif,Akuntabilitas_Negatif,,harus di usut pak itu mobilnya,786
787,@pikirdewesu,"mantap pak, harus di tindak tegas kalau gubernurnya tidak pro rakyat",https://www.tiktok.com/@millenialzkece/video/7621132387426061575,https://www.tiktok.com/@millenialzkece/video/7621132387426061575,Akuntabilitas,Responsivitas,Akuntabilitas,Akuntabilitas,Positif,Positif,Positif,Positif,Akuntabilitas_Positif,,mantap pak harus di tindak tegas kalau gubernurnya tidak pro rakyat,787
788,@yogi_fauzii,"Di Tegur Dulu Sama Pak Prabowo , Baru Di Kembalikan mobil",https://www.tiktok.com/@millenialzkece/video/7621132387426061575,https://www.tiktok.com/@millenialzkece/video/7621132387426061575,Responsivitas,Responsivitas,Responsivitas,Responsivitas,Negatif,Negatif,Negatif,Negatif,Responsivitas_Negatif,,di tegur dulu sama pak prabowo baru di kembalikan mobil,788
789,@biekentakii,"gk wajar buat mobil sampai 8,5m",https://www.tiktok.com/@millenialzkece/video/7621132387426061575,https://www.tiktok.com/@millenialzkece/video/7621132387426061575,Efektivitas & Efisiensi,Efektivitas & Efisiensi,Efektivitas & Efisiensi,Efektivitas & Efisiensi,Negatif,Negatif,Negatif,Negatif,Efektivitas & Efisiensi_Negatif,,gk wajar buat mobil sampai 8 5m,789
790,@antonsutanso12,"gubernur kaltim mendengarkan aspirasi kok, buktinya mobilnya udh di kembalikan",https://www.tiktok.com/@millenialzkece/video/7621132387426061575,https://www.tiktok.com/@millenialzkece/video/7621132387426061575,Responsivitas,Responsivitas,Responsivitas,Responsivitas,Positif,Positif,Positif,Positif,Responsivitas_Positif,,gubernur kaltim mendengarkan aspirasi kok buktinya mobilnya udh di kembalikan,790
791,@khahut.nyak,nyindir doang ga berani berhentikan 🤣 3-27,https://www.tiktok.com/@millenialzkece/video/7621132387426061575,https://www.tiktok.com/@millenialzkece/video/7621132387426061575,Responsivitas,Responsivitas,Responsivitas,Responsivitas,Negatif,Negatif,Negatif,Negatif,Responsivitas_Negatif,,nyindir doang ga berani berhentikan 3 27,791
792,@a.l_277,Masaa di demo dulu bru klarifikasi. Piyee toooo,https://www.tiktok.com/@millenialzkece/video/7621132387426061575,https://www.tiktok.com/@millenialzkece/video/7621132387426061575,Responsivitas,Responsivitas,Responsivitas,Responsivitas,Negatif,Negatif,Negatif,Negatif,Responsivitas_Negatif,,masaa di demo dulu bru klarifikasi piyee toooo,792
793,@haulk_jhon,"gak nyindir, gak bakalan tu direspon sm rudy",https://www.tiktok.com/@millenialzkece/video/7621132387426061575,https://www.tiktok.com/@millenialzkece/video/7621132387426061575,Responsivitas,Responsivitas,Responsivitas,Responsivitas,Negatif,Negatif,Negatif,Negatif,Responsivitas_Negatif,,gak nyindir gak bakalan tu direspon sm rudy,793
794,@deo.super6,"hanyaa yaa hanyaaa 700jt, ingat itu uang pajak rakyattt",https://www.tiktok.com/@millenialzkece/video/7621132387426061575,https://www.tiktok.com/@millenialzkece/video/7621132387426061575,Efektivitas & Efisiensi,Efektivitas & Efisiensi,Efektivitas & Efisiensi,Efektivitas & Efisiensi,Negatif,Negatif,Negatif,Negatif,Efektivitas & Efisiensi_Negatif,,hanyaa yaa hanyaaa 700jt ingat itu uang pajak rakyattt,794
795,@minepack.id,HANYA? 700JT?! 3-28,https://www.tiktok.com/@millenialzkece/video/7621132387426061575,https://www.tiktok.com/@millenialzkece/video/7621132387426061575,Efektivitas & Efisiensi,Efektivitas & Efisiensi,Efektivitas & Efisiensi,Efektivitas & Efisiensi,Negatif,Negatif,Negatif,Negatif,Efektivitas & Efisiensi_Negatif,,hanya 700jt 3 28,795
796,@erwinpurnama885,jalan nya di perbaiki biar bisa make avanza 4-7,https://www.tiktok.com/@erwinpurnama885,https://www.tiktok.com/@suka.otom0tif/video/7612478466214104328,Efektivitas & Efisiensi,Efektivitas & Efisiensi,Efektivitas & Efisiensi,Efektivitas & Efisiensi,Negatif,Negatif,Negatif,Negatif,Efektivitas & Efisiensi_Negatif,,jalan nya di perbaiki biar bisa make avanza 4 7,796
797,@natte094,gw aja malu sama pemerintah gw sendiri di kaltim😂 3-22,https://www.tiktok.com/@natte094,https://www.tiktok.com/@themis.law3/video/7612442626234633480,Akuntabilitas,Akuntabilitas,Akuntabilitas,Akuntabilitas,Negatif,Negatif,Negatif,Negatif,Akuntabilitas_Negatif,,gw aja malu sama pemerintah gw sendiri di kaltim 3 22,797
798,@mnurrahman20,"nah jalanya bang yg mau di lewatin mobil 8,5 m😳 3-5",https://www.tiktok.com/@mnurrahman20,https://www.tiktok.com/@botakteras/video/7613416347250314517,Efektivitas & Efisiensi,Efektivitas & Efisiensi,Efektivitas & Efisiensi,Efektivitas & Efisiensi,Negatif,Negatif,Negatif,Negatif,Efektivitas & Efisiensi_Negatif,,nah jalanya bang yg mau di lewatin mobil 8 5 m 3 5,798
799,@user4050227010443,perlu dipriksa 2-18,https://www.tiktok.com/@user4050227010443,https://www.tiktok.com/@ashepsayfullq/video/7608021220088433936,Akuntabilitas,Akuntabilitas,Akuntabilitas,Akuntabilitas,Negatif,Negatif,Negatif,Negatif,Akuntabilitas_Negatif,,perlu dipriksa 2 18,799
800,@bung_hew,tegur ❎ sindir✅ 3-20,https://www.tiktok.com/@bung_hew,https://www.tiktok.com/@beritasatuofficial/video/7619163357022997780,Responsivitas,Responsivitas,Responsivitas,Responsivitas,Negatif,Negatif,Negatif,Negatif,Responsivitas_Negatif,,tegur sindir 3 20,800
