No,Username Komentator,Komentar,URL Profil Komentator,URL Postingan TikTok,Aspek Prediksi,Sentimen Prediksi,Kategori Masalah
1,@reee.olve,ala kadarnya jangan dong 3 27,https://www.tiktok.com/@reee.olve,https://www.tiktok.com/@fans_pak_prabowo/video/7621100320243928341,Akuntabilitas,Negatif,1. Kesenjangan gaya hidup mewah pejabat (termasuk keluarga) vs kondisi rakyat
2,@yog7188,apalah artinya hidup mewah kalau di atas penderitaan rakyatnya 3 29,https://www.tiktok.com/@yog7188,https://www.tiktok.com/@keadilanfiktif/video/7615447599402798357,Akuntabilitas,Negatif,1. Kesenjangan gaya hidup mewah pejabat (termasuk keluarga) vs kondisi rakyat
3,@yosiyossi482,arwah masyarakat 3 4,https://www.tiktok.com/@yosiyossi482,https://www.tiktok.com/@sigit_sugiana/video/7612287428258237704,Akuntabilitas,Negatif,1. Kesenjangan gaya hidup mewah pejabat (termasuk keluarga) vs kondisi rakyat
4,@atmajagirimartopawiro,auranya kuat sekali apakah kalian tau aura apa 2 25 17 2k,https://www.tiktok.com/@atmajagirimartopawiro,https://www.tiktok.com/@metropolitan.id/video/7610646870599175445,Akuntabilitas,Negatif,1. Kesenjangan gaya hidup mewah pejabat (termasuk keluarga) vs kondisi rakyat
5,@w.19_b1o,bawa2 kata marwah 3 4,https://www.tiktok.com/@w.19_b1o,https://www.tiktok.com/@ae_affiliat/video/7612919691111107848,Akuntabilitas,Negatif,1. Kesenjangan gaya hidup mewah pejabat (termasuk keluarga) vs kondisi rakyat
6,@eyiiiiiinnnnn,bener pak jangan pakai mobil jelek kasian kan bapak bawa ratu sofia 2 26,https://www.tiktok.com/@eyiiiiiinnnnn,https://www.tiktok.com/@metropolitan.id/video/7610646870599175445,Akuntabilitas,Negatif,1. Kesenjangan gaya hidup mewah pejabat (termasuk keluarga) vs kondisi rakyat
7,@anindanie12,berasa kate middleton banget dah 2 26 35 2k,https://www.tiktok.com/@anindanie12,https://www.tiktok.com/@media_indonesia/video/7611183349964524821,Akuntabilitas,Negatif,1. Kesenjangan gaya hidup mewah pejabat (termasuk keluarga) vs kondisi rakyat
8,@erdedy1965,bersaudara ingin hidup mewahan 3 3,https://www.tiktok.com/@erdedy1965,https://www.tiktok.com/@balikpapantv_official/video/7612479352479026453,Akuntabilitas,Negatif,1. Kesenjangan gaya hidup mewah pejabat (termasuk keluarga) vs kondisi rakyat
9,@sandi_21.21,bibirnya itu nah 2 27,https://www.tiktok.com/@sandi_21.21,https://www.tiktok.com/@libra.pahing1/video/7611302313097153813,Akuntabilitas,Negatif,1. Kesenjangan gaya hidup mewah pejabat (termasuk keluarga) vs kondisi rakyat
10,@user116829135,bilang saja gengsi pakai mobil murah 2 25,https://www.tiktok.com/@user116829135,https://www.tiktok.com/@metropolitan.id/video/7610646870599175445,Akuntabilitas,Negatif,1. Kesenjangan gaya hidup mewah pejabat (termasuk keluarga) vs kondisi rakyat
11,@imelkristin472,bilang saja mau fasilitas mewah walaupun jln msih bnyak yang rusak 4 16,https://www.tiktok.com/@imelkristin472,https://www.tiktok.com/@ip.alphawolf/video/7629140462753926420,Akuntabilitas,Negatif,1. Kesenjangan gaya hidup mewah pejabat (termasuk keluarga) vs kondisi rakyat
12,@rizalerda6,buat beli mantel salju lagi 3 6,https://www.tiktok.com/@rizalerda6,https://www.tiktok.com/@sentilin_indonesia/video/7613820353550306581,Akuntabilitas,Negatif,1. Kesenjangan gaya hidup mewah pejabat (termasuk keluarga) vs kondisi rakyat
13,@siswantiismid1,cantikkan gubernur kami 2 27,https://www.tiktok.com/@siswantiismid1,https://www.tiktok.com/@media_indonesia/video/7611183349964524821,Akuntabilitas,Negatif,1. Kesenjangan gaya hidup mewah pejabat (termasuk keluarga) vs kondisi rakyat
14,@mriam.mriam13,dah keliatan dari aura nya aura tolong diisi titik titiknya gaez 2 26,https://www.tiktok.com/@mriam.mriam13,https://www.tiktok.com/@the_amor70/video/7610666343985138951,Akuntabilitas,Negatif,1. Kesenjangan gaya hidup mewah pejabat (termasuk keluarga) vs kondisi rakyat
15,@satriaraynaldy,demi marwah kaltim 3 5,https://www.tiktok.com/@satriaraynaldy,https://www.tiktok.com/@kompastv_jateng/video/7613321888445615381,Akuntabilitas,Negatif,1. Kesenjangan gaya hidup mewah pejabat (termasuk keluarga) vs kondisi rakyat
16,@yaelahbeb,dia ikutin sherly tjoanda ya 2 27,https://www.tiktok.com/@yaelahbeb,https://www.tiktok.com/@media_indonesia/video/7611183349964524821,Akuntabilitas,Negatif,1. Kesenjangan gaya hidup mewah pejabat (termasuk keluarga) vs kondisi rakyat
17,@ijorsboyyy_,dijaga dong marwah mobilnya masa mobilnya bagus yang naik jelek 3 28,https://www.tiktok.com/@ijorsboyyy_,https://www.tiktok.com/@fans_pak_prabowo/video/7621100320243928341,Akuntabilitas,Negatif,1. Kesenjangan gaya hidup mewah pejabat (termasuk keluarga) vs kondisi rakyat
18,@xuxicarls,dikira ini era bridgerton kali 2 27,https://www.tiktok.com/@xuxicarls,https://www.tiktok.com/@media_indonesia/video/7611183349964524821,Akuntabilitas,Negatif,1. Kesenjangan gaya hidup mewah pejabat (termasuk keluarga) vs kondisi rakyat
19,@alyasofi26,diliatin banget kasta pejabat sama rakyatnya yuk kpk bisa yukk 2 28,https://www.tiktok.com/@alyasofi26,https://www.tiktok.com/@arteranews.id/video/7611460664074390804,Akuntabilitas,Negatif,1. Kesenjangan gaya hidup mewah pejabat (termasuk keluarga) vs kondisi rakyat
20,@wahyu.tri.larasat1,fashionable itu hak beliau tapi ngga pas di situasi ekonomi global yang baru hancur saat ini plgi tidak pas pemakaian dng kondisi tempat yang di kunjungi 3 3,https://www.tiktok.com/@wahyu.tri.larasat1,https://www.tiktok.com/@sindonews/video/7611810371535375633,Akuntabilitas,Negatif,1. Kesenjangan gaya hidup mewah pejabat (termasuk keluarga) vs kondisi rakyat
21,@dani_wijaya22,gaya elit kinerja sulit 3 5,https://www.tiktok.com/@dani_wijaya22,https://www.tiktok.com/@ummu.3.anak/video/7613157935157464340,Akuntabilitas,Negatif,1. Kesenjangan gaya hidup mewah pejabat (termasuk keluarga) vs kondisi rakyat
22,@wattimena4,gaya tidak sesuai dengan kinerja 3 20,https://www.tiktok.com/@wattimena4,https://www.tiktok.com/@ashepsayfullq/video/7608021220088433936,Akuntabilitas,Negatif,1. Kesenjangan gaya hidup mewah pejabat (termasuk keluarga) vs kondisi rakyat
23,@army16556,gemes ngelihat nya ih tidak tau mau komen apa si marwah aku panggil dia si marwah aj lah 3 27,https://www.tiktok.com/@army16556,https://www.tiktok.com/@f.405_/video/7612591026666048789,Akuntabilitas,Negatif,1. Kesenjangan gaya hidup mewah pejabat (termasuk keluarga) vs kondisi rakyat
24,@user267962229,gubernur kalteng no gengsi 3 2,https://www.tiktok.com/@user267962229,https://www.tiktok.com/@sahambijak0/video/7611953329421421845,Akuntabilitas,Negatif,1. Kesenjangan gaya hidup mewah pejabat (termasuk keluarga) vs kondisi rakyat
25,@dhewspt,gubernur kaltim rudy mas ud istri gubernur kaltim sarifah suraidah anggota dpr ri ketua dprd kaltim hasan mas ud walikota balikpapan rahmad mas ud ketua kadim putri amanda nurrahmadi katanya keponakan mantan bupati penajam paser utara abdul gafur mas ud ott kpk 3 5,https://www.tiktok.com/@dhewspt,https://www.tiktok.com/@ae_affiliat/video/7612919691111107848,Akuntabilitas,Negatif,1. Kesenjangan gaya hidup mewah pejabat (termasuk keluarga) vs kondisi rakyat
26,@mrking135cc,gugup dia 2 27,https://www.tiktok.com/@mrking135cc,https://www.tiktok.com/@libra.pahing1/video/7611302313097153813,Akuntabilitas,Negatif,1. Kesenjangan gaya hidup mewah pejabat (termasuk keluarga) vs kondisi rakyat
27,@sunride_21,harusnya rasain jadi warga naik motor lewat situ bukan duduk manis pake sopir 2 28,https://www.tiktok.com/@sunride_21,https://www.tiktok.com/@arteranews.id/video/7611460664074390804,Akuntabilitas,Negatif,1. Kesenjangan gaya hidup mewah pejabat (termasuk keluarga) vs kondisi rakyat
28,@moutya25,ibu maaf fashion nya ke sering aku liat di kota tua jakarta 2 27,https://www.tiktok.com/@moutya25,https://www.tiktok.com/@media_indonesia/video/7611183349964524821,Akuntabilitas,Negatif,1. Kesenjangan gaya hidup mewah pejabat (termasuk keluarga) vs kondisi rakyat
29,@don2.sky,ingat marwa kata nya marwa 3 4,https://www.tiktok.com/@don2.sky,https://www.tiktok.com/@botakteras/video/7613416347250314517,Akuntabilitas,Negatif,1. Kesenjangan gaya hidup mewah pejabat (termasuk keluarga) vs kondisi rakyat
30,@valata_nia,jodoh adalah cerminan gua percaya banget sama tuh kata kata kali ini 2 27,https://www.tiktok.com/@valata_nia,https://www.tiktok.com/@media_indonesia/video/7611183349964524821,Akuntabilitas,Negatif,1. Kesenjangan gaya hidup mewah pejabat (termasuk keluarga) vs kondisi rakyat
31,@annalulamii,kalau di usut gmn dengan org2 yang bersangkutan dengan pengadaan barang ya dri jabat sibuk urus marwah bkn urut warga kaltim 5 5,https://www.tiktok.com/@annalulamii,https://www.tiktok.com/@aby.drone/video/7631155160395402516,Akuntabilitas,Negatif,1. Kesenjangan gaya hidup mewah pejabat (termasuk keluarga) vs kondisi rakyat
32,@iniirakaa,kalau pake triton buat istrinya tidak masuk bang istri pak gubernurnya kan orang eropa bang 3 5,https://www.tiktok.com/@iniirakaa,https://www.tiktok.com/@botakteras/video/7613416347250314517,Akuntabilitas,Negatif,1. Kesenjangan gaya hidup mewah pejabat (termasuk keluarga) vs kondisi rakyat
33,@ammy.id,kalo alasan si gubernur itu biar kaltim terlihat hebat atau bermarwah buktikan dg kerja nyata makmurkan warganya majukan daerahnya dan jangan korupsi bukan dg bergaya pake mobil mewah dari duit rakyat 2 23,https://www.tiktok.com/@ammy.id,https://www.tiktok.com/@kutai.dailynews/video/7609068555455253780,Akuntabilitas,Negatif,1. Kesenjangan gaya hidup mewah pejabat (termasuk keluarga) vs kondisi rakyat
34,@jupanaasih,kami emang harus naik mobil 8 5m kak liat saja kami disamarinda emang bangsawan 3 5,https://www.tiktok.com/@jupanaasih,https://www.tiktok.com/@botakteras/video/7613416347250314517,Akuntabilitas,Negatif,1. Kesenjangan gaya hidup mewah pejabat (termasuk keluarga) vs kondisi rakyat
35,@pemerhatikalaucocokjadi,kebaya saja tapi over power banget cantiknya 2 27,https://www.tiktok.com/@pemerhatikalaucocokjadi,https://www.tiktok.com/@media_indonesia/video/7611183349964524821,Akuntabilitas,Negatif,1. Kesenjangan gaya hidup mewah pejabat (termasuk keluarga) vs kondisi rakyat
36,@aditya_sukaryo05,kenapa mau di kembalikan itu kan marwah kaltim 3 5,https://www.tiktok.com/@aditya_sukaryo05,https://www.tiktok.com/@kompastv_jateng/video/7613321888445615381,Akuntabilitas,Negatif,1. Kesenjangan gaya hidup mewah pejabat (termasuk keluarga) vs kondisi rakyat
37,@oonxray,kenapa ngak rubocon saja beli 3 20,https://www.tiktok.com/@oonxray,https://www.tiktok.com/@suka.otom0tif/video/7612478466214104328,Akuntabilitas,Negatif,1. Kesenjangan gaya hidup mewah pejabat (termasuk keluarga) vs kondisi rakyat
38,@iwanjane,kenape lo usap hidung 3 6,https://www.tiktok.com/@iwanjane,https://www.tiktok.com/@themis.law3/video/7612442626234633480,Akuntabilitas,Negatif,1. Kesenjangan gaya hidup mewah pejabat (termasuk keluarga) vs kondisi rakyat
39,@m3llong,kita jaga marwah kalimantan timur 2 27,https://www.tiktok.com/@m3llong,https://www.tiktok.com/@balikpapan.aerial/video/7611418293752253703,Akuntabilitas,Negatif,1. Kesenjangan gaya hidup mewah pejabat (termasuk keluarga) vs kondisi rakyat
40,@sa_midzi16,knp jgn lo manusia2 juga marwah atau validasi yang lo kejar 2 27,https://www.tiktok.com/@sa_midzi16,https://www.tiktok.com/@mr.random1945/video/7611212543067213074,Akuntabilitas,Negatif,1. Kesenjangan gaya hidup mewah pejabat (termasuk keluarga) vs kondisi rakyat
41,@peci_logor,ko di kembalikan gmna donk marwah gubernur kaltim 3 6,https://www.tiktok.com/@peci_logor,https://www.tiktok.com/@kompastv_jateng/video/7613321888445615381,Akuntabilitas,Negatif,1. Kesenjangan gaya hidup mewah pejabat (termasuk keluarga) vs kondisi rakyat
42,@arif2291,ko tidak risih yaa naiknya padahal kan rakyat 2 22,https://www.tiktok.com/@arif2291,https://www.tiktok.com/@kutai.dailynews/video/7609068555455253780,Akuntabilitas,Negatif,1. Kesenjangan gaya hidup mewah pejabat (termasuk keluarga) vs kondisi rakyat
43,@rumani.garmun,kpk perlu chek ni duit rakyat buat mewah2 an tapi jlnan ampun 3 7,https://www.tiktok.com/@rumani.garmun,https://www.tiktok.com/@tikuskokberdasi/video/7613343929244618005,Akuntabilitas,Negatif,1. Kesenjangan gaya hidup mewah pejabat (termasuk keluarga) vs kondisi rakyat
44,@shanapuri,lagi maen ratu ratuan 2 27 16 1k,https://www.tiktok.com/@shanapuri,https://www.tiktok.com/@media_indonesia/video/7611183349964524821,Akuntabilitas,Negatif,1. Kesenjangan gaya hidup mewah pejabat (termasuk keluarga) vs kondisi rakyat
45,@ham0724,lamis lamis menjaga marwah itu bgmn mensejahterakan rakyatnya memperbaiki infrastruktur yang baik 3 1,https://www.tiktok.com/@ham0724,https://www.tiktok.com/@beritaenamdua/video/7612139610507873557,Akuntabilitas,Negatif,1. Kesenjangan gaya hidup mewah pejabat (termasuk keluarga) vs kondisi rakyat
46,@notimeforlove2005,liat istrinya dlu 3 5,https://www.tiktok.com/@notimeforlove2005,https://www.tiktok.com/@suka.otom0tif/video/7612478466214104328,Akuntabilitas,Negatif,1. Kesenjangan gaya hidup mewah pejabat (termasuk keluarga) vs kondisi rakyat
47,@.hartanto,maklum saja dulu waktu pilgub habis banyak wajarlah mintak fasilitas yang mewah 3 1,https://www.tiktok.com/@.hartanto,https://www.tiktok.com/@beritaenamdua/video/7612139610507873557,Akuntabilitas,Negatif,1. Kesenjangan gaya hidup mewah pejabat (termasuk keluarga) vs kondisi rakyat
48,@repyy5,malah foya foya 2 28,https://www.tiktok.com/@repyy5,https://www.tiktok.com/@relung.id/video/7611773381997890833,Akuntabilitas,Negatif,1. Kesenjangan gaya hidup mewah pejabat (termasuk keluarga) vs kondisi rakyat
49,@nur.habiba5,marwa weeee 3 5,https://www.tiktok.com/@nur.habiba5,https://www.tiktok.com/@ummu.3.anak/video/7613157935157464340,Akuntabilitas,Negatif,1. Kesenjangan gaya hidup mewah pejabat (termasuk keluarga) vs kondisi rakyat
50,@tradingpvpsistemasi,marwah apa pak kerja mu jg apa 3 5,https://www.tiktok.com/@tradingpvpsistemasi,https://www.tiktok.com/@f.405_/video/7612591026666048789,Akuntabilitas,Negatif,1. Kesenjangan gaya hidup mewah pejabat (termasuk keluarga) vs kondisi rakyat
51,@denny_baraguna,marwah bos marwah bukan arwah ya 3 19,https://www.tiktok.com/@denny_baraguna,https://www.tiktok.com/@sigit_sugiana/video/7612287428258237704,Akuntabilitas,Negatif,1. Kesenjangan gaya hidup mewah pejabat (termasuk keluarga) vs kondisi rakyat
52,@korneliusnorkemno,marwah dari hongkong 3 1,https://www.tiktok.com/@korneliusnorkemno,https://www.tiktok.com/@dokmus05/video/7610810591543823636,Akuntabilitas,Negatif,1. Kesenjangan gaya hidup mewah pejabat (termasuk keluarga) vs kondisi rakyat
53,@jokouban,marwah iku opo yooo 4 23,https://www.tiktok.com/@jokouban,https://www.tiktok.com/@damarmart/video/7631483584649481479,Akuntabilitas,Negatif,1. Kesenjangan gaya hidup mewah pejabat (termasuk keluarga) vs kondisi rakyat
54,@esdawetrizqi,marwah itu dari pola pikir untuk masyarakat nya gimana cara nya masyarakat nya sejahtera kalo mobil itu nama nya menyenangkan diri sendiri dan untuk pribadi 3 28,https://www.tiktok.com/@esdawetrizqi,https://www.tiktok.com/@keadilanfiktif/video/7615447599402798357,Akuntabilitas,Negatif,1. Kesenjangan gaya hidup mewah pejabat (termasuk keluarga) vs kondisi rakyat
55,@user364899351,marwah itu spa sij arti dan tujuannya 2 28,https://www.tiktok.com/@user364899351,https://www.tiktok.com/@morrodin88/video/7611104729929747733,Akuntabilitas,Negatif,1. Kesenjangan gaya hidup mewah pejabat (termasuk keluarga) vs kondisi rakyat
56,@refankaalgazi586,marwah kaltim 3 6,https://www.tiktok.com/@refankaalgazi586,https://www.tiktok.com/@ummu.3.anak/video/7613157935157464340,Akuntabilitas,Negatif,1. Kesenjangan gaya hidup mewah pejabat (termasuk keluarga) vs kondisi rakyat
57,@wayan.suartika63,marwah kaltim hrs nya rakyt nya sejahtera dan infrastruktur nya bagus itu baru good job 3 1,https://www.tiktok.com/@wayan.suartika63,https://www.tiktok.com/@arnews91/video/7612104540015414548,Akuntabilitas,Negatif,1. Kesenjangan gaya hidup mewah pejabat (termasuk keluarga) vs kondisi rakyat
58,@bakul_cilok86,marwah kaltim pingin naik mobil bagus 3 3,https://www.tiktok.com/@bakul_cilok86,https://www.tiktok.com/@the_amor70/video/7610666343985138951,Akuntabilitas,Negatif,1. Kesenjangan gaya hidup mewah pejabat (termasuk keluarga) vs kondisi rakyat
59,@fairuz_yeni,marwah marwah 3 6,https://www.tiktok.com/@fairuz_yeni,https://www.tiktok.com/@ummu.3.anak/video/7613157935157464340,Akuntabilitas,Negatif,1. Kesenjangan gaya hidup mewah pejabat (termasuk keluarga) vs kondisi rakyat
60,@bundaningrum66,marwah marwah preeetttt 4 25,https://www.tiktok.com/@bundaningrum66,https://www.tiktok.com/@asbo.titha/video/7632508094207085842,Akuntabilitas,Negatif,1. Kesenjangan gaya hidup mewah pejabat (termasuk keluarga) vs kondisi rakyat
61,@arieummunisa,marwah opo gengsi tho pak 2 27,https://www.tiktok.com/@arieummunisa,https://www.tiktok.com/@balikpapan.aerial/video/7611418293752253703,Akuntabilitas,Negatif,1. Kesenjangan gaya hidup mewah pejabat (termasuk keluarga) vs kondisi rakyat
62,@widjajanto88,marwah pejabat ditentukan keberhasilan dia mensejahterakan rakyatnya bukan mempersolek diri sendiri 2 25,https://www.tiktok.com/@widjajanto88,https://www.tiktok.com/@wglobalmedia/video/7610699657475329298,Akuntabilitas,Negatif,1. Kesenjangan gaya hidup mewah pejabat (termasuk keluarga) vs kondisi rakyat
63,@achiang.abie,marwah pemimpin tidak ditentukan oleh seberapa mahal harga mobil yang di tumpanginya yang notabene nya dari uang rakyat marwah seorang pemimpin di tentukan oleh seberapa berhasilnya beliau memimpin mensejahterakan dan menegakkan keadilan sosial rakyatnya 2 28,https://www.tiktok.com/@achiang.abie,https://www.tiktok.com/@morrodin88/video/7611104729929747733,Akuntabilitas,Negatif,1. Kesenjangan gaya hidup mewah pejabat (termasuk keluarga) vs kondisi rakyat
64,@khoriati.riati,marwah preeeeeeeeeeet 4 25,https://www.tiktok.com/@khoriati.riati,https://www.tiktok.com/@asbo.titha/video/7632508094207085842,Akuntabilitas,Negatif,1. Kesenjangan gaya hidup mewah pejabat (termasuk keluarga) vs kondisi rakyat
65,@m.panjaitan.86,marwah sampai segitu yang nama nya marwah ya 3 3,https://www.tiktok.com/@m.panjaitan.86,https://www.tiktok.com/@ae_affiliat/video/7612919691111107848,Akuntabilitas,Negatif,1. Kesenjangan gaya hidup mewah pejabat (termasuk keluarga) vs kondisi rakyat
66,@johanthasmin,marwah untuk pribadi 4 25,https://www.tiktok.com/@johanthasmin,https://www.tiktok.com/@asbo.titha/video/7632508094207085842,Akuntabilitas,Negatif,1. Kesenjangan gaya hidup mewah pejabat (termasuk keluarga) vs kondisi rakyat
67,@vio.verdianto,marwah yang buat cuman satu orang tapi dibilang seluruh provinsi wkwkw 2 25,https://www.tiktok.com/@vio.verdianto,https://www.tiktok.com/@wglobalmedia/video/7610699657475329298,Akuntabilitas,Negatif,1. Kesenjangan gaya hidup mewah pejabat (termasuk keluarga) vs kondisi rakyat
68,@fauzanov_azimov,marwahnya kamu 3 27,https://www.tiktok.com/@fauzanov_azimov,https://www.tiktok.com/@f.405_/video/7612591026666048789,Akuntabilitas,Negatif,1. Kesenjangan gaya hidup mewah pejabat (termasuk keluarga) vs kondisi rakyat
69,@dhenzhan_37,masa iya mobil nya bagus yang naik nya jelek jaga dong marwah mobil nya 3 31,https://www.tiktok.com/@dhenzhan_37,https://www.tiktok.com/@sahambijak0/video/7611953329421421845,Akuntabilitas,Negatif,1. Kesenjangan gaya hidup mewah pejabat (termasuk keluarga) vs kondisi rakyat
70,@pandirecper2,masa iya mobil nya bagus yang naik nya jelek jangan dong jaga marwah mobil nya 4 22,https://www.tiktok.com/@pandirecper2,https://www.tiktok.com/@apasaja2825/video/7620377571229781269,Akuntabilitas,Negatif,1. Kesenjangan gaya hidup mewah pejabat (termasuk keluarga) vs kondisi rakyat
71,@sergiofernando921,masa iya mobilnya mahal dan bagus tapi yang naiknya jelek jangan dong jaga marwah mobilnya 5 20,https://www.tiktok.com/@sergiofernando921,https://www.tiktok.com/@themis.law3/video/7612442626234633480,Akuntabilitas,Negatif,1. Kesenjangan gaya hidup mewah pejabat (termasuk keluarga) vs kondisi rakyat
72,@idazah200882,masa iya mobilnya mewah yang naik jelek jgn doong 3 1,https://www.tiktok.com/@idazah200882,https://www.tiktok.com/@metropolitan.id/video/7610646870599175445,Akuntabilitas,Negatif,1. Kesenjangan gaya hidup mewah pejabat (termasuk keluarga) vs kondisi rakyat
73,@elaajaa38,masa iyah mobil nya merosot jangan dong 4 26,https://www.tiktok.com/@elaajaa38,https://www.tiktok.com/@sahambijak0/video/7611953329421421845,Akuntabilitas,Negatif,1. Kesenjangan gaya hidup mewah pejabat (termasuk keluarga) vs kondisi rakyat
74,@eenjii641,masa mobil bagus yang naik jelek jaga dong marwah mobilnya 3 23 36 7k,https://www.tiktok.com/@eenjii641,https://www.tiktok.com/@themis.law3/video/7612442626234633480,Akuntabilitas,Negatif,1. Kesenjangan gaya hidup mewah pejabat (termasuk keluarga) vs kondisi rakyat
75,@maya.yes21,masa mobil mewah yang naik jelek jaga donk marwah mobilnya 3 22,https://www.tiktok.com/@maya.yes21,https://www.tiktok.com/@themis.law3/video/7612442626234633480,Akuntabilitas,Negatif,1. Kesenjangan gaya hidup mewah pejabat (termasuk keluarga) vs kondisi rakyat
76,@baitabung_14,masa mobil nya mewah yang naikin biasa saja jngan dong jaga dong marwah mobilnya 4 18,https://www.tiktok.com/@baitabung_14,https://www.tiktok.com/@ip.alphawolf/video/7629140462753926420,Akuntabilitas,Negatif,1. Kesenjangan gaya hidup mewah pejabat (termasuk keluarga) vs kondisi rakyat
77,@rezaramdani251,masa mobilnya bagus yang naiknya jelek jangan dong 3 20,https://www.tiktok.com/@rezaramdani251,https://www.tiktok.com/@detik.lebak/video/7612096372824608008,Akuntabilitas,Negatif,1. Kesenjangan gaya hidup mewah pejabat (termasuk keluarga) vs kondisi rakyat
78,@_ikramb0,masa mobilnya mewah yang naik jlk jngan dong 3 27,https://www.tiktok.com/@_ikramb0,https://www.tiktok.com/@fans_pak_prabowo/video/7621100320243928341,Akuntabilitas,Negatif,1. Kesenjangan gaya hidup mewah pejabat (termasuk keluarga) vs kondisi rakyat
79,@afifahgzl,masa rumah dinas bagus2 yang nempatin jelek jangan donk 4 7,https://www.tiktok.com/@afifahgzl,https://www.tiktok.com/@kumparan/video/7626011966401694997,Akuntabilitas,Negatif,1. Kesenjangan gaya hidup mewah pejabat (termasuk keluarga) vs kondisi rakyat
80,@telusurisaja2,masak iya masak iya marwahnya bukan di mobil pak ke sejahteraan rakyat kalimantan tuh marwah nya pak 3 6,https://www.tiktok.com/@telusurisaja2,https://www.tiktok.com/@themis.law3/video/7612442626234633480,Akuntabilitas,Negatif,1. Kesenjangan gaya hidup mewah pejabat (termasuk keluarga) vs kondisi rakyat
81,@andrebarbara643,masak iya mobil nya bgus yang pakek alakadarnya mcm ini jngn dong jaga marwah mobilnya itu 4 25,https://www.tiktok.com/@andrebarbara643,https://www.tiktok.com/@asbo.titha/video/7632508094207085842,Akuntabilitas,Negatif,1. Kesenjangan gaya hidup mewah pejabat (termasuk keluarga) vs kondisi rakyat
82,@irpan_putra24,masak mobil 8m dinaikin orang ala kadarnya janganndong kasihan mobilnya 3 26,https://www.tiktok.com/@irpan_putra24,https://www.tiktok.com/@fans_pak_prabowo/video/7621100320243928341,Akuntabilitas,Negatif,1. Kesenjangan gaya hidup mewah pejabat (termasuk keluarga) vs kondisi rakyat
83,@bara_andara,masak mobil bagus yang naik mukanya ala kadarnya jangan dong 3 26 30 1k,https://www.tiktok.com/@bara_andara,https://www.tiktok.com/@fans_pak_prabowo/video/7621100320243928341,Akuntabilitas,Negatif,1. Kesenjangan gaya hidup mewah pejabat (termasuk keluarga) vs kondisi rakyat
84,@gun.awan339,mau buatan indonesia tapi mobil kdmp belinya di luar negeri,https://www.tiktok.com/@gun.awan339,https://www.tiktok.com/@fans_pak_prabowo/video/7621100320243928341,Akuntabilitas,Negatif,1. Kesenjangan gaya hidup mewah pejabat (termasuk keluarga) vs kondisi rakyat
85,@mustofingah0,mau mobil mahal maupun mobil murah bagi rakyat tidak ngaruh yang penting kerjanya untuk rakyat aneh aneh bukanya mikir rakyatnya gmn malah mikirin marwah jdi pejabat 2 26,https://www.tiktok.com/@mustofingah0,https://www.tiktok.com/@kutai.dailynews/video/7609068555455253780,Akuntabilitas,Negatif,1. Kesenjangan gaya hidup mewah pejabat (termasuk keluarga) vs kondisi rakyat
86,@kokosalim23,menjaga marwah keluarganya 3 3,https://www.tiktok.com/@kokosalim23,https://www.tiktok.com/@ae_affiliat/video/7612919691111107848,Akuntabilitas,Negatif,1. Kesenjangan gaya hidup mewah pejabat (termasuk keluarga) vs kondisi rakyat
87,@tugion1,menurut saya pemimpin kaltim pemimpin x royal tapi tidak masarakat x pecat saja gass 4 22,https://www.tiktok.com/@tugion1,https://www.tiktok.com/@aby.drone/video/7631155160395402516,Akuntabilitas,Negatif,1. Kesenjangan gaya hidup mewah pejabat (termasuk keluarga) vs kondisi rakyat
88,@user4752781248182,mobil untuk keluarga gengsi nya dia sendiriiiiiiiiii 2 27,https://www.tiktok.com/@user4752781248182,https://www.tiktok.com/@operasikhusus/video/7610752915036310791,Akuntabilitas,Negatif,1. Kesenjangan gaya hidup mewah pejabat (termasuk keluarga) vs kondisi rakyat
89,@hafidh.alhanif,mobilnya bagus yang naiknya jelek jangan dong jaga marwah mobilnya dong 3 25,https://www.tiktok.com/@hafidh.alhanif,https://www.tiktok.com/@fans_pak_prabowo/video/7621100320243928341,Akuntabilitas,Negatif,1. Kesenjangan gaya hidup mewah pejabat (termasuk keluarga) vs kondisi rakyat
90,@akigalau.55,nepal kan bos ku 4 25,https://www.tiktok.com/@akigalau.55,https://www.tiktok.com/@asbo.titha/video/7632508094207085842,Akuntabilitas,Negatif,1. Kesenjangan gaya hidup mewah pejabat (termasuk keluarga) vs kondisi rakyat
91,@chassie549,nepalkan 4 23,https://www.tiktok.com/@chassie549,https://www.tiktok.com/@aditya.yudono/video/7631554392633675028,Akuntabilitas,Negatif,1. Kesenjangan gaya hidup mewah pejabat (termasuk keluarga) vs kondisi rakyat
92,@widodowidodo422,owalahh gengsi di gedein 2 27,https://www.tiktok.com/@widodowidodo422,https://www.tiktok.com/@wglobalmedia/video/7610699657475329298,Akuntabilitas,Negatif,1. Kesenjangan gaya hidup mewah pejabat (termasuk keluarga) vs kondisi rakyat
93,@junaida.ida319,pakaian nya istrinya seperti putri diana 3 11,https://www.tiktok.com/@junaida.ida319,https://www.tiktok.com/@f.405_/video/7612591026666048789,Akuntabilitas,Negatif,1. Kesenjangan gaya hidup mewah pejabat (termasuk keluarga) vs kondisi rakyat
94,@priambodobagas29,pemimpij yang mirip raja louis 14 di prancis ini 3 5,https://www.tiktok.com/@priambodobagas29,https://www.tiktok.com/@tikuskokberdasi/video/7613343929244618005,Akuntabilitas,Negatif,1. Kesenjangan gaya hidup mewah pejabat (termasuk keluarga) vs kondisi rakyat
95,@habiebiemu,please jaga marwah ya guys 3 26,https://www.tiktok.com/@habiebiemu,https://www.tiktok.com/@fans_pak_prabowo/video/7621100320243928341,Akuntabilitas,Negatif,1. Kesenjangan gaya hidup mewah pejabat (termasuk keluarga) vs kondisi rakyat
96,@ree_aree_,rudy mas ud gubernur kaltim hasanuddin mas ud kakak nya ketua dprd kaltim rahmad mas ud kakak nya walikota balikpapan sarifah suraidah istri nya komisi vi dpr ri golkar abdul gafur mas ud adik nya bupati penajam paser utara ott kpk 2022 nih 2 28,https://www.tiktok.com/@ree_aree_,https://www.tiktok.com/@sindonews/video/7611810371535375633,Akuntabilitas,Negatif,1. Kesenjangan gaya hidup mewah pejabat (termasuk keluarga) vs kondisi rakyat
97,@usernamenotfound12329,sebuah daerah dilihat dari masyarakatnya bukan dari kekayaan pemimpinnya 3 7,https://www.tiktok.com/@usernamenotfound12329,https://www.tiktok.com/@sentilin_indonesia/video/7613820353550306581,Akuntabilitas,Negatif,1. Kesenjangan gaya hidup mewah pejabat (termasuk keluarga) vs kondisi rakyat
98,@papabotuna,senang di atas penderitaan masyarakat 3 7,https://www.tiktok.com/@papabotuna,https://www.tiktok.com/@politikdotin/video/7612142044219231508,Akuntabilitas,Negatif,1. Kesenjangan gaya hidup mewah pejabat (termasuk keluarga) vs kondisi rakyat
99,@ajol15,si gubernur tukang makan marwah 3 4,https://www.tiktok.com/@ajol15,https://www.tiktok.com/@ae_affiliat/video/7612919691111107848,Akuntabilitas,Negatif,1. Kesenjangan gaya hidup mewah pejabat (termasuk keluarga) vs kondisi rakyat
100,@qiyu_qiyu_86,si paling marwah 2 27,https://www.tiktok.com/@qiyu_qiyu_86,https://www.tiktok.com/@balikpapan.aerial/video/7611418293752253703,Akuntabilitas,Negatif,1. Kesenjangan gaya hidup mewah pejabat (termasuk keluarga) vs kondisi rakyat
101,@outofthebox404,sibuk jaga marwah rakyatnya hampir jadi arwah 3 3,https://www.tiktok.com/@outofthebox404,https://www.tiktok.com/@ae_affiliat/video/7612919691111107848,Akuntabilitas,Negatif,1. Kesenjangan gaya hidup mewah pejabat (termasuk keluarga) vs kondisi rakyat
102,@solih_nigam,sipaling marwah 5 22,https://www.tiktok.com/@solih_nigam,https://www.tiktok.com/@suka.otom0tif/video/7612478466214104328,Akuntabilitas,Negatif,1. Kesenjangan gaya hidup mewah pejabat (termasuk keluarga) vs kondisi rakyat
103,@putra.mahkota6589,soal marwah di bicarakan tapi rakyatnya menderita dasar gubernur konoha 4 25,https://www.tiktok.com/@putra.mahkota6589,https://www.tiktok.com/@asbo.titha/video/7632508094207085842,Akuntabilitas,Negatif,1. Kesenjangan gaya hidup mewah pejabat (termasuk keluarga) vs kondisi rakyat
104,@azkakhairielazzam,stiker gubernur nya lagi foya foya 4 23,https://www.tiktok.com/@azkakhairielazzam,https://www.tiktok.com/@ibarat_azra/video/7631776481781271826,Akuntabilitas,Negatif,1. Kesenjangan gaya hidup mewah pejabat (termasuk keluarga) vs kondisi rakyat
105,@kepo.banget.sih756,stiker marwah nama aing 4 23,https://www.tiktok.com/@kepo.banget.sih756,https://www.tiktok.com/@ibarat_azra/video/7631776481781271826,Akuntabilitas,Negatif,1. Kesenjangan gaya hidup mewah pejabat (termasuk keluarga) vs kondisi rakyat
106,@feridios,terlalu gengsi 3 20,https://www.tiktok.com/@feridios,https://www.tiktok.com/@wargawargi2025/video/7619281381293755669,Akuntabilitas,Negatif,1. Kesenjangan gaya hidup mewah pejabat (termasuk keluarga) vs kondisi rakyat
107,@nendysiskandar,terlalu tinggi gaya hidupnya 2 27,https://www.tiktok.com/@nendysiskandar,https://www.tiktok.com/@aimambandung/video/7611327878239620372,Akuntabilitas,Negatif,1. Kesenjangan gaya hidup mewah pejabat (termasuk keluarga) vs kondisi rakyat
108,@zambudisusilo42,ternyata gaya kepemimpinan nya hedon 2 26,https://www.tiktok.com/@zambudisusilo42,https://www.tiktok.com/@dokmus05/video/7610810591543823636,Akuntabilitas,Negatif,1. Kesenjangan gaya hidup mewah pejabat (termasuk keluarga) vs kondisi rakyat
109,@ovi.yoon.noona,tidak ada fashion stylishnya kaah 2 27 30 9k,https://www.tiktok.com/@ovi.yoon.noona,https://www.tiktok.com/@media_indonesia/video/7611183349964524821,Akuntabilitas,Negatif,1. Kesenjangan gaya hidup mewah pejabat (termasuk keluarga) vs kondisi rakyat
110,@rival.ristiawan,tidak logis dong rumah dinasnya cakep yang nempatin jelek 4 7 27 4k,https://www.tiktok.com/@rival.ristiawan,https://www.tiktok.com/@kumparan/video/7626011966401694997,Akuntabilitas,Negatif,1. Kesenjangan gaya hidup mewah pejabat (termasuk keluarga) vs kondisi rakyat
111,@mart7401,warwah kalimantan 3 4,https://www.tiktok.com/@mart7401,https://www.tiktok.com/@detik.lebak/video/7612096372824608008,Akuntabilitas,Negatif,1. Kesenjangan gaya hidup mewah pejabat (termasuk keluarga) vs kondisi rakyat
112,@hajicicik,yang pentg istrix bajux mahal2 3 5,https://www.tiktok.com/@hajicicik,https://www.tiktok.com/@ae_affiliat/video/7612919691111107848,Akuntabilitas,Negatif,1. Kesenjangan gaya hidup mewah pejabat (termasuk keluarga) vs kondisi rakyat
113,@daenganto_738,yang penting jaga maruwa 2 28,https://www.tiktok.com/@daenganto_738,https://www.tiktok.com/@harianda19/video/7611777664621350164,Akuntabilitas,Negatif,1. Kesenjangan gaya hidup mewah pejabat (termasuk keluarga) vs kondisi rakyat
114,@pejuang.rupiah2572,yang penting jaga marwah 4 21,https://www.tiktok.com/@pejuang.rupiah2572,https://www.tiktok.com/@aby.drone/video/7631155160395402516,Akuntabilitas,Negatif,1. Kesenjangan gaya hidup mewah pejabat (termasuk keluarga) vs kondisi rakyat
115,@anhari_li,alasan saja lembali padahal tetap dipakai kpk periksa guburnur kkn itu 3 4,https://www.tiktok.com/@anhari_li,https://www.tiktok.com/@beritakukar/video/7613011166838738196,Akuntabilitas,Negatif,2. Dugaan penyalahgunaan wewenang/korupsi & tuntutan pemeriksaan/penindakan hukum
116,@helmibatubara20,audit dana pajak kaltim 3 21,https://www.tiktok.com/@helmibatubara20,https://www.tiktok.com/@relung.id/video/7611814381126520065,Akuntabilitas,Negatif,2. Dugaan penyalahgunaan wewenang/korupsi & tuntutan pemeriksaan/penindakan hukum
117,@user4917255918830,audit segera 2 27,https://www.tiktok.com/@user4917255918830,https://www.tiktok.com/@aimambandung/video/7611327878239620372,Akuntabilitas,Negatif,2. Dugaan penyalahgunaan wewenang/korupsi & tuntutan pemeriksaan/penindakan hukum
118,@ariesariel_,bisakah ktp 3 5,https://www.tiktok.com/@ariesariel_,https://www.tiktok.com/@relung.id/video/7611814381126520065,Akuntabilitas,Negatif,2. Dugaan penyalahgunaan wewenang/korupsi & tuntutan pemeriksaan/penindakan hukum
119,@messidiego12,bubenur koropsi ituh tdak benar 5 1,https://www.tiktok.com/@messidiego12,https://www.tiktok.com/@asbo.titha/video/7632508094207085842,Akuntabilitas,Negatif,2. Dugaan penyalahgunaan wewenang/korupsi & tuntutan pemeriksaan/penindakan hukum
120,@rara86477,cek kpk 2 26,https://www.tiktok.com/@rara86477,https://www.tiktok.com/@ashepsayfullq/video/7608021220088433936,Akuntabilitas,Negatif,2. Dugaan penyalahgunaan wewenang/korupsi & tuntutan pemeriksaan/penindakan hukum
121,@godok698,ciri korop 2 26,https://www.tiktok.com/@godok698,https://www.tiktok.com/@mata_publik_/video/7608632050790239495,Akuntabilitas,Negatif,2. Dugaan penyalahgunaan wewenang/korupsi & tuntutan pemeriksaan/penindakan hukum
122,@sangmantan898,emang kpk berani menyelidiki masalah ini oh tidak 3 4,https://www.tiktok.com/@sangmantan898,https://www.tiktok.com/@beritakukar/video/7613011166838738196,Akuntabilitas,Negatif,2. Dugaan penyalahgunaan wewenang/korupsi & tuntutan pemeriksaan/penindakan hukum
123,@boby_46,entoottt 2 25,https://www.tiktok.com/@boby_46,https://www.tiktok.com/@wglobalmedia/video/7610699657475329298,Akuntabilitas,Negatif,2. Dugaan penyalahgunaan wewenang/korupsi & tuntutan pemeriksaan/penindakan hukum
124,@candra.fahmi,gubernur kaltim ini org paling kuat se indonesia bahkan kpk dan kejaksaan pun g mampu menyentuhnya 3 5,https://www.tiktok.com/@candra.fahmi,https://www.tiktok.com/@kompastv_jateng/video/7613321888445615381,Akuntabilitas,Negatif,2. Dugaan penyalahgunaan wewenang/korupsi & tuntutan pemeriksaan/penindakan hukum
125,@thuama73,hanya kpk harapan kita 2 27,https://www.tiktok.com/@thuama73,https://www.tiktok.com/@aimambandung/video/7611327878239620372,Akuntabilitas,Negatif,2. Dugaan penyalahgunaan wewenang/korupsi & tuntutan pemeriksaan/penindakan hukum
126,@gerimis.mengundan040,harap2 di panggil sma kpk 2 27,https://www.tiktok.com/@gerimis.mengundan040,https://www.tiktok.com/@libra.pahing1/video/7611302313097153813,Akuntabilitas,Negatif,2. Dugaan penyalahgunaan wewenang/korupsi & tuntutan pemeriksaan/penindakan hukum
127,@user4831345691684tomi,harus di pantau itu 3 9,https://www.tiktok.com/@user4831345691684tomi,https://www.tiktok.com/@relung.id/video/7611814381126520065,Akuntabilitas,Negatif,2. Dugaan penyalahgunaan wewenang/korupsi & tuntutan pemeriksaan/penindakan hukum
128,@putralumajang41,harus di periksa kpk 3 7,https://www.tiktok.com/@putralumajang41,https://www.tiktok.com/@relung.id/video/7611814381126520065,Akuntabilitas,Negatif,2. Dugaan penyalahgunaan wewenang/korupsi & tuntutan pemeriksaan/penindakan hukum
129,@mamakhitzzz,hello kpk 2 27,https://www.tiktok.com/@mamakhitzzz,https://www.tiktok.com/@aimambandung/video/7611327878239620372,Akuntabilitas,Negatif,2. Dugaan penyalahgunaan wewenang/korupsi & tuntutan pemeriksaan/penindakan hukum
130,@arbain.cuy,ini baru betul ada apa gbernur ngotot kpk harus turun tangan semoga ada kesalahan dengan mobil ini apa ada kong kolingkong nya 3 22,https://www.tiktok.com/@arbain.cuy,https://www.tiktok.com/@relung.id/video/7611814381126520065,Akuntabilitas,Negatif,2. Dugaan penyalahgunaan wewenang/korupsi & tuntutan pemeriksaan/penindakan hukum
131,@arief.arf,ini kpk enggak curiga apa 3 9,https://www.tiktok.com/@arief.arf,https://www.tiktok.com/@sentilin_indonesia/video/7613820353550306581,Akuntabilitas,Negatif,2. Dugaan penyalahgunaan wewenang/korupsi & tuntutan pemeriksaan/penindakan hukum
132,@rheiiiio,ini serius kpk tidak curiga 4 7 12 2k,https://www.tiktok.com/@rheiiiio,https://www.tiktok.com/@kumparan/video/7626011966401694997,Akuntabilitas,Negatif,2. Dugaan penyalahgunaan wewenang/korupsi & tuntutan pemeriksaan/penindakan hukum
133,@pandujuansyahcihvu,jam juga mahal itu weded korupsi terossssss 2 25,https://www.tiktok.com/@pandujuansyahcihvu,https://www.tiktok.com/@wglobalmedia/video/7610699657475329298,Akuntabilitas,Negatif,2. Dugaan penyalahgunaan wewenang/korupsi & tuntutan pemeriksaan/penindakan hukum
134,@kang_yanto1981,jangan cuma dipantau segera sidak pasti terbukti 3 21,https://www.tiktok.com/@kang_yanto1981,https://www.tiktok.com/@relung.id/video/7611814381126520065,Akuntabilitas,Negatif,2. Dugaan penyalahgunaan wewenang/korupsi & tuntutan pemeriksaan/penindakan hukum
135,@masagus130888,kalau dana pribadi nya sendiri ya gpp yang penting jangan uang dari korupsi 3 24,https://www.tiktok.com/@masagus130888,https://www.tiktok.com/@morrodin88/video/7611104729929747733,Akuntabilitas,Negatif,2. Dugaan penyalahgunaan wewenang/korupsi & tuntutan pemeriksaan/penindakan hukum
136,@arilsamsung778,korop 1 kluarga pjbat nys 3 9,https://www.tiktok.com/@arilsamsung778,https://www.tiktok.com/@relung.id/video/7611773381997890833,Akuntabilitas,Negatif,2. Dugaan penyalahgunaan wewenang/korupsi & tuntutan pemeriksaan/penindakan hukum
137,@thomo.thomo5,kpk cumah pantau saja ko bisa yah 3 9,https://www.tiktok.com/@thomo.thomo5,https://www.tiktok.com/@relung.id/video/7611814381126520065,Akuntabilitas,Negatif,2. Dugaan penyalahgunaan wewenang/korupsi & tuntutan pemeriksaan/penindakan hukum
138,@dannylamoren,kpk diam2 saja sudah dpt amplop coklat 3 4,https://www.tiktok.com/@dannylamoren,https://www.tiktok.com/@beritakukar/video/7613011166838738196,Akuntabilitas,Negatif,2. Dugaan penyalahgunaan wewenang/korupsi & tuntutan pemeriksaan/penindakan hukum
139,@in948,kpk harus gerak cepat mantaap 3 5,https://www.tiktok.com/@in948,https://www.tiktok.com/@relung.id/video/7611814381126520065,Akuntabilitas,Negatif,2. Dugaan penyalahgunaan wewenang/korupsi & tuntutan pemeriksaan/penindakan hukum
140,@useramp86moors,kpk jgn tinggal diam 3 4,https://www.tiktok.com/@useramp86moors,https://www.tiktok.com/@beritakukar/video/7613011166838738196,Akuntabilitas,Negatif,2. Dugaan penyalahgunaan wewenang/korupsi & tuntutan pemeriksaan/penindakan hukum
141,@edyjunedi97,kpk ko diem 2 26,https://www.tiktok.com/@edyjunedi97,https://www.tiktok.com/@wglobalmedia/video/7610699657475329298,Akuntabilitas,Negatif,2. Dugaan penyalahgunaan wewenang/korupsi & tuntutan pemeriksaan/penindakan hukum
142,@sofieyanayana,kpk lagi tidur 5 4,https://www.tiktok.com/@sofieyanayana,https://www.tiktok.com/@keadilanfiktif/video/7615447599402798357,Akuntabilitas,Negatif,2. Dugaan penyalahgunaan wewenang/korupsi & tuntutan pemeriksaan/penindakan hukum
143,@nazir.ziran,kpk mana 3 10,https://www.tiktok.com/@nazir.ziran,https://www.tiktok.com/@keadilanfiktif/video/7615447599402798357,Akuntabilitas,Negatif,2. Dugaan penyalahgunaan wewenang/korupsi & tuntutan pemeriksaan/penindakan hukum
144,@riyangriyang8,kpk mana 3 13,https://www.tiktok.com/@riyangriyang8,https://www.tiktok.com/@keadilanfiktif/video/7615447599402798357,Akuntabilitas,Negatif,2. Dugaan penyalahgunaan wewenang/korupsi & tuntutan pemeriksaan/penindakan hukum
145,@noviaaa72_,kpk mana 3 3,https://www.tiktok.com/@noviaaa72_,https://www.tiktok.com/@ae_affiliat/video/7612919691111107848,Akuntabilitas,Negatif,2. Dugaan penyalahgunaan wewenang/korupsi & tuntutan pemeriksaan/penindakan hukum
146,@sevven06,kpk mana 4 8,https://www.tiktok.com/@sevven06,https://www.tiktok.com/@aimambandung/video/7611327878239620372,Akuntabilitas,Negatif,2. Dugaan penyalahgunaan wewenang/korupsi & tuntutan pemeriksaan/penindakan hukum
147,@public_dark_system,kpk mana kpk 2 28,https://www.tiktok.com/@public_dark_system,https://www.tiktok.com/@sindonews/video/7611810371535375633,Akuntabilitas,Negatif,2. Dugaan penyalahgunaan wewenang/korupsi & tuntutan pemeriksaan/penindakan hukum
148,@ibnu17490,kpk periksa ini orang udah 1 thn memimpin tidak ada perkembangan 2 27,https://www.tiktok.com/@ibnu17490,https://www.tiktok.com/@metropolitan.id/video/7610646870599175445,Akuntabilitas,Negatif,2. Dugaan penyalahgunaan wewenang/korupsi & tuntutan pemeriksaan/penindakan hukum
149,@putraderita920,kpk tidak becus usut gobernur dan ketua dewan kal tim 3 24,https://www.tiktok.com/@putraderita920,https://www.tiktok.com/@relung.id/video/7611814381126520065,Akuntabilitas,Negatif,2. Dugaan penyalahgunaan wewenang/korupsi & tuntutan pemeriksaan/penindakan hukum
150,@yantokhan2026,kpk tolong ini org di audit 5 4,https://www.tiktok.com/@yantokhan2026,https://www.tiktok.com/@ip.alphawolf/video/7629140462753926420,Akuntabilitas,Negatif,2. Dugaan penyalahgunaan wewenang/korupsi & tuntutan pemeriksaan/penindakan hukum
151,@starwowx,kpk tolong periksa gubernurnya 3 5,https://www.tiktok.com/@starwowx,https://www.tiktok.com/@kompastv_jateng/video/7613321888445615381,Akuntabilitas,Negatif,2. Dugaan penyalahgunaan wewenang/korupsi & tuntutan pemeriksaan/penindakan hukum
152,@linahastaririn1,ktp ku kaltim tapi aku tinggal di jatim ya allah podo ae pingin pindah ke maluku saja rasanya 5 23,https://www.tiktok.com/@linahastaririn1,https://www.tiktok.com/@tripol.co/video/7642126377168293141,Akuntabilitas,Negatif,2. Dugaan penyalahgunaan wewenang/korupsi & tuntutan pemeriksaan/penindakan hukum
153,@asep.sujana778,kuropsi besar besaran buat beli mobil 3 2,https://www.tiktok.com/@asep.sujana778,https://www.tiktok.com/@harianda19/video/7611777664621350164,Akuntabilitas,Negatif,2. Dugaan penyalahgunaan wewenang/korupsi & tuntutan pemeriksaan/penindakan hukum
154,@deafajar_,lapor kpk lsg turun 2 18,https://www.tiktok.com/@deafajar_,https://www.tiktok.com/@ashepsayfullq/video/7608021220088433936,Akuntabilitas,Negatif,2. Dugaan penyalahgunaan wewenang/korupsi & tuntutan pemeriksaan/penindakan hukum
155,@fachry939,liatin itu ad terdaftr d kpk atau tidak 3 4,https://www.tiktok.com/@fachry939,https://www.tiktok.com/@beritakukar/video/7613011166838738196,Akuntabilitas,Negatif,2. Dugaan penyalahgunaan wewenang/korupsi & tuntutan pemeriksaan/penindakan hukum
156,@saidahida1804,mana suaranya kpk 4 21,https://www.tiktok.com/@saidahida1804,https://www.tiktok.com/@keadilanfiktif/video/7615447599402798357,Akuntabilitas,Negatif,2. Dugaan penyalahgunaan wewenang/korupsi & tuntutan pemeriksaan/penindakan hukum
157,@pelloarief,masyrakat kaltim milih gubernur nya karena isi amplop 3 7,https://www.tiktok.com/@pelloarief,https://www.tiktok.com/@sentilin_indonesia/video/7613820353550306581,Akuntabilitas,Negatif,2. Dugaan penyalahgunaan wewenang/korupsi & tuntutan pemeriksaan/penindakan hukum
158,@nuryati5144,memperkaya diri 5 16,https://www.tiktok.com/@nuryati5144,https://www.tiktok.com/@aditya.yudono/video/7631554392633675028,Akuntabilitas,Negatif,2. Dugaan penyalahgunaan wewenang/korupsi & tuntutan pemeriksaan/penindakan hukum
159,@a.m.sangaji,mobil 8 5 m nya dibawa jln ke ikn katanya mau di balikan eh malah ketahuan dibawa jln hebat pulau gue 3 5,https://www.tiktok.com/@a.m.sangaji,https://www.tiktok.com/@botakteras/video/7613416347250314517,Akuntabilitas,Negatif,2. Dugaan penyalahgunaan wewenang/korupsi & tuntutan pemeriksaan/penindakan hukum
160,@sonyakhbar5,ngapo di pulangke mana kpk usut tuntas 3 2,https://www.tiktok.com/@sonyakhbar5,https://www.tiktok.com/@beritakukar/video/7612310183590530324,Akuntabilitas,Negatif,2. Dugaan penyalahgunaan wewenang/korupsi & tuntutan pemeriksaan/penindakan hukum
161,@user985588728,orangnya unik nyentrik kalo baik tidak papa sih duit2 dia sendiri yang penting tidak korupsi sih bagiku aman2 saja pakaiannya wlpun agak lain tapi sopan 3 19,https://www.tiktok.com/@user985588728,https://www.tiktok.com/@sindonews/video/7611810371535375633,Akuntabilitas,Negatif,2. Dugaan penyalahgunaan wewenang/korupsi & tuntutan pemeriksaan/penindakan hukum
162,@ukan122,pantas saja jln ini tidak baik kerena uang negara di belikan mobil usur kpk 3 6,https://www.tiktok.com/@ukan122,https://www.tiktok.com/@relung.id/video/7611773381997890833,Akuntabilitas,Negatif,2. Dugaan penyalahgunaan wewenang/korupsi & tuntutan pemeriksaan/penindakan hukum
163,@kingsamurai79,pejabat bawahan itu mencobtoh atasannya 2 27,https://www.tiktok.com/@kingsamurai79,https://www.tiktok.com/@libra.pahing1/video/7611302313097153813,Akuntabilitas,Negatif,2. Dugaan penyalahgunaan wewenang/korupsi & tuntutan pemeriksaan/penindakan hukum
164,@sabay.sabaruddin,pemalsuan no polisi itu pidana 3 5,https://www.tiktok.com/@sabay.sabaruddin,https://www.tiktok.com/@beritakukar/video/7613011166838738196,Akuntabilitas,Negatif,2. Dugaan penyalahgunaan wewenang/korupsi & tuntutan pemeriksaan/penindakan hukum
165,@ahmad.riduansyah4,periksa kpk gubernur kaltim 2 27,https://www.tiktok.com/@ahmad.riduansyah4,https://www.tiktok.com/@aimambandung/video/7611327878239620372,Akuntabilitas,Negatif,2. Dugaan penyalahgunaan wewenang/korupsi & tuntutan pemeriksaan/penindakan hukum
166,@user4050227010443,perlu dipriksa 2 18,https://www.tiktok.com/@user4050227010443,https://www.tiktok.com/@ashepsayfullq/video/7608021220088433936,Akuntabilitas,Negatif,2. Dugaan penyalahgunaan wewenang/korupsi & tuntutan pemeriksaan/penindakan hukum
167,@user9875935317875,perlu diusut semua proyek pasti ada indikasi tim sukses 3 3,https://www.tiktok.com/@user9875935317875,https://www.tiktok.com/@beritakukar/video/7612310183590530324,Akuntabilitas,Negatif,2. Dugaan penyalahgunaan wewenang/korupsi & tuntutan pemeriksaan/penindakan hukum
168,@cuttank04,pertanyaan nya kenapa nda di periksa 5 10,https://www.tiktok.com/@cuttank04,https://www.tiktok.com/@apasaja2825/video/7620377571229781269,Akuntabilitas,Negatif,2. Dugaan penyalahgunaan wewenang/korupsi & tuntutan pemeriksaan/penindakan hukum
169,@paul07116,punya harta 166m dari mana saja tuh 4 23,https://www.tiktok.com/@paul07116,https://www.tiktok.com/@prabsri1/video/7631102459582336277,Akuntabilitas,Negatif,2. Dugaan penyalahgunaan wewenang/korupsi & tuntutan pemeriksaan/penindakan hukum
170,@papa.r3672,real kita ini sebenarnya sedang dijajah orang kita sendiri 3 5,https://www.tiktok.com/@papa.r3672,https://www.tiktok.com/@beritakukar/video/7613011166838738196,Akuntabilitas,Negatif,2. Dugaan penyalahgunaan wewenang/korupsi & tuntutan pemeriksaan/penindakan hukum
171,@irone4403,salam nggarong lanjut 3 6,https://www.tiktok.com/@irone4403,https://www.tiktok.com/@tikuskokberdasi/video/7613343929244618005,Akuntabilitas,Negatif,2. Dugaan penyalahgunaan wewenang/korupsi & tuntutan pemeriksaan/penindakan hukum
172,@carlo_haris_cepy,satu kata kaltim kalbar korups 5 15,https://www.tiktok.com/@carlo_haris_cepy,https://www.tiktok.com/@prapancas/video/7631918131128061191,Akuntabilitas,Negatif,2. Dugaan penyalahgunaan wewenang/korupsi & tuntutan pemeriksaan/penindakan hukum
173,@hengkyloem,takut di periksa kpk 3 5,https://www.tiktok.com/@hengkyloem,https://www.tiktok.com/@kompastv_jateng/video/7613321888445615381,Akuntabilitas,Negatif,2. Dugaan penyalahgunaan wewenang/korupsi & tuntutan pemeriksaan/penindakan hukum
174,@sinaga.parjalang61,tangkap 3 6,https://www.tiktok.com/@sinaga.parjalang61,https://www.tiktok.com/@relung.id/video/7611814381126520065,Akuntabilitas,Negatif,2. Dugaan penyalahgunaan wewenang/korupsi & tuntutan pemeriksaan/penindakan hukum
175,@dede.m46,tolong kpk ke kaltim usut dulu dinastinya 3 2,https://www.tiktok.com/@dede.m46,https://www.tiktok.com/@relung.id/video/7611814381126520065,Akuntabilitas,Negatif,2. Dugaan penyalahgunaan wewenang/korupsi & tuntutan pemeriksaan/penindakan hukum
176,@amai_882,tolong kpk kemana 2 27,https://www.tiktok.com/@amai_882,https://www.tiktok.com/@aimambandung/video/7611327878239620372,Akuntabilitas,Negatif,2. Dugaan penyalahgunaan wewenang/korupsi & tuntutan pemeriksaan/penindakan hukum
177,@lidi4774,udah ketakutan sama kpk 3 2,https://www.tiktok.com/@lidi4774,https://www.tiktok.com/@beritakukar/video/7612310183590530324,Akuntabilitas,Negatif,2. Dugaan penyalahgunaan wewenang/korupsi & tuntutan pemeriksaan/penindakan hukum
178,@usripc13,usut kpk 3 4,https://www.tiktok.com/@usripc13,https://www.tiktok.com/@relung.id/video/7611773381997890833,Akuntabilitas,Negatif,2. Dugaan penyalahgunaan wewenang/korupsi & tuntutan pemeriksaan/penindakan hukum
179,@jodhashaim18,warga nya bayar pajak cuma buat d nikmati pejabat nya 3 2,https://www.tiktok.com/@jodhashaim18,https://www.tiktok.com/@detik.lebak/video/7612096372824608008,Akuntabilitas,Negatif,2. Dugaan penyalahgunaan wewenang/korupsi & tuntutan pemeriksaan/penindakan hukum
180,@zambudisusilo42,yang udah tau cara lapor ada dugaan gratifikasi atau korupsi ayo lapor ke kpk biar cpat di usut 3 6,https://www.tiktok.com/@zambudisusilo42,https://www.tiktok.com/@beritakukar/video/7612310183590530324,Akuntabilitas,Negatif,2. Dugaan penyalahgunaan wewenang/korupsi & tuntutan pemeriksaan/penindakan hukum
181,@grbalaborneo5,adek kakak sama saja 3 2,https://www.tiktok.com/@grbalaborneo5,https://www.tiktok.com/@balikpapantv_official/video/7612479352479026453,Akuntabilitas,Negatif,3. Dugaan dinasti politik/nepotisme keluarga pejabat
182,@user59705545935216,dinasti 3 8,https://www.tiktok.com/@user59705545935216,https://www.tiktok.com/@ompro_autocaree/video/7614061884127317266,Akuntabilitas,Negatif,3. Dugaan dinasti politik/nepotisme keluarga pejabat
183,@denierwandierwand,dinasti politik 3 9,https://www.tiktok.com/@denierwandierwand,https://www.tiktok.com/@ompro_autocaree/video/7614061884127317266,Akuntabilitas,Negatif,3. Dugaan dinasti politik/nepotisme keluarga pejabat
184,@rasipinanuar1,kasih yang terbaik dan tak dpt dilupakan oleh dinastinya 4 30,https://www.tiktok.com/@rasipinanuar1,https://www.tiktok.com/@prapancas/video/7631918131128061191,Akuntabilitas,Negatif,3. Dugaan dinasti politik/nepotisme keluarga pejabat
185,@usripc13,keluarga dinasti itu 3 8,https://www.tiktok.com/@usripc13,https://www.tiktok.com/@ompro_autocaree/video/7614061884127317266,Akuntabilitas,Negatif,3. Dugaan dinasti politik/nepotisme keluarga pejabat
186,@ayahjihad,ketua dprd kaltim abangnya lagi 3 8,https://www.tiktok.com/@ayahjihad,https://www.tiktok.com/@ompro_autocaree/video/7614061884127317266,Akuntabilitas,Negatif,3. Dugaan dinasti politik/nepotisme keluarga pejabat
187,@user7874198281629,ketua mk pamannya 3 9,https://www.tiktok.com/@user7874198281629,https://www.tiktok.com/@ompro_autocaree/video/7614061884127317266,Akuntabilitas,Negatif,3. Dugaan dinasti politik/nepotisme keluarga pejabat
188,@petrus77.kuwer21,kroni nyavya tetap bela dia lah 3 3,https://www.tiktok.com/@petrus77.kuwer21,https://www.tiktok.com/@beritakukar/video/7612310183590530324,Akuntabilitas,Negatif,3. Dugaan dinasti politik/nepotisme keluarga pejabat
189,@ukiesandy3,lacau kaltim penentu kebijakan gub bersaudara 3 9,https://www.tiktok.com/@ukiesandy3,https://www.tiktok.com/@relung.id/video/7611773381997890833,Akuntabilitas,Negatif,3. Dugaan dinasti politik/nepotisme keluarga pejabat
190,@rendirandi741,mundur dri jabatanmu dn mundur dinastimu 4 21,https://www.tiktok.com/@rendirandi741,https://www.tiktok.com/@prabsri1/video/7631102459582336277,Akuntabilitas,Negatif,3. Dugaan dinasti politik/nepotisme keluarga pejabat
191,@mamianeu001,sodaraan 3 8,https://www.tiktok.com/@mamianeu001,https://www.tiktok.com/@ompro_autocaree/video/7614061884127317266,Akuntabilitas,Negatif,3. Dugaan dinasti politik/nepotisme keluarga pejabat
192,@penemu_rengginang0,bagus lah mumpung jadi pejabat kapan lagi kesempatan tidak datang dua kali 3 2,https://www.tiktok.com/@penemu_rengginang0,https://www.tiktok.com/@f.405_/video/7612591026666048789,Akuntabilitas,Negatif,"4. Kinerja kepemimpinan dinilai buruk/tidak berpihak ke rakyat, memanfaatkan jabatan untuk kepentingan pribadi"
193,@dewivirgo4233,baru 1 tahun jadi gub petatang peteteng hadeeh nyenggol kdm lagi 4 21,https://www.tiktok.com/@dewivirgo4233,https://www.tiktok.com/@prabsri1/video/7631102459582336277,Akuntabilitas,Negatif,"4. Kinerja kepemimpinan dinilai buruk/tidak berpihak ke rakyat, memanfaatkan jabatan untuk kepentingan pribadi"
194,@rajo_lenggang66,beginilah pejabat negeri konoha yang tamak 2 27,https://www.tiktok.com/@rajo_lenggang66,https://www.tiktok.com/@libra.pahing1/video/7611302313097153813,Akuntabilitas,Negatif,"4. Kinerja kepemimpinan dinilai buruk/tidak berpihak ke rakyat, memanfaatkan jabatan untuk kepentingan pribadi"
195,@nunuk.nurmawati,betul pak mumpung masih menjabat kpan lg minta ke rakyat kalau pas nggk menjabat 3 6,https://www.tiktok.com/@nunuk.nurmawati,https://www.tiktok.com/@f.405_/video/7612591026666048789,Akuntabilitas,Negatif,"4. Kinerja kepemimpinan dinilai buruk/tidak berpihak ke rakyat, memanfaatkan jabatan untuk kepentingan pribadi"
196,@asiaanur96,blunder terus ya gubernur kaltim ini 4 16,https://www.tiktok.com/@asiaanur96,https://www.tiktok.com/@ip.alphawolf/video/7629140462753926420,Akuntabilitas,Negatif,"4. Kinerja kepemimpinan dinilai buruk/tidak berpihak ke rakyat, memanfaatkan jabatan untuk kepentingan pribadi"
197,@dennykopi1,bukan untuk kepentingan pribadi tapi di pakai pribadi 3 3,https://www.tiktok.com/@dennykopi1,https://www.tiktok.com/@beritakukar/video/7612310183590530324,Akuntabilitas,Negatif,"4. Kinerja kepemimpinan dinilai buruk/tidak berpihak ke rakyat, memanfaatkan jabatan untuk kepentingan pribadi"
198,@user6229518541751,capeeee gw denger berita pejabat konoha tidak sensitif sama rakyat nya 2 25,https://www.tiktok.com/@user6229518541751,https://www.tiktok.com/@wglobalmedia/video/7610699657475329298,Akuntabilitas,Negatif,"4. Kinerja kepemimpinan dinilai buruk/tidak berpihak ke rakyat, memanfaatkan jabatan untuk kepentingan pribadi"
199,@dud......nak4,cerminan seorang pemimpin ketika rakyatnya sedang susah 4 23,https://www.tiktok.com/@dud......nak4,https://www.tiktok.com/@politikdotin/video/7612142044219231508,Akuntabilitas,Negatif,"4. Kinerja kepemimpinan dinilai buruk/tidak berpihak ke rakyat, memanfaatkan jabatan untuk kepentingan pribadi"
200,@lufiluv,contoh nyari pemimpin rakyat bukan untuk mementingkan rakyatnya 2 22,https://www.tiktok.com/@lufiluv,https://www.tiktok.com/@mata_publik_/video/7608632050790239495,Akuntabilitas,Negatif,"4. Kinerja kepemimpinan dinilai buruk/tidak berpihak ke rakyat, memanfaatkan jabatan untuk kepentingan pribadi"
201,@productcorporate,emang ada pemimpin yang mementingkan rakyat nya 2 25,https://www.tiktok.com/@productcorporate,https://www.tiktok.com/@metropolitan.id/video/7610646870599175445,Akuntabilitas,Negatif,"4. Kinerja kepemimpinan dinilai buruk/tidak berpihak ke rakyat, memanfaatkan jabatan untuk kepentingan pribadi"
202,@orang.orang212,gubenur kaltim harus belajar dari usman bin affan dia pemimpin yang takut rakyatnya ada yang lapar 3 6,https://www.tiktok.com/@orang.orang212,https://www.tiktok.com/@ashepsayfullq/video/7608021220088433936,Akuntabilitas,Negatif,"4. Kinerja kepemimpinan dinilai buruk/tidak berpihak ke rakyat, memanfaatkan jabatan untuk kepentingan pribadi"
203,@bang.jack7121,gubernur seperti ini yang bikin rakyat menjerit 4 23,https://www.tiktok.com/@bang.jack7121,https://www.tiktok.com/@aditya.yudono/video/7631554392633675028,Akuntabilitas,Negatif,"4. Kinerja kepemimpinan dinilai buruk/tidak berpihak ke rakyat, memanfaatkan jabatan untuk kepentingan pribadi"
204,@shiddiq85,gubernurnya cuman mementingkan diri sendiri 3 22,https://www.tiktok.com/@shiddiq85,https://www.tiktok.com/@3halll/video/7611863206281137428,Akuntabilitas,Negatif,"4. Kinerja kepemimpinan dinilai buruk/tidak berpihak ke rakyat, memanfaatkan jabatan untuk kepentingan pribadi"
205,@y_noooke,kalau bukan untuk kepentingan pribadi lha trus untuk kepentingan siapa 3 3,https://www.tiktok.com/@y_noooke,https://www.tiktok.com/@beritakukar/video/7612310183590530324,Akuntabilitas,Negatif,"4. Kinerja kepemimpinan dinilai buruk/tidak berpihak ke rakyat, memanfaatkan jabatan untuk kepentingan pribadi"
206,@sih.08_,kepala daerah kerjaanya apa mau tanyak 3 26,https://www.tiktok.com/@sih.08_,https://www.tiktok.com/@fans_pak_prabowo/video/7621100320243928341,Akuntabilitas,Negatif,"4. Kinerja kepemimpinan dinilai buruk/tidak berpihak ke rakyat, memanfaatkan jabatan untuk kepentingan pribadi"
207,@zorocodet71,mana dipikirinnya mikir kenyamanan sorang 3 30,https://www.tiktok.com/@zorocodet71,https://www.tiktok.com/@tikuskokberdasi/video/7613343929244618005,Akuntabilitas,Negatif,"4. Kinerja kepemimpinan dinilai buruk/tidak berpihak ke rakyat, memanfaatkan jabatan untuk kepentingan pribadi"
208,@cappucinomilktea22,mikirin diri sendiri dongg jatohnya 3 5,https://www.tiktok.com/@cappucinomilktea22,https://www.tiktok.com/@the_amor70/video/7610666343985138951,Akuntabilitas,Negatif,"4. Kinerja kepemimpinan dinilai buruk/tidak berpihak ke rakyat, memanfaatkan jabatan untuk kepentingan pribadi"
209,@gabygeboy858,mobil dipikirn penampilan no 1 kerja no sekian 3 6,https://www.tiktok.com/@gabygeboy858,https://www.tiktok.com/@themis.law3/video/7612442626234633480,Akuntabilitas,Negatif,"4. Kinerja kepemimpinan dinilai buruk/tidak berpihak ke rakyat, memanfaatkan jabatan untuk kepentingan pribadi"
210,@bunbunfina,moral pejabat indo begini amaat 2 27,https://www.tiktok.com/@bunbunfina,https://www.tiktok.com/@libra.pahing1/video/7611302313097153813,Akuntabilitas,Negatif,"4. Kinerja kepemimpinan dinilai buruk/tidak berpihak ke rakyat, memanfaatkan jabatan untuk kepentingan pribadi"
211,@komentator433,pemimpin sekarang kagak ada yang mikir rakyat 2 28,https://www.tiktok.com/@komentator433,https://www.tiktok.com/@arteranews.id/video/7611460664074390804,Akuntabilitas,Negatif,"4. Kinerja kepemimpinan dinilai buruk/tidak berpihak ke rakyat, memanfaatkan jabatan untuk kepentingan pribadi"
212,@umi.maimunah1,pikiraranya gubernur kaltim lgi rusak sama kyk jln nya 3 4,https://www.tiktok.com/@umi.maimunah1,https://www.tiktok.com/@ae_affiliat/video/7612919691111107848,Akuntabilitas,Negatif,"4. Kinerja kepemimpinan dinilai buruk/tidak berpihak ke rakyat, memanfaatkan jabatan untuk kepentingan pribadi"
213,@ajshdh128,semoga uang pribadinya bisa di gunakan untuk halnyg lebih bermanfaat buat rakyatnya kalau tidak bisa apa gunanya jadi pemimpin 2 18,https://www.tiktok.com/@ajshdh128,https://www.tiktok.com/@ashepsayfullq/video/7608021220088433936,Akuntabilitas,Negatif,"4. Kinerja kepemimpinan dinilai buruk/tidak berpihak ke rakyat, memanfaatkan jabatan untuk kepentingan pribadi"
214,@klik_fb,sudah nampak lebih mementingkan diri sendiri dari pada rakyat 3 4,https://www.tiktok.com/@klik_fb,https://www.tiktok.com/@ae_affiliat/video/7612919691111107848,Akuntabilitas,Negatif,"4. Kinerja kepemimpinan dinilai buruk/tidak berpihak ke rakyat, memanfaatkan jabatan untuk kepentingan pribadi"
215,@egizidan4,bergerak turun kan jabatanya 2 25,https://www.tiktok.com/@egizidan4,https://www.tiktok.com/@the_amor70/video/7610666343985138951,Akuntabilitas,Negatif,"5. Tuntutan pertanggungjawaban politik/tindakan tegas (evaluasi, pemecatan, desakan bertindak bukan sekadar sindir)"
216,@efendiwahi,copot gubernur ini ajak dprd untuk demo 3 6,https://www.tiktok.com/@efendiwahi,https://www.tiktok.com/@tikuskokberdasi/video/7613343929244618005,Akuntabilitas,Negatif,"5. Tuntutan pertanggungjawaban politik/tindakan tegas (evaluasi, pemecatan, desakan bertindak bukan sekadar sindir)"
217,@bulllynxx,cukup 1 periode 4 8,https://www.tiktok.com/@bulllynxx,https://www.tiktok.com/@kumparan/video/7626011966401694997,Akuntabilitas,Negatif,"5. Tuntutan pertanggungjawaban politik/tindakan tegas (evaluasi, pemecatan, desakan bertindak bukan sekadar sindir)"
218,@labontely,cukup 1 periode saja 2 22,https://www.tiktok.com/@labontely,https://www.tiktok.com/@ashepsayfullq/video/7608021220088433936,Akuntabilitas,Negatif,"5. Tuntutan pertanggungjawaban politik/tindakan tegas (evaluasi, pemecatan, desakan bertindak bukan sekadar sindir)"
219,@wiwin3084,cukup 1 priode z ya 3 4,https://www.tiktok.com/@wiwin3084,https://www.tiktok.com/@ae_affiliat/video/7612919691111107848,Akuntabilitas,Negatif,"5. Tuntutan pertanggungjawaban politik/tindakan tegas (evaluasi, pemecatan, desakan bertindak bukan sekadar sindir)"
220,@papi.utomo,cukup satu periode saja orang 2 25,https://www.tiktok.com/@papi.utomo,https://www.tiktok.com/@ashepsayfullq/video/7608021220088433936,Akuntabilitas,Negatif,"5. Tuntutan pertanggungjawaban politik/tindakan tegas (evaluasi, pemecatan, desakan bertindak bukan sekadar sindir)"
221,@mi.zmi,di tindak pak bukan disindir 3 20 40 4k,https://www.tiktok.com/@mi.zmi,https://www.tiktok.com/@beritasatuofficial/video/7619163357022997780,Akuntabilitas,Negatif,"5. Tuntutan pertanggungjawaban politik/tindakan tegas (evaluasi, pemecatan, desakan bertindak bukan sekadar sindir)"
222,@_beeyyyyy,dulu yang milih siapa sih 4 29,https://www.tiktok.com/@_beeyyyyy,https://www.tiktok.com/@themis.law3/video/7612442626234633480,Akuntabilitas,Negatif,"5. Tuntutan pertanggungjawaban politik/tindakan tegas (evaluasi, pemecatan, desakan bertindak bukan sekadar sindir)"
223,@marthametan4,ganti saja 2 18,https://www.tiktok.com/@marthametan4,https://www.tiktok.com/@ashepsayfullq/video/7608021220088433936,Akuntabilitas,Negatif,"5. Tuntutan pertanggungjawaban politik/tindakan tegas (evaluasi, pemecatan, desakan bertindak bukan sekadar sindir)"
224,@atepsahripin,ganti saja gubernur kaltim itu 2 18,https://www.tiktok.com/@atepsahripin,https://www.tiktok.com/@ashepsayfullq/video/7608021220088433936,Akuntabilitas,Negatif,"5. Tuntutan pertanggungjawaban politik/tindakan tegas (evaluasi, pemecatan, desakan bertindak bukan sekadar sindir)"
225,@achmad.malik40,jangan dipilih lagil 5 24,https://www.tiktok.com/@achmad.malik40,https://www.tiktok.com/@jollyroger.strawhat/video/7614678060616404245,Akuntabilitas,Negatif,"5. Tuntutan pertanggungjawaban politik/tindakan tegas (evaluasi, pemecatan, desakan bertindak bukan sekadar sindir)"
226,@sahidmridwan11,jgn di coblos lagi cukup 1 periode 2 28,https://www.tiktok.com/@sahidmridwan11,https://www.tiktok.com/@arteranews.id/video/7611460664074390804,Akuntabilitas,Negatif,"5. Tuntutan pertanggungjawaban politik/tindakan tegas (evaluasi, pemecatan, desakan bertindak bukan sekadar sindir)"
227,@user1758633159158sohib,kalimantan timur salah pilih gubernur 3 6,https://www.tiktok.com/@user1758633159158sohib,https://www.tiktok.com/@tikuskokberdasi/video/7613343929244618005,Akuntabilitas,Negatif,"5. Tuntutan pertanggungjawaban politik/tindakan tegas (evaluasi, pemecatan, desakan bertindak bukan sekadar sindir)"
228,@walencoklat,kalo nyindir doang mah tetangga gue sehari itu pak 3 20,https://www.tiktok.com/@walencoklat,https://www.tiktok.com/@beritasatuofficial/video/7619163357022997780,Akuntabilitas,Negatif,"5. Tuntutan pertanggungjawaban politik/tindakan tegas (evaluasi, pemecatan, desakan bertindak bukan sekadar sindir)"
229,@budi64_,kayanya nyesel banget tuh yang pilih dia jadi gubernur 3 7,https://www.tiktok.com/@budi64_,https://www.tiktok.com/@tikuskokberdasi/video/7613343929244618005,Akuntabilitas,Negatif,"5. Tuntutan pertanggungjawaban politik/tindakan tegas (evaluasi, pemecatan, desakan bertindak bukan sekadar sindir)"
230,@eeendi1132,kenapa kok gubernur bginan kok g lgsung di pecat saja 5 4,https://www.tiktok.com/@eeendi1132,https://www.tiktok.com/@aby.drone/video/7631155160395402516,Akuntabilitas,Negatif,"5. Tuntutan pertanggungjawaban politik/tindakan tegas (evaluasi, pemecatan, desakan bertindak bukan sekadar sindir)"
231,@vanekas13,kenapa masih di pertahan kan pak izin 4 23,https://www.tiktok.com/@vanekas13,https://www.tiktok.com/@apasaja2825/video/7620377571229781269,Akuntabilitas,Negatif,"5. Tuntutan pertanggungjawaban politik/tindakan tegas (evaluasi, pemecatan, desakan bertindak bukan sekadar sindir)"
232,@rendra.pratama491,klu d bagus terpilih jgn mundur 4 23,https://www.tiktok.com/@rendra.pratama491,https://www.tiktok.com/@damarmart/video/7631483584649481479,Akuntabilitas,Negatif,"5. Tuntutan pertanggungjawaban politik/tindakan tegas (evaluasi, pemecatan, desakan bertindak bukan sekadar sindir)"
233,@izanizan294,ksi trun gubernur nya terlluh 4 23,https://www.tiktok.com/@izanizan294,https://www.tiktok.com/@aditya.yudono/video/7631554392633675028,Akuntabilitas,Negatif,"5. Tuntutan pertanggungjawaban politik/tindakan tegas (evaluasi, pemecatan, desakan bertindak bukan sekadar sindir)"
234,@lilis.elyanty,lcopot saja langsung 5 10,https://www.tiktok.com/@lilis.elyanty,https://www.tiktok.com/@asbo.titha/video/7632508094207085842,Akuntabilitas,Negatif,"5. Tuntutan pertanggungjawaban politik/tindakan tegas (evaluasi, pemecatan, desakan bertindak bukan sekadar sindir)"
235,@rofie_pratama,mau tanya siapa yang pilih gubernur itu gubernur kaltim 5 27,https://www.tiktok.com/@rofie_pratama,https://www.tiktok.com/@tripol.co/video/7642126377168293141,Akuntabilitas,Negatif,"5. Tuntutan pertanggungjawaban politik/tindakan tegas (evaluasi, pemecatan, desakan bertindak bukan sekadar sindir)"
236,@rafbzzzedit,nyesel aku coblos dia 4 23,https://www.tiktok.com/@rafbzzzedit,https://www.tiktok.com/@bonekanegara.in/video/7631481627989839105,Akuntabilitas,Negatif,"5. Tuntutan pertanggungjawaban politik/tindakan tegas (evaluasi, pemecatan, desakan bertindak bukan sekadar sindir)"
237,@wiwingemoy920,pecat pakk jangan sindir 4 13,https://www.tiktok.com/@wiwingemoy920,https://www.tiktok.com/@apasaja2825/video/7620377571229781269,Akuntabilitas,Negatif,"5. Tuntutan pertanggungjawaban politik/tindakan tegas (evaluasi, pemecatan, desakan bertindak bukan sekadar sindir)"
238,@zakariazakra,pecat saja 4 30,https://www.tiktok.com/@zakariazakra,https://www.tiktok.com/@aditya.yudono/video/7631554392633675028,Akuntabilitas,Negatif,"5. Tuntutan pertanggungjawaban politik/tindakan tegas (evaluasi, pemecatan, desakan bertindak bukan sekadar sindir)"
239,@boss.tebu7,pecat saja gubenur kaya gt 4 22,https://www.tiktok.com/@boss.tebu7,https://www.tiktok.com/@prabsri1/video/7631102459582336277,Akuntabilitas,Negatif,"5. Tuntutan pertanggungjawaban politik/tindakan tegas (evaluasi, pemecatan, desakan bertindak bukan sekadar sindir)"
240,@novi.lestari777,pecat saja turun kan kalau tidak perhatikan rakyat 5 6,https://www.tiktok.com/@novi.lestari777,https://www.tiktok.com/@asbo.titha/video/7632508094207085842,Akuntabilitas,Negatif,"5. Tuntutan pertanggungjawaban politik/tindakan tegas (evaluasi, pemecatan, desakan bertindak bukan sekadar sindir)"
241,@yan.lim.kam.siu,pecat sudah 5 13,https://www.tiktok.com/@yan.lim.kam.siu,https://www.tiktok.com/@aditya.yudono/video/7631554392633675028,Akuntabilitas,Negatif,"5. Tuntutan pertanggungjawaban politik/tindakan tegas (evaluasi, pemecatan, desakan bertindak bukan sekadar sindir)"
242,@anifamufida,pemimpin seperti ini kok malah di pilih kasian rakyat lagi lagi tertipu 3 5,https://www.tiktok.com/@anifamufida,https://www.tiktok.com/@ae_affiliat/video/7612919691111107848,Akuntabilitas,Negatif,"5. Tuntutan pertanggungjawaban politik/tindakan tegas (evaluasi, pemecatan, desakan bertindak bukan sekadar sindir)"
243,@pakiwan1970,rakyat kaltim jangan protes dan kritik suara kalian sudah di beli dan bayar 3 4,https://www.tiktok.com/@pakiwan1970,https://www.tiktok.com/@tikuskokberdasi/video/7613343929244618005,Akuntabilitas,Negatif,"5. Tuntutan pertanggungjawaban politik/tindakan tegas (evaluasi, pemecatan, desakan bertindak bukan sekadar sindir)"
244,@enzu544,salah pilih 2 27,https://www.tiktok.com/@enzu544,https://www.tiktok.com/@aimambandung/video/7611327878239620372,Akuntabilitas,Negatif,"5. Tuntutan pertanggungjawaban politik/tindakan tegas (evaluasi, pemecatan, desakan bertindak bukan sekadar sindir)"
245,@mandra7799_,salah pilih kawal ku 2 27,https://www.tiktok.com/@mandra7799_,https://www.tiktok.com/@aditya.yudono/video/7611491873559039252,Akuntabilitas,Negatif,"5. Tuntutan pertanggungjawaban politik/tindakan tegas (evaluasi, pemecatan, desakan bertindak bukan sekadar sindir)"
246,@rusmanboding,solusi yang paling bener gubernur kaltim ganti 5 2,https://www.tiktok.com/@rusmanboding,https://www.tiktok.com/@aditya.yudono/video/7631554392633675028,Akuntabilitas,Negatif,"5. Tuntutan pertanggungjawaban politik/tindakan tegas (evaluasi, pemecatan, desakan bertindak bukan sekadar sindir)"
247,@agusagus46002,sudah pecat sajah 4 20,https://www.tiktok.com/@agusagus46002,https://www.tiktok.com/@keadilanfiktif/video/7615447599402798357,Akuntabilitas,Negatif,"5. Tuntutan pertanggungjawaban politik/tindakan tegas (evaluasi, pemecatan, desakan bertindak bukan sekadar sindir)"
248,@anny24384,tidak di pecat yach pak 3 26,https://www.tiktok.com/@anny24384,https://www.tiktok.com/@fans_pak_prabowo/video/7621100320243928341,Akuntabilitas,Negatif,"5. Tuntutan pertanggungjawaban politik/tindakan tegas (evaluasi, pemecatan, desakan bertindak bukan sekadar sindir)"
249,@papihicamadek,tidak layak dua periode 2 25,https://www.tiktok.com/@papihicamadek,https://www.tiktok.com/@wglobalmedia/video/7610699657475329298,Akuntabilitas,Negatif,"5. Tuntutan pertanggungjawaban politik/tindakan tegas (evaluasi, pemecatan, desakan bertindak bukan sekadar sindir)"
250,@amsyari,yang milih dia siapa sih 4 22,https://www.tiktok.com/@amsyari,https://www.tiktok.com/@kumparan/video/7626011966401694997,Akuntabilitas,Negatif,"5. Tuntutan pertanggungjawaban politik/tindakan tegas (evaluasi, pemecatan, desakan bertindak bukan sekadar sindir)"
251,@sayank969696969696,yang milih siapa pertanyaan begitu 5 27,https://www.tiktok.com/@sayank969696969696,https://www.tiktok.com/@prapancas/video/7631918131128061191,Akuntabilitas,Negatif,"5. Tuntutan pertanggungjawaban politik/tindakan tegas (evaluasi, pemecatan, desakan bertindak bukan sekadar sindir)"
252,@hairul5333,ayu ting ting naik grobak yang penting kita kopak kocak bener deh jadi gubernur 2 27,https://www.tiktok.com/@hairul5333,https://www.tiktok.com/@arteranews.id/video/7611460664074390804,Akuntabilitas,Negatif,"6. Sinisme/ejekan personal terhadap sosok gubernur (kompetensi, gaya bicara, kepantasan menjabat)"
253,@azsra2010,dy mau jadi ap sih sbnernya 2 27,https://www.tiktok.com/@azsra2010,https://www.tiktok.com/@media_indonesia/video/7611183349964524821,Akuntabilitas,Negatif,"6. Sinisme/ejekan personal terhadap sosok gubernur (kompetensi, gaya bicara, kepantasan menjabat)"
254,@ugiesy54967,emang siapa sih gubernur kaltim kebingungan 3 4,https://www.tiktok.com/@ugiesy54967,https://www.tiktok.com/@ae_affiliat/video/7612919691111107848,Akuntabilitas,Negatif,"6. Sinisme/ejekan personal terhadap sosok gubernur (kompetensi, gaya bicara, kepantasan menjabat)"
255,@mafen4l07,gubernur kaltim 11 12 dengan gubernur ntt 3 6,https://www.tiktok.com/@mafen4l07,https://www.tiktok.com/@sentilin_indonesia/video/7613820353550306581,Akuntabilitas,Negatif,"6. Sinisme/ejekan personal terhadap sosok gubernur (kompetensi, gaya bicara, kepantasan menjabat)"
256,@mas.langgg,gubernur kaltim kok di sandingin sama gubernur jabar beda kelas jir 3 1,https://www.tiktok.com/@mas.langgg,https://www.tiktok.com/@detik.lebak/video/7612096372824608008,Akuntabilitas,Negatif,"6. Sinisme/ejekan personal terhadap sosok gubernur (kompetensi, gaya bicara, kepantasan menjabat)"
257,@alvin14572,gubernur kaltim utusan dari partai mana 3 1,https://www.tiktok.com/@alvin14572,https://www.tiktok.com/@detik.lebak/video/7612096372824608008,Akuntabilitas,Negatif,"6. Sinisme/ejekan personal terhadap sosok gubernur (kompetensi, gaya bicara, kepantasan menjabat)"
258,@sem66002,gubernur lol 2 28,https://www.tiktok.com/@sem66002,https://www.tiktok.com/@arteranews.id/video/7611460664074390804,Akuntabilitas,Negatif,"6. Sinisme/ejekan personal terhadap sosok gubernur (kompetensi, gaya bicara, kepantasan menjabat)"
259,@frzyy95,iq gubernur kaltim kira kira berapa ya 3 7,https://www.tiktok.com/@frzyy95,https://www.tiktok.com/@themis.law3/video/7612442626234633480,Akuntabilitas,Negatif,"6. Sinisme/ejekan personal terhadap sosok gubernur (kompetensi, gaya bicara, kepantasan menjabat)"
260,@putraaval3,kalian kadang suka kesel tidak sih dengan cara ngomongnya 2 25,https://www.tiktok.com/@putraaval3,https://www.tiktok.com/@metropolitan.id/video/7610646870599175445,Akuntabilitas,Negatif,"6. Sinisme/ejekan personal terhadap sosok gubernur (kompetensi, gaya bicara, kepantasan menjabat)"
261,@aries_05044,kok bisa jadi gubernur ya 2 28,https://www.tiktok.com/@aries_05044,https://www.tiktok.com/@libra.pahing1/video/7611302313097153813,Akuntabilitas,Negatif,"6. Sinisme/ejekan personal terhadap sosok gubernur (kompetensi, gaya bicara, kepantasan menjabat)"
262,@alxsebastian1,kok bisa jadi gubernur ya 4 22,https://www.tiktok.com/@alxsebastian1,https://www.tiktok.com/@prabsri1/video/7631102459582336277,Akuntabilitas,Negatif,"6. Sinisme/ejekan personal terhadap sosok gubernur (kompetensi, gaya bicara, kepantasan menjabat)"
263,@sro.sahyd,kumaha piikirana etta gub 3 2,https://www.tiktok.com/@sro.sahyd,https://www.tiktok.com/@suka.otom0tif/video/7612478466214104328,Akuntabilitas,Negatif,"6. Sinisme/ejekan personal terhadap sosok gubernur (kompetensi, gaya bicara, kepantasan menjabat)"
264,@mahfudinabe,lebih koplak nya terpilih 3 3,https://www.tiktok.com/@mahfudinabe,https://www.tiktok.com/@detik.lebak/video/7612096372824608008,Akuntabilitas,Negatif,"6. Sinisme/ejekan personal terhadap sosok gubernur (kompetensi, gaya bicara, kepantasan menjabat)"
265,@el600307,lucu ini gubernur ko bisa di coblos heran 3 7,https://www.tiktok.com/@el600307,https://www.tiktok.com/@sentilin_indonesia/video/7613820353550306581,Akuntabilitas,Negatif,"6. Sinisme/ejekan personal terhadap sosok gubernur (kompetensi, gaya bicara, kepantasan menjabat)"
266,@abunahawabuben,maaf min gubernur kaltim kader partai apa 4 22,https://www.tiktok.com/@abunahawabuben,https://www.tiktok.com/@prabsri1/video/7631102459582336277,Akuntabilitas,Negatif,"6. Sinisme/ejekan personal terhadap sosok gubernur (kompetensi, gaya bicara, kepantasan menjabat)"
267,@boudjang_desa,ngampung 2 27,https://www.tiktok.com/@boudjang_desa,https://www.tiktok.com/@media_indonesia/video/7611183349964524821,Akuntabilitas,Negatif,"6. Sinisme/ejekan personal terhadap sosok gubernur (kompetensi, gaya bicara, kepantasan menjabat)"
268,@aadiioos62,ngampung banget 2 27,https://www.tiktok.com/@aadiioos62,https://www.tiktok.com/@media_indonesia/video/7611183349964524821,Akuntabilitas,Negatif,"6. Sinisme/ejekan personal terhadap sosok gubernur (kompetensi, gaya bicara, kepantasan menjabat)"
269,@sunariyahiyah765,pejabat konoha kocak2 emang 3 2,https://www.tiktok.com/@sunariyahiyah765,https://www.tiktok.com/@sigit_sugiana/video/7612287428258237704,Akuntabilitas,Negatif,"6. Sinisme/ejekan personal terhadap sosok gubernur (kompetensi, gaya bicara, kepantasan menjabat)"
270,@emoykazol,pejabat pelawak itu 4 17,https://www.tiktok.com/@emoykazol,https://www.tiktok.com/@sahambijak0/video/7611953329421421845,Akuntabilitas,Negatif,"6. Sinisme/ejekan personal terhadap sosok gubernur (kompetensi, gaya bicara, kepantasan menjabat)"
271,@mas.zulvi3,pilih gua saja 4 23,https://www.tiktok.com/@mas.zulvi3,https://www.tiktok.com/@ibarat_azra/video/7631776481781271826,Akuntabilitas,Negatif,"6. Sinisme/ejekan personal terhadap sosok gubernur (kompetensi, gaya bicara, kepantasan menjabat)"
272,@wongkutai1331,tanya sama partai pengusung nya 3 10,https://www.tiktok.com/@wongkutai1331,https://www.tiktok.com/@keadilanfiktif/video/7615447599402798357,Akuntabilitas,Negatif,"6. Sinisme/ejekan personal terhadap sosok gubernur (kompetensi, gaya bicara, kepantasan menjabat)"
273,@yoonisya_,tidak suka sama bapak ini 2 26,https://www.tiktok.com/@yoonisya_,https://www.tiktok.com/@metropolitan.id/video/7610646870599175445,Akuntabilitas,Negatif,"6. Sinisme/ejekan personal terhadap sosok gubernur (kompetensi, gaya bicara, kepantasan menjabat)"
274,@lidiayolanda24,aku yang org samarinda saja kekk malu 2 27,https://www.tiktok.com/@lidiayolanda24,https://www.tiktok.com/@media_indonesia/video/7611183349964524821,Akuntabilitas,Negatif,7. Rasa malu warga & sorotan negatif nama daerah
275,@gebiistephny,bikin malu emng 4 21,https://www.tiktok.com/@gebiistephny,https://www.tiktok.com/@apasaja2825/video/7620377571229781269,Akuntabilitas,Negatif,7. Rasa malu warga & sorotan negatif nama daerah
276,@natte094,gw saja malu sama pemerintah gw sendiri di kaltim 3 22,https://www.tiktok.com/@natte094,https://www.tiktok.com/@themis.law3/video/7612442626234633480,Akuntabilitas,Negatif,7. Rasa malu warga & sorotan negatif nama daerah
277,@orang.misterius4614,gw warga kaltim jujur malu 3 21,https://www.tiktok.com/@orang.misterius4614,https://www.tiktok.com/@wargawargi2025/video/7619281381293755669,Akuntabilitas,Negatif,7. Rasa malu warga & sorotan negatif nama daerah
278,@humangosong,ihh malunyaaaa jirla 4 20,https://www.tiktok.com/@humangosong,https://www.tiktok.com/@apasaja2825/video/7620377571229781269,Akuntabilitas,Negatif,7. Rasa malu warga & sorotan negatif nama daerah
279,@enal_epponabbas,jujur saya kelahiran kaltim sangat malu dengan hujatan warga net kpan yah punya pemimpin kaya kdm 3 4,https://www.tiktok.com/@enal_epponabbas,https://www.tiktok.com/@ae_affiliat/video/7612919691111107848,Akuntabilitas,Negatif,7. Rasa malu warga & sorotan negatif nama daerah
280,@rahayurahayuu91,kacau kacauuu 3 9,https://www.tiktok.com/@rahayurahayuu91,https://www.tiktok.com/@ompro_autocaree/video/7614061884127317266,Akuntabilitas,Negatif,7. Rasa malu warga & sorotan negatif nama daerah
281,@paanebharra,kasian warga kalimantan punya pemimpin seperti ini 3 5,https://www.tiktok.com/@paanebharra,https://www.tiktok.com/@ae_affiliat/video/7612919691111107848,Akuntabilitas,Negatif,7. Rasa malu warga & sorotan negatif nama daerah
282,@virgo_aries17,klw aku punya gubernur yang di gossiping pak presiden malu banget 4 23,https://www.tiktok.com/@virgo_aries17,https://www.tiktok.com/@apasaja2825/video/7620377571229781269,Akuntabilitas,Negatif,7. Rasa malu warga & sorotan negatif nama daerah
283,@user27430282221177,malunya aku sebagai warga kaltim setiap buka medsos kaltim yang d bully 3 5,https://www.tiktok.com/@user27430282221177,https://www.tiktok.com/@sigit_sugiana/video/7612287428258237704,Akuntabilitas,Negatif,7. Rasa malu warga & sorotan negatif nama daerah
284,@mirza_w16,malunya malunya 4 22,https://www.tiktok.com/@mirza_w16,https://www.tiktok.com/@apasaja2825/video/7620377571229781269,Akuntabilitas,Negatif,7. Rasa malu warga & sorotan negatif nama daerah
285,@covodrive.2,stiker aku yang dari kaltim saja malu 3 21,https://www.tiktok.com/@covodrive.2,https://www.tiktok.com/@wargawargi2025/video/7619281381293755669,Akuntabilitas,Negatif,7. Rasa malu warga & sorotan negatif nama daerah
286,@mafioso3648,wkwkkw warga kaltim kena prank 3 4,https://www.tiktok.com/@mafioso3648,https://www.tiktok.com/@beritakukar/video/7613011166838738196,Akuntabilitas,Negatif,7. Rasa malu warga & sorotan negatif nama daerah
287,@baaybaa,harus presiden 2029 hidup gubernur kaltim 2 27,https://www.tiktok.com/@baaybaa,https://www.tiktok.com/@robi.plur/video/7611168030877322514,Akuntabilitas,Negatif,8. Komentar yang membela pihak gubernur dari kritik
288,@dannyfebrian01,masa presiden ngurusin mobil orang 3 25,https://www.tiktok.com/@dannyfebrian01,https://www.tiktok.com/@fans_pak_prabowo/video/7621100320243928341,Akuntabilitas,Negatif,8. Komentar yang membela pihak gubernur dari kritik
289,@nani.endang1,sehat selalu kai dan h farid mudahan kembali jdi gebenur dan h farid wakilnya 4 23,https://www.tiktok.com/@nani.endang1,https://www.tiktok.com/@damarmart/video/7631483584649481479,Akuntabilitas,Negatif,9. Perbandingan tidak menguntungkan dengan kepemimpinan sebelumnya
290,@viona_octalani,banyak banget pr pak prabowo untuk memperbaiki keadaan indonesia tapi malah dihujat sma rakyat sendiri 3 26,https://www.tiktok.com/@viona_octalani,https://www.tiktok.com/@fans_pak_prabowo/video/7621100320243928341,Akuntabilitas,Negatif,10. Kekecewaan terhadap kondisi pemerintahan/politik Indonesia secara umum (bukan spesifik kasus ini)
291,@catenzzo_store,indo tidak akan maju kalo punya pemimpin seperti ini 3 1,https://www.tiktok.com/@catenzzo_store,https://www.tiktok.com/@detik.lebak/video/7612096372824608008,Akuntabilitas,Negatif,10. Kekecewaan terhadap kondisi pemerintahan/politik Indonesia secara umum (bukan spesifik kasus ini)
292,@jio.agriffa,pantes saja banyak orang yang pengen lepas dari indonesia orang pejabat nya saja gini 2 28,https://www.tiktok.com/@jio.agriffa,https://www.tiktok.com/@arteranews.id/video/7611460664074390804,Akuntabilitas,Negatif,10. Kekecewaan terhadap kondisi pemerintahan/politik Indonesia secara umum (bukan spesifik kasus ini)
293,@mannnnnnn_90s,sekarang udah mulai masuk politik ye bang 3 4,https://www.tiktok.com/@mannnnnnn_90s,https://www.tiktok.com/@botakteras/video/7613416347250314517,Akuntabilitas,Negatif,10. Kekecewaan terhadap kondisi pemerintahan/politik Indonesia secara umum (bukan spesifik kasus ini)
294,@cablack008,tidak di pusat tidak di pedesaan pejabatnya sama pemikirannya pada kebalik semua 2 27,https://www.tiktok.com/@cablack008,https://www.tiktok.com/@libra.pahing1/video/7611302313097153813,Akuntabilitas,Negatif,10. Kekecewaan terhadap kondisi pemerintahan/politik Indonesia secara umum (bukan spesifik kasus ini)
295,@wizzy_0104,udh muak banget jadi wni apalagi gubernur banten 2 27,https://www.tiktok.com/@wizzy_0104,https://www.tiktok.com/@arteranews.id/video/7611460664074390804,Akuntabilitas,Negatif,10. Kekecewaan terhadap kondisi pemerintahan/politik Indonesia secara umum (bukan spesifik kasus ini)
296,@niyazx20,aduh pulau gw 3 4,https://www.tiktok.com/@niyazx20,https://www.tiktok.com/@botakteras/video/7613416347250314517,Akuntabilitas,Negatif,"11. Komentar di luar konteks isu pengadaan mobil (noise/tidak relevan, termasuk video lain yang tercampur)"
297,@nestripurwanti,aku kesini gara gara lewat lagu gurbernur kaltim 5 11,https://www.tiktok.com/@nestripurwanti,https://www.tiktok.com/@sindonews/video/7611810371535375633,Akuntabilitas,Negatif,"11. Komentar di luar konteks isu pengadaan mobil (noise/tidak relevan, termasuk video lain yang tercampur)"
298,@lukmanhakim_007,aku kesini karna ada lagunya 5 8,https://www.tiktok.com/@lukmanhakim_007,https://www.tiktok.com/@sindonews/video/7611810371535375633,Akuntabilitas,Negatif,"11. Komentar di luar konteks isu pengadaan mobil (noise/tidak relevan, termasuk video lain yang tercampur)"
299,@qisyabidobido,astagfirullahaladzim negeri ku kok hampir semua pejabatnya kek gini ya 2 26,https://www.tiktok.com/@qisyabidobido,https://www.tiktok.com/@mata_publik_/video/7608632050790239495,Akuntabilitas,Negatif,"11. Komentar di luar konteks isu pengadaan mobil (noise/tidak relevan, termasuk video lain yang tercampur)"
300,@zilva_adadisini9495,astaghfirullah 4 22,https://www.tiktok.com/@zilva_adadisini9495,https://www.tiktok.com/@bonekanegara.in/video/7631481627989839105,Akuntabilitas,Negatif,"11. Komentar di luar konteks isu pengadaan mobil (noise/tidak relevan, termasuk video lain yang tercampur)"
301,@frezky_al,era tahun berapa ini 3 5,https://www.tiktok.com/@frezky_al,https://www.tiktok.com/@politikdotin/video/7612142044219231508,Akuntabilitas,Negatif,"11. Komentar di luar konteks isu pengadaan mobil (noise/tidak relevan, termasuk video lain yang tercampur)"
302,@i.fawaz0,gara2 lagu q kesini karena penasaran 5 10,https://www.tiktok.com/@i.fawaz0,https://www.tiktok.com/@sindonews/video/7611810371535375633,Akuntabilitas,Negatif,"11. Komentar di luar konteks isu pengadaan mobil (noise/tidak relevan, termasuk video lain yang tercampur)"
303,@maufaal320,gue di kaltim wak 3 27,https://www.tiktok.com/@maufaal320,https://www.tiktok.com/@detik.lebak/video/7612096372824608008,Akuntabilitas,Negatif,"11. Komentar di luar konteks isu pengadaan mobil (noise/tidak relevan, termasuk video lain yang tercampur)"
304,@storytiktok6077,info bukber kaltim bang 3 6,https://www.tiktok.com/@storytiktok6077,https://www.tiktok.com/@sentilin_indonesia/video/7613820353550306581,Akuntabilitas,Negatif,"11. Komentar di luar konteks isu pengadaan mobil (noise/tidak relevan, termasuk video lain yang tercampur)"
305,@storytiktok6077,info takjil 3 5,https://www.tiktok.com/@storytiktok6077,https://www.tiktok.com/@kompastv_jateng/video/7613321888445615381,Akuntabilitas,Negatif,"11. Komentar di luar konteks isu pengadaan mobil (noise/tidak relevan, termasuk video lain yang tercampur)"
306,@queenkhaw7,ini lagu nyampe tidak sih ke bu gubernur kaltim 5 29,https://www.tiktok.com/@queenkhaw7,https://www.tiktok.com/@tripol.co/video/7642126377168293141,Akuntabilitas,Negatif,"11. Komentar di luar konteks isu pengadaan mobil (noise/tidak relevan, termasuk video lain yang tercampur)"
307,@user365855489,ini yang di resident evil kan ya 2 27,https://www.tiktok.com/@user365855489,https://www.tiktok.com/@media_indonesia/video/7611183349964524821,Akuntabilitas,Negatif,"11. Komentar di luar konteks isu pengadaan mobil (noise/tidak relevan, termasuk video lain yang tercampur)"
308,@lek.wan58,kaget pas buka mobil 3 2,https://www.tiktok.com/@lek.wan58,https://www.tiktok.com/@sigit_sugiana/video/7612287428258237704,Akuntabilitas,Negatif,"11. Komentar di luar konteks isu pengadaan mobil (noise/tidak relevan, termasuk video lain yang tercampur)"
309,@dampoklr99,kaltim kalau mlm cantiknyaaaa wee 3 5,https://www.tiktok.com/@dampoklr99,https://www.tiktok.com/@botakteras/video/7613416347250314517,Akuntabilitas,Negatif,"11. Komentar di luar konteks isu pengadaan mobil (noise/tidak relevan, termasuk video lain yang tercampur)"
310,,kutai daily news kreator gimana menrut kalian apakah pantas 2 21,,https://www.tiktok.com/@kutai.dailynews/video/7609068555455253780,Akuntabilitas,Negatif,"11. Komentar di luar konteks isu pengadaan mobil (noise/tidak relevan, termasuk video lain yang tercampur)"
311,@user6722517437228,lagi hapalin lagunya 5 24,https://www.tiktok.com/@user6722517437228,https://www.tiktok.com/@tripol.co/video/7642126377168293141,Akuntabilitas,Negatif,"11. Komentar di luar konteks isu pengadaan mobil (noise/tidak relevan, termasuk video lain yang tercampur)"
312,@kicau_229,lagu ter enak sepanjang masa 5 23,https://www.tiktok.com/@kicau_229,https://www.tiktok.com/@tripol.co/video/7642126377168293141,Akuntabilitas,Negatif,"11. Komentar di luar konteks isu pengadaan mobil (noise/tidak relevan, termasuk video lain yang tercampur)"
313,@epep_emel23,liat story ku plss tidak mau tidak papa 4 23,https://www.tiktok.com/@epep_emel23,https://www.tiktok.com/@ibarat_azra/video/7631776481781271826,Akuntabilitas,Negatif,"11. Komentar di luar konteks isu pengadaan mobil (noise/tidak relevan, termasuk video lain yang tercampur)"
314,@asikinsaja22_,loundry 5 17,https://www.tiktok.com/@asikinsaja22_,https://www.tiktok.com/@aby.drone/video/7631155160395402516,Akuntabilitas,Negatif,"11. Komentar di luar konteks isu pengadaan mobil (noise/tidak relevan, termasuk video lain yang tercampur)"
315,@bng.ozzy,mobil angker di buka ada suara jin 3 2,https://www.tiktok.com/@bng.ozzy,https://www.tiktok.com/@sigit_sugiana/video/7612287428258237704,Akuntabilitas,Negatif,"11. Komentar di luar konteks isu pengadaan mobil (noise/tidak relevan, termasuk video lain yang tercampur)"
316,@yani.rohyani449,mobil horor kalahin mobil gubernur kaltim 3 2,https://www.tiktok.com/@yani.rohyani449,https://www.tiktok.com/@sigit_sugiana/video/7612287428258237704,Akuntabilitas,Negatif,"11. Komentar di luar konteks isu pengadaan mobil (noise/tidak relevan, termasuk video lain yang tercampur)"
317,@miracletiktok91,njir kek bos di residen evil 8 3 4,https://www.tiktok.com/@miracletiktok91,https://www.tiktok.com/@sindonews/video/7611810371535375633,Akuntabilitas,Negatif,"11. Komentar di luar konteks isu pengadaan mobil (noise/tidak relevan, termasuk video lain yang tercampur)"
318,@mpk.165,pas buka pintu kok ada suara 3 2,https://www.tiktok.com/@mpk.165,https://www.tiktok.com/@sigit_sugiana/video/7612287428258237704,Akuntabilitas,Negatif,"11. Komentar di luar konteks isu pengadaan mobil (noise/tidak relevan, termasuk video lain yang tercampur)"
319,@biu.biu44,sigra masih lewat itu 2 25,https://www.tiktok.com/@biu.biu44,https://www.tiktok.com/@lensanalarcom/video/7610698043981090068,Akuntabilitas,Negatif,"11. Komentar di luar konteks isu pengadaan mobil (noise/tidak relevan, termasuk video lain yang tercampur)"
320,@the_korehcok,stiker 3 23,https://www.tiktok.com/@the_korehcok,https://www.tiktok.com/@politikdotin/video/7612142044219231508,Akuntabilitas,Negatif,"11. Komentar di luar konteks isu pengadaan mobil (noise/tidak relevan, termasuk video lain yang tercampur)"
321,@kangali071,stiker 4 20,https://www.tiktok.com/@kangali071,https://www.tiktok.com/@morrodin88/video/7611104729929747733,Akuntabilitas,Negatif,"11. Komentar di luar konteks isu pengadaan mobil (noise/tidak relevan, termasuk video lain yang tercampur)"
322,@nisnis465,stiker 4 22,https://www.tiktok.com/@nisnis465,https://www.tiktok.com/@apasaja2825/video/7620377571229781269,Akuntabilitas,Negatif,"11. Komentar di luar konteks isu pengadaan mobil (noise/tidak relevan, termasuk video lain yang tercampur)"
323,@bandaduharyatanto,stiker 4 24,https://www.tiktok.com/@bandaduharyatanto,https://www.tiktok.com/@prapancas/video/7631918131128061191,Akuntabilitas,Negatif,"11. Komentar di luar konteks isu pengadaan mobil (noise/tidak relevan, termasuk video lain yang tercampur)"
324,@elcorleonee_ff,stiker 4 25,https://www.tiktok.com/@elcorleonee_ff,https://www.tiktok.com/@prabsri1/video/7631102459582336277,Akuntabilitas,Negatif,"11. Komentar di luar konteks isu pengadaan mobil (noise/tidak relevan, termasuk video lain yang tercampur)"
325,@charleswijaya.com,stiker 5 17,https://www.tiktok.com/@charleswijaya.com,https://www.tiktok.com/@paramedis_army/video/7640251593434221845,Akuntabilitas,Negatif,"11. Komentar di luar konteks isu pengadaan mobil (noise/tidak relevan, termasuk video lain yang tercampur)"
326,@reyhanrevalin,stiker gubernur 4 23,https://www.tiktok.com/@reyhanrevalin,https://www.tiktok.com/@ibarat_azra/video/7631776481781271826,Akuntabilitas,Negatif,"11. Komentar di luar konteks isu pengadaan mobil (noise/tidak relevan, termasuk video lain yang tercampur)"
327,@kai20573,stiker jadiin gw gubernur deh 4 23,https://www.tiktok.com/@kai20573,https://www.tiktok.com/@aditya.yudono/video/7631554392633675028,Akuntabilitas,Negatif,"11. Komentar di luar konteks isu pengadaan mobil (noise/tidak relevan, termasuk video lain yang tercampur)"
328,@rsy3_,stiker ke mirip 5 23,https://www.tiktok.com/@rsy3_,https://www.tiktok.com/@tripol.co/video/7642126377168293141,Akuntabilitas,Negatif,"11. Komentar di luar konteks isu pengadaan mobil (noise/tidak relevan, termasuk video lain yang tercampur)"
329,@gregory.finnsean,stiker ponakan datang 5 22,https://www.tiktok.com/@gregory.finnsean,https://www.tiktok.com/@treasuretoysid/video/7642284440391077141,Akuntabilitas,Negatif,"11. Komentar di luar konteks isu pengadaan mobil (noise/tidak relevan, termasuk video lain yang tercampur)"
330,@biekentakii,stiker tidak fantass 3 25,https://www.tiktok.com/@biekentakii,https://www.tiktok.com/@millenialzkece/video/7621132387426061575,Akuntabilitas,Negatif,"11. Komentar di luar konteks isu pengadaan mobil (noise/tidak relevan, termasuk video lain yang tercampur)"
331,@madi.study,suara apa itu dari dalam mobil 3 2,https://www.tiktok.com/@madi.study,https://www.tiktok.com/@sigit_sugiana/video/7612287428258237704,Akuntabilitas,Negatif,"11. Komentar di luar konteks isu pengadaan mobil (noise/tidak relevan, termasuk video lain yang tercampur)"
332,@fanz6953,tombol riset gubernur kaltim 3 6,https://www.tiktok.com/@fanz6953,https://www.tiktok.com/@detik.lebak/video/7612096372824608008,Akuntabilitas,Negatif,"11. Komentar di luar konteks isu pengadaan mobil (noise/tidak relevan, termasuk video lain yang tercampur)"
333,@anak.papani,yang ciptakan lagu ini siapa asalana yaa 5 24,https://www.tiktok.com/@anak.papani,https://www.tiktok.com/@tripol.co/video/7642126377168293141,Akuntabilitas,Negatif,"11. Komentar di luar konteks isu pengadaan mobil (noise/tidak relevan, termasuk video lain yang tercampur)"
334,@irma_01012,aku kesini gara gara nonton di rizky riplay,https://www.tiktok.com/@irma_01012,https://www.tiktok.com/@sindonews/video/7611810371535375633,Akuntabilitas,Negatif,12. Komentar tanpa keluhan spesifik
335,@achmadarlin_12,aku saja tidak ada mobil 3 25,https://www.tiktok.com/@achmadarlin_12,https://www.tiktok.com/@millenialzkece/video/7621132387426061575,Akuntabilitas,Negatif,12. Komentar tanpa keluhan spesifik
336,@martogi.pandianga,alasan indonesia susah maju 3 9,https://www.tiktok.com/@martogi.pandianga,https://www.tiktok.com/@ompro_autocaree/video/7614061884127317266,Akuntabilitas,Negatif,12. Komentar tanpa keluhan spesifik
337,@ereen899,aneh gubernur kalian 3 5,https://www.tiktok.com/@ereen899,https://www.tiktok.com/@kompastv_jateng/video/7613321888445615381,Akuntabilitas,Negatif,12. Komentar tanpa keluhan spesifik
338,@masshafizh25,anjay maung lagi naik produksi di pabrik gua bikin partnya seminggu 2x kirim ke bandung 3 21,https://www.tiktok.com/@masshafizh25,https://www.tiktok.com/@wargawargi2025/video/7619281381293755669,Akuntabilitas,Negatif,12. Komentar tanpa keluhan spesifik
339,@jangkrikbos555,apa kerja nya orang ini 4 7,https://www.tiktok.com/@jangkrikbos555,https://www.tiktok.com/@kumparan/video/7626011966401694997,Akuntabilitas,Negatif,12. Komentar tanpa keluhan spesifik
340,@dheva.setia,apax bang yang lucu 4 23,https://www.tiktok.com/@dheva.setia,https://www.tiktok.com/@sigit_sugiana/video/7612287428258237704,Akuntabilitas,Negatif,12. Komentar tanpa keluhan spesifik
341,@tamanayah05,asal nyebut 4 24,https://www.tiktok.com/@tamanayah05,https://www.tiktok.com/@prapancas/video/7631918131128061191,Akuntabilitas,Negatif,12. Komentar tanpa keluhan spesifik
342,@yaaaaa_625,ayo sp yang kemaren pilih dia 3 5,https://www.tiktok.com/@yaaaaa_625,https://www.tiktok.com/@ummu.3.anak/video/7613157935157464340,Akuntabilitas,Negatif,12. Komentar tanpa keluhan spesifik
343,@nedi_ana96,bahaya ni kalau bnyak utang pasti cari uang untuk bayar 3 4,https://www.tiktok.com/@nedi_ana96,https://www.tiktok.com/@aimambandung/video/7611327878239620372,Akuntabilitas,Negatif,12. Komentar tanpa keluhan spesifik
344,@maniakm257,bener mana y bpk 3 9,https://www.tiktok.com/@maniakm257,https://www.tiktok.com/@ompro_autocaree/video/7614061884127317266,Akuntabilitas,Negatif,12. Komentar tanpa keluhan spesifik
345,@ptrtliaa_,bilang saja bapak iri 3 26,https://www.tiktok.com/@ptrtliaa_,https://www.tiktok.com/@millenialzkece/video/7621132387426061575,Akuntabilitas,Negatif,12. Komentar tanpa keluhan spesifik
346,@ayundazehra,boleh tidak sih kalo aku ketawa 3 2,https://www.tiktok.com/@ayundazehra,https://www.tiktok.com/@sigit_sugiana/video/7612287428258237704,Akuntabilitas,Negatif,12. Komentar tanpa keluhan spesifik
347,@heru4989,c gaya 2 27,https://www.tiktok.com/@heru4989,https://www.tiktok.com/@aimambandung/video/7611327878239620372,Akuntabilitas,Negatif,12. Komentar tanpa keluhan spesifik
348,@irfanudin217,cukup satu kali saja 3 1,https://www.tiktok.com/@irfanudin217,https://www.tiktok.com/@arnews91/video/7612104540015414548,Akuntabilitas,Negatif,12. Komentar tanpa keluhan spesifik
349,@parianto.anto0,darno no nda usah dibela no 3 9,https://www.tiktok.com/@parianto.anto0,https://www.tiktok.com/@beritakukar/video/7612310183590530324,Akuntabilitas,Negatif,12. Komentar tanpa keluhan spesifik
350,@haryan_smith,definisi alakadar nya apa ya 2 25,https://www.tiktok.com/@haryan_smith,https://www.tiktok.com/@wglobalmedia/video/7610699657475329298,Akuntabilitas,Negatif,12. Komentar tanpa keluhan spesifik
351,@toni.ton43,di desa saya juga ada yang sekeluarga mulai dari kades sekdes bendahara rt bpd kaur dusun 4 12,https://www.tiktok.com/@toni.ton43,https://www.tiktok.com/@keadilanfiktif/video/7615447599402798357,Akuntabilitas,Negatif,12. Komentar tanpa keluhan spesifik
352,@oliveshrn,di sulbar juga ada salah satu daerah juga gini 4 24,https://www.tiktok.com/@oliveshrn,https://www.tiktok.com/@prapancas/video/7631918131128061191,Akuntabilitas,Negatif,12. Komentar tanpa keluhan spesifik
353,@capekcuy5,dia dari partai mana 4 7,https://www.tiktok.com/@capekcuy5,https://www.tiktok.com/@kumparan/video/7626011966401694997,Akuntabilitas,Negatif,12. Komentar tanpa keluhan spesifik
354,@skincare_thatsimple,dinegara ini apa sih yang di dengar 4 24,https://www.tiktok.com/@skincare_thatsimple,https://www.tiktok.com/@bonekanegara.in/video/7631481627989839105,Akuntabilitas,Negatif,12. Komentar tanpa keluhan spesifik
355,@hendraa0123,eeeee eee eeee mweeeeh apa lahh 4 4,https://www.tiktok.com/@hendraa0123,https://www.tiktok.com/@sahambijak0/video/7611953329421421845,Akuntabilitas,Negatif,12. Komentar tanpa keluhan spesifik
356,@riko.azura,ekspresi rakyat nya 3 20,https://www.tiktok.com/@riko.azura,https://www.tiktok.com/@beritasatuofficial/video/7619163357022997780,Akuntabilitas,Negatif,12. Komentar tanpa keluhan spesifik
357,@pikirdewesu,gadang suka prawowo kadang tidak 3 25,https://www.tiktok.com/@pikirdewesu,https://www.tiktok.com/@millenialzkece/video/7621132387426061575,Akuntabilitas,Negatif,12. Komentar tanpa keluhan spesifik
358,@rosmitasinuraya,ganti dengan yang baru yang lebih peduli dengan rakyat 4 23,https://www.tiktok.com/@rosmitasinuraya,https://www.tiktok.com/@bonekanegara.in/video/7631481627989839105,Akuntabilitas,Negatif,12. Komentar tanpa keluhan spesifik
359,@ugidamarpalang,giliran kita bnyar pajak mhal bnar 2 26,https://www.tiktok.com/@ugidamarpalang,https://www.tiktok.com/@aryo.g1/video/7611001576907427090,Akuntabilitas,Negatif,12. Komentar tanpa keluhan spesifik
360,@kaumangaragebwx,gilllllaaaaaaaaaaa 2 25,https://www.tiktok.com/@kaumangaragebwx,https://www.tiktok.com/@wglobalmedia/video/7610699657475329298,Akuntabilitas,Negatif,12. Komentar tanpa keluhan spesifik
361,@poerpatrawongso,gimana endingnya 3 10,https://www.tiktok.com/@poerpatrawongso,https://www.tiktok.com/@ompro_autocaree/video/7614061884127317266,Akuntabilitas,Negatif,12. Komentar tanpa keluhan spesifik
362,@ha041443,gini kalau gubernur nya hnya memikirkan diri sendiri bukan rakyat nya 2 21,https://www.tiktok.com/@ha041443,https://www.tiktok.com/@mata_publik_/video/7608632050790239495,Akuntabilitas,Negatif,12. Komentar tanpa keluhan spesifik
363,@hidup_priasolo2,gua malah lihat jpg di belakang nya 3 25,https://www.tiktok.com/@hidup_priasolo2,https://www.tiktok.com/@millenialzkece/video/7621132387426061575,Akuntabilitas,Negatif,12. Komentar tanpa keluhan spesifik
364,@iamjadenhokuowei,gubenur syampachhh 2 25,https://www.tiktok.com/@iamjadenhokuowei,https://www.tiktok.com/@wakandatalks_id/video/7610767646996368661,Akuntabilitas,Negatif,12. Komentar tanpa keluhan spesifik
365,@abdullah1707750099,gubernur ada enggak rasa ibah terhadap rakyat miskin 2 25,https://www.tiktok.com/@abdullah1707750099,https://www.tiktok.com/@the_amor70/video/7610666343985138951,Akuntabilitas,Negatif,12. Komentar tanpa keluhan spesifik
366,@kr_tirtowijoyo1,gubernur bengek 3 7,https://www.tiktok.com/@kr_tirtowijoyo1,https://www.tiktok.com/@the_amor70/video/7610666343985138951,Akuntabilitas,Negatif,12. Komentar tanpa keluhan spesifik
367,@antonsutanso12,gubernur kaltim 3 25,https://www.tiktok.com/@antonsutanso12,https://www.tiktok.com/@millenialzkece/video/7621132387426061575,Akuntabilitas,Negatif,12. Komentar tanpa keluhan spesifik
368,@irahazka,gubernur kaltim baningan 4 23,https://www.tiktok.com/@irahazka,https://www.tiktok.com/@aditya.yudono/video/7631554392633675028,Akuntabilitas,Negatif,12. Komentar tanpa keluhan spesifik
369,@felisiya255,gubernur paling gila sih 4 24,https://www.tiktok.com/@felisiya255,https://www.tiktok.com/@bonekanegara.in/video/7631481627989839105,Akuntabilitas,Negatif,12. Komentar tanpa keluhan spesifik
370,@banyak.angkrem_,gubernur tidak bener nih 4 17,https://www.tiktok.com/@banyak.angkrem_,https://www.tiktok.com/@ip.alphawolf/video/7629140462753926420,Akuntabilitas,Negatif,12. Komentar tanpa keluhan spesifik
371,@sigma.cat50,gw di kaltim 4 23,https://www.tiktok.com/@sigma.cat50,https://www.tiktok.com/@aditya.yudono/video/7631554392633675028,Akuntabilitas,Negatif,12. Komentar tanpa keluhan spesifik
372,@deo.super6,hanyaa yaa hanyaaa 3 25,https://www.tiktok.com/@deo.super6,https://www.tiktok.com/@millenialzkece/video/7621132387426061575,Akuntabilitas,Negatif,12. Komentar tanpa keluhan spesifik
373,@donnygerot6gmail.com,he he em 2 25,https://www.tiktok.com/@donnygerot6gmail.com,https://www.tiktok.com/@the_amor70/video/7610666343985138951,Akuntabilitas,Negatif,12. Komentar tanpa keluhan spesifik
374,@asimarohana859,herannya koq dia se pd itu yaaa 5 23,https://www.tiktok.com/@asimarohana859,https://www.tiktok.com/@tripol.co/video/7642126377168293141,Akuntabilitas,Negatif,12. Komentar tanpa keluhan spesifik
375,@reynandaziyo6,hidup prabowo 4 29,https://www.tiktok.com/@reynandaziyo6,https://www.tiktok.com/@apasaja2825/video/7620377571229781269,Akuntabilitas,Negatif,12. Komentar tanpa keluhan spesifik
376,@locoloco767,ikutin saja lah alurnya 2 26,https://www.tiktok.com/@locoloco767,https://www.tiktok.com/@metropolitan.id/video/7610646870599175445,Akuntabilitas,Negatif,12. Komentar tanpa keluhan spesifik
377,@badut_penghibur200,info judul lagi nya 3 10,https://www.tiktok.com/@badut_penghibur200,https://www.tiktok.com/@politikdotin/video/7612142044219231508,Akuntabilitas,Negatif,12. Komentar tanpa keluhan spesifik
378,@bintang.timur126,info sanak saudara 2 27,https://www.tiktok.com/@bintang.timur126,https://www.tiktok.com/@aditya.yudono/video/7611491873559039252,Akuntabilitas,Negatif,12. Komentar tanpa keluhan spesifik
379,@mrmr.isa,ini bukan manusia gubernur babi hutan dasar manusia 4 25,https://www.tiktok.com/@mrmr.isa,https://www.tiktok.com/@asbo.titha/video/7632508094207085842,Akuntabilitas,Negatif,12. Komentar tanpa keluhan spesifik
380,@vicky.026,ini kan yang kemarin bilang kdm gubernur konten 3 9,https://www.tiktok.com/@vicky.026,https://www.tiktok.com/@sentilin_indonesia/video/7613820353550306581,Akuntabilitas,Negatif,12. Komentar tanpa keluhan spesifik
381,@irdianto96,ini pemimpin nya kaltim dari luar semua kah 3 8,https://www.tiktok.com/@irdianto96,https://www.tiktok.com/@politikdotin/video/7612142044219231508,Akuntabilitas,Negatif,12. Komentar tanpa keluhan spesifik
382,@didikprasetyo896,inilah pejabt kita rakyat akan trs di peras pajak 2 25,https://www.tiktok.com/@didikprasetyo896,https://www.tiktok.com/@the_amor70/video/7610666343985138951,Akuntabilitas,Negatif,12. Komentar tanpa keluhan spesifik
383,@user3403596300284,intinya kalah 4 24,https://www.tiktok.com/@user3403596300284,https://www.tiktok.com/@damarmart/video/7631483584649481479,Akuntabilitas,Negatif,12. Komentar tanpa keluhan spesifik
384,@a.l_277,iri bilang boss 3 27,https://www.tiktok.com/@a.l_277,https://www.tiktok.com/@millenialzkece/video/7621132387426061575,Akuntabilitas,Negatif,12. Komentar tanpa keluhan spesifik
385,@yogi_fauzii,iri si prabowo 3 27,https://www.tiktok.com/@yogi_fauzii,https://www.tiktok.com/@millenialzkece/video/7621132387426061575,Akuntabilitas,Negatif,12. Komentar tanpa keluhan spesifik
386,@latifa.azzahra322,itu bawahan anda pakk 3 20,https://www.tiktok.com/@latifa.azzahra322,https://www.tiktok.com/@beritasatuofficial/video/7619163357022997780,Akuntabilitas,Negatif,12. Komentar tanpa keluhan spesifik
387,@user395437434597,itu egois bos 3 21,https://www.tiktok.com/@user395437434597,https://www.tiktok.com/@morrodin88/video/7611104729929747733,Akuntabilitas,Negatif,12. Komentar tanpa keluhan spesifik
388,@arierahmat832,iya kah buat masyarakat kaltim bukan buat dompet pribadi kah pak gubernur 2 25,https://www.tiktok.com/@arierahmat832,https://www.tiktok.com/@the_amor70/video/7610666343985138951,Akuntabilitas,Negatif,12. Komentar tanpa keluhan spesifik
389,@setodyantara,iyain saja deh 3 21,https://www.tiktok.com/@setodyantara,https://www.tiktok.com/@themis.law3/video/7612442626234633480,Akuntabilitas,Negatif,12. Komentar tanpa keluhan spesifik
390,@arzyong,jadi in gw gubernur saja lahh 4 23,https://www.tiktok.com/@arzyong,https://www.tiktok.com/@aditya.yudono/video/7631554392633675028,Akuntabilitas,Negatif,12. Komentar tanpa keluhan spesifik
391,@jefriastaganaga,jalan tidak di benerin nyalahin presiden padahal gubernur nya sendiri yng tidak bener 3 21 10 9k,https://www.tiktok.com/@jefriastaganaga,https://www.tiktok.com/@wargawargi2025/video/7619281381293755669,Akuntabilitas,Negatif,12. Komentar tanpa keluhan spesifik
392,@rockin_style8,jangan dong tidak tau kenapa kesel saja denger bagian itu ada yang ngerasa sama tidak 2 25,https://www.tiktok.com/@rockin_style8,https://www.tiktok.com/@metropolitan.id/video/7610646870599175445,Akuntabilitas,Negatif,12. Komentar tanpa keluhan spesifik
393,@lila99951,jangan donk sambil senyum2 bikin gemess 2 26,https://www.tiktok.com/@lila99951,https://www.tiktok.com/@morrodin88/video/7611104729929747733,Akuntabilitas,Negatif,12. Komentar tanpa keluhan spesifik
394,@putralasak3,jangan sampai kdm tau 3 3,https://www.tiktok.com/@putralasak3,https://www.tiktok.com/@morrodin88/video/7611104729929747733,Akuntabilitas,Negatif,12. Komentar tanpa keluhan spesifik
395,@qrontll,jangan suruh saya pakai kijang dek 2 27,https://www.tiktok.com/@qrontll,https://www.tiktok.com/@robi.plur/video/7611168030877322514,Akuntabilitas,Negatif,12. Komentar tanpa keluhan spesifik
396,@kang.asep.abah.an,jateng kapan nih 4 22,https://www.tiktok.com/@kang.asep.abah.an,https://www.tiktok.com/@prabsri1/video/7631102459582336277,Akuntabilitas,Negatif,12. Komentar tanpa keluhan spesifik
397,@matroo02,jual batu bara n minyak juga menjarah hutan masih makan duit pajak pula 2 25,https://www.tiktok.com/@matroo02,https://www.tiktok.com/@operasikhusus/video/7610752915036310791,Akuntabilitas,Negatif,12. Komentar tanpa keluhan spesifik
398,@alitapena0,kalo di tempatku suka banyak di sawah pas padi udah berbuah biasanya buat nakutin burung 3 7,https://www.tiktok.com/@alitapena0,https://www.tiktok.com/@sindonews/video/7611810371535375633,Akuntabilitas,Negatif,12. Komentar tanpa keluhan spesifik
399,@kikikiwwwk,kaltim 2 28,https://www.tiktok.com/@kikikiwwwk,https://www.tiktok.com/@robi.plur/video/7611168030877322514,Akuntabilitas,Negatif,12. Komentar tanpa keluhan spesifik
400,@kamasutr,kaltim menuju generasi cemass 3 5,https://www.tiktok.com/@kamasutr,https://www.tiktok.com/@ummu.3.anak/video/7613157935157464340,Akuntabilitas,Negatif,12. Komentar tanpa keluhan spesifik
401,@nuryanto.to,karyawan outsourcing g ngerasa 5 24,https://www.tiktok.com/@nuryanto.to,https://www.tiktok.com/@wakandatalks_id/video/7610767646996368661,Akuntabilitas,Negatif,12. Komentar tanpa keluhan spesifik
402,@proximuscesar,kasian kaltim gubernurnya gini 2 27,https://www.tiktok.com/@proximuscesar,https://www.tiktok.com/@robi.plur/video/7611168030877322514,Akuntabilitas,Negatif,12. Komentar tanpa keluhan spesifik
403,@suhartini.hamsar,kasihan rakyat kaltim semoga dapat pemimpin amanah seperti kdm 4 23,https://www.tiktok.com/@suhartini.hamsar,https://www.tiktok.com/@bonekanegara.in/video/7631481627989839105,Akuntabilitas,Negatif,12. Komentar tanpa keluhan spesifik
404,@rsstw__,katakan 2 26,https://www.tiktok.com/@rsstw__,https://www.tiktok.com/@sewaktu.com/video/7611114459628571920,Akuntabilitas,Negatif,12. Komentar tanpa keluhan spesifik
405,@akmall623,kaya jaman belanda kalau kata engong sayamh 3 8,https://www.tiktok.com/@akmall623,https://www.tiktok.com/@politikdotin/video/7612142044219231508,Akuntabilitas,Negatif,12. Komentar tanpa keluhan spesifik
406,@chandra_dwi,kaya mlm 3 1,https://www.tiktok.com/@chandra_dwi,https://www.tiktok.com/@beritaenamdua/video/7612139610507873557,Akuntabilitas,Negatif,12. Komentar tanpa keluhan spesifik
407,@andrebung7,kelian percaya 3 5,https://www.tiktok.com/@andrebung7,https://www.tiktok.com/@kompastv_jateng/video/7613321888445615381,Akuntabilitas,Negatif,12. Komentar tanpa keluhan spesifik
408,@denny.d466,keluarganya juga 3 5,https://www.tiktok.com/@denny.d466,https://www.tiktok.com/@relung.id/video/7611814381126520065,Akuntabilitas,Negatif,12. Komentar tanpa keluhan spesifik
409,@kang_ajat2,kenapa bisa jadi kepala daerah 3 6,https://www.tiktok.com/@kang_ajat2,https://www.tiktok.com/@ummu.3.anak/video/7613157935157464340,Akuntabilitas,Negatif,12. Komentar tanpa keluhan spesifik
410,@akbarry,kenapa jangan 2 26 28 8k,https://www.tiktok.com/@akbarry,https://www.tiktok.com/@metropolitan.id/video/7610646870599175445,Akuntabilitas,Negatif,12. Komentar tanpa keluhan spesifik
411,@ramnah.123,kerennya 4 24,https://www.tiktok.com/@ramnah.123,https://www.tiktok.com/@aditya.yudono/video/7631554392633675028,Akuntabilitas,Negatif,12. Komentar tanpa keluhan spesifik
412,@user5263123137284,kerja kerja yang bener mobil saja yang di pikirin 2 27,https://www.tiktok.com/@user5263123137284,https://www.tiktok.com/@mr.random1945/video/7611212543067213074,Akuntabilitas,Negatif,12. Komentar tanpa keluhan spesifik
413,@asy..coy,ketahuan lah telanjur berkuasa tidak apa2 lah 2 25,https://www.tiktok.com/@asy..coy,https://www.tiktok.com/@the_amor70/video/7610666343985138951,Akuntabilitas,Negatif,12. Komentar tanpa keluhan spesifik
414,@longor072,klarifikasi gubernur kaltim 3 30,https://www.tiktok.com/@longor072,https://www.tiktok.com/@sigit_sugiana/video/7612287428258237704,Akuntabilitas,Negatif,12. Komentar tanpa keluhan spesifik
415,@jiu.an.112233,klu gini kan uda keliatan kan 3 7,https://www.tiktok.com/@jiu.an.112233,https://www.tiktok.com/@tikuskokberdasi/video/7613343929244618005,Akuntabilitas,Negatif,12. Komentar tanpa keluhan spesifik
416,@bigbearr23,kode minta tolong bukan sih 2 27,https://www.tiktok.com/@bigbearr23,https://www.tiktok.com/@media_indonesia/video/7611183349964524821,Akuntabilitas,Negatif,12. Komentar tanpa keluhan spesifik
417,@jopann42,lama lama mirip sahroni dahh 4 7,https://www.tiktok.com/@jopann42,https://www.tiktok.com/@kumparan/video/7626011966401694997,Akuntabilitas,Negatif,12. Komentar tanpa keluhan spesifik
418,@temon_cio,langsung saja sebut rudy mas ud 3 20,https://www.tiktok.com/@temon_cio,https://www.tiktok.com/@beritasatuofficial/video/7619163357022997780,Akuntabilitas,Negatif,12. Komentar tanpa keluhan spesifik
419,@landa.pa2,lanjut pilih ya 3 1,https://www.tiktok.com/@landa.pa2,https://www.tiktok.com/@arnews91/video/7612104540015414548,Akuntabilitas,Negatif,12. Komentar tanpa keluhan spesifik
420,@dhenokk06,lha kalau kepala daerah nya seperti inii ya rakyat miskin sengsara pak 2 25,https://www.tiktok.com/@dhenokk06,https://www.tiktok.com/@the_amor70/video/7610666343985138951,Akuntabilitas,Negatif,12. Komentar tanpa keluhan spesifik
421,@planetsy59,makan yang kenyang suatu saat akan di pertanggung jawab same allah 4 23,https://www.tiktok.com/@planetsy59,https://www.tiktok.com/@prabsri1/video/7631102459582336277,Akuntabilitas,Negatif,12. Komentar tanpa keluhan spesifik
422,@fathiaayudiaqueen,maksudnya apasih 4 24,https://www.tiktok.com/@fathiaayudiaqueen,https://www.tiktok.com/@ibarat_azra/video/7631776481781271826,Akuntabilitas,Negatif,12. Komentar tanpa keluhan spesifik
423,@irvanvansk,malah bahas mobil 3 1,https://www.tiktok.com/@irvanvansk,https://www.tiktok.com/@beritaenamdua/video/7612139610507873557,Akuntabilitas,Negatif,12. Komentar tanpa keluhan spesifik
424,@rizal.rizal4096,marwan itu banyak istilah jangan di salah artikan 2 26,https://www.tiktok.com/@rizal.rizal4096,https://www.tiktok.com/@morrodin88/video/7611104729929747733,Akuntabilitas,Negatif,12. Komentar tanpa keluhan spesifik
425,@platkt9999,masa sih 3 6,https://www.tiktok.com/@platkt9999,https://www.tiktok.com/@kompastv_jateng/video/7613321888445615381,Akuntabilitas,Negatif,12. Komentar tanpa keluhan spesifik
426,@hofibiadap,masarakat di bawa 3 5,https://www.tiktok.com/@hofibiadap,https://www.tiktok.com/@ummu.3.anak/video/7613157935157464340,Akuntabilitas,Negatif,12. Komentar tanpa keluhan spesifik
427,@MS4wLjABAAAAgzWQayqcPftcnPe8T6H1LkUsAwhElNHBMm2rEiaYq99Qj9PbFrc0YEaYSEak0bHA,masuk angin ini gubernur 2 24,https://www.tiktok.com/@MS4wLjABAAAAgzWQayqcPftcnPe8T6H1LkUsAwhElNHBMm2rEiaYq99Qj9PbFrc0YEaYSEak0bHA,https://www.tiktok.com/@mata_publik_/video/7608632050790239495,Akuntabilitas,Negatif,12. Komentar tanpa keluhan spesifik
428,@paisallubis327,masyarakat nya pada kaya tuh 3 6,https://www.tiktok.com/@paisallubis327,https://www.tiktok.com/@ummu.3.anak/video/7613157935157464340,Akuntabilitas,Negatif,12. Komentar tanpa keluhan spesifik
429,@supersatoru.id.store,membandingkan 2 hal yang buruk tidak membuat salah satu nya lebih benar 3 21,https://www.tiktok.com/@supersatoru.id.store,https://www.tiktok.com/@wargawargi2025/video/7619281381293755669,Akuntabilitas,Negatif,12. Komentar tanpa keluhan spesifik
430,@mesiskahutagaol98,menjijikkkkkan 5 5,https://www.tiktok.com/@mesiskahutagaol98,https://www.tiktok.com/@jollyroger.strawhat/video/7614678060616404245,Akuntabilitas,Negatif,12. Komentar tanpa keluhan spesifik
431,@muhammadjalalrumi,minimal 4 23,https://www.tiktok.com/@muhammadjalalrumi,https://www.tiktok.com/@ibarat_azra/video/7631776481781271826,Akuntabilitas,Negatif,12. Komentar tanpa keluhan spesifik
432,@user2117861420815,mirip dikit 5 21,https://www.tiktok.com/@user2117861420815,https://www.tiktok.com/@tripol.co/video/7642126377168293141,Akuntabilitas,Negatif,12. Komentar tanpa keluhan spesifik
433,@marsin.4g,mobil mahal andai biaya buat jln buat pasilitas buat sekolah2 buat tmpt ibadah andai bkn di buat pakai sendiri 3 5,https://www.tiktok.com/@marsin.4g,https://www.tiktok.com/@ummu.3.anak/video/7613157935157464340,Akuntabilitas,Negatif,12. Komentar tanpa keluhan spesifik
434,@zyedik,mobil mahal mahal kinerja kagak ada 3 21,https://www.tiktok.com/@zyedik,https://www.tiktok.com/@wargawargi2025/video/7619281381293755669,Akuntabilitas,Negatif,12. Komentar tanpa keluhan spesifik
435,@yuke.sumeru2,monyet kampung 4 25,https://www.tiktok.com/@yuke.sumeru2,https://www.tiktok.com/@asbo.titha/video/7632508094207085842,Akuntabilitas,Negatif,12. Komentar tanpa keluhan spesifik
436,@usnadinadi871,msarzkat yang mana kan ralya kg suka 4 25,https://www.tiktok.com/@usnadinadi871,https://www.tiktok.com/@asbo.titha/video/7632508094207085842,Akuntabilitas,Negatif,12. Komentar tanpa keluhan spesifik
437,@agushs55,mudahan keba kasus 3 9,https://www.tiktok.com/@agushs55,https://www.tiktok.com/@relung.id/video/7611814381126520065,Akuntabilitas,Negatif,12. Komentar tanpa keluhan spesifik
438,@rosid.wijaya42,mukanya polos 3 5,https://www.tiktok.com/@rosid.wijaya42,https://www.tiktok.com/@morrodin88/video/7611104729929747733,Akuntabilitas,Negatif,12. Komentar tanpa keluhan spesifik
439,@ikieardian,mulanya ngeselin banget si 4 23,https://www.tiktok.com/@ikieardian,https://www.tiktok.com/@kumparan/video/7626011966401694997,Akuntabilitas,Negatif,12. Komentar tanpa keluhan spesifik
440,@faisalanwar011,mulut manis nih orang jgn percaya 4 16,https://www.tiktok.com/@faisalanwar011,https://www.tiktok.com/@ip.alphawolf/video/7629140462753926420,Akuntabilitas,Negatif,12. Komentar tanpa keluhan spesifik
441,@waldiww3,nah itu 4 30,https://www.tiktok.com/@waldiww3,https://www.tiktok.com/@sahambijak0/video/7611953329421421845,Akuntabilitas,Negatif,12. Komentar tanpa keluhan spesifik
442,@gilang1237020,nah itu dia 4 18,https://www.tiktok.com/@gilang1237020,https://www.tiktok.com/@sahambijak0/video/7611953329421421845,Akuntabilitas,Negatif,12. Komentar tanpa keluhan spesifik
443,@novi.anti906,nah yang gitu jangan di pilih lagi masarakat 3 7,https://www.tiktok.com/@novi.anti906,https://www.tiktok.com/@ummu.3.anak/video/7613157935157464340,Akuntabilitas,Negatif,12. Komentar tanpa keluhan spesifik
444,@d0kter.0dgj,ngusap idung mulu wk 3 6,https://www.tiktok.com/@d0kter.0dgj,https://www.tiktok.com/@kompastv_jateng/video/7613321888445615381,Akuntabilitas,Negatif,12. Komentar tanpa keluhan spesifik
445,@empiphapipah13,ntah knpa gue liat dari cara dia ngmng dan mimik nya nyebelin banget 4 21,https://www.tiktok.com/@empiphapipah13,https://www.tiktok.com/@kumparan/video/7626011966401694997,Akuntabilitas,Negatif,12. Komentar tanpa keluhan spesifik
446,@neccakhere,ntar waktu berbuka ajak gw balik ke sini lagi ya gimuys masih menjalankan ibadah puasa soalanya 2 27,https://www.tiktok.com/@neccakhere,https://www.tiktok.com/@media_indonesia/video/7611183349964524821,Akuntabilitas,Negatif,12. Komentar tanpa keluhan spesifik
447,@bukanidaman_mu1,nye nye nye nye 3 4,https://www.tiktok.com/@bukanidaman_mu1,https://www.tiktok.com/@suka.otom0tif/video/7612478466214104328,Akuntabilitas,Negatif,12. Komentar tanpa keluhan spesifik
448,@rifki.febrian91,oh maaf saya pak saya udah bikin kayak gitu maaf saya pak 3 24,https://www.tiktok.com/@rifki.febrian91,https://www.tiktok.com/@keadilanfiktif/video/7615447599402798357,Akuntabilitas,Negatif,12. Komentar tanpa keluhan spesifik
449,@ayah.athar8,oi oi oi oi oooooii 2 28,https://www.tiktok.com/@ayah.athar8,https://www.tiktok.com/@wakandatalks_id/video/7610767646996368661,Akuntabilitas,Negatif,12. Komentar tanpa keluhan spesifik
450,@mustam79,orang kaya bagi saya orang yang tidak punya hutang 2 27,https://www.tiktok.com/@mustam79,https://www.tiktok.com/@aimambandung/video/7611327878239620372,Akuntabilitas,Negatif,12. Komentar tanpa keluhan spesifik
451,@gaktu98,padahal gua yang orang samarinda tapi enggak tau ada kabar ginian 4 22,https://www.tiktok.com/@gaktu98,https://www.tiktok.com/@bonekanegara.in/video/7631481627989839105,Akuntabilitas,Negatif,12. Komentar tanpa keluhan spesifik
452,@o.gayoo,padahal mobil arak arak an nya mobil biasa tembus tembus saja kok mikirin diri nya sendiri itu loh gimna mau mikirin rakyat nya 2 24,https://www.tiktok.com/@o.gayoo,https://www.tiktok.com/@klikkaltim_/video/7610061418548808967,Akuntabilitas,Negatif,12. Komentar tanpa keluhan spesifik
453,@teguhharyono64,parah ni gub kaltim 2 27,https://www.tiktok.com/@teguhharyono64,https://www.tiktok.com/@the_amor70/video/7610666343985138951,Akuntabilitas,Negatif,12. Komentar tanpa keluhan spesifik
454,@r.i.s.k.i55,parobowo ni bosss 3 26,https://www.tiktok.com/@r.i.s.k.i55,https://www.tiktok.com/@millenialzkece/video/7621132387426061575,Akuntabilitas,Negatif,12. Komentar tanpa keluhan spesifik
455,@dika.hafe,pertama bg 5 21,https://www.tiktok.com/@dika.hafe,https://www.tiktok.com/@treasuretoysid/video/7642284440391077141,Akuntabilitas,Negatif,12. Komentar tanpa keluhan spesifik
456,@ranibengkel,pesan esemka bos seperti mulyono 2 25,https://www.tiktok.com/@ranibengkel,https://www.tiktok.com/@operasikhusus/video/7610752915036310791,Akuntabilitas,Negatif,12. Komentar tanpa keluhan spesifik
457,@jhon.andes6,politikus harus seperti itu 3 1,https://www.tiktok.com/@jhon.andes6,https://www.tiktok.com/@arnews91/video/7612104540015414548,Akuntabilitas,Negatif,12. Komentar tanpa keluhan spesifik
458,@erlintari0,preeeeeettttttttttttt 3 1,https://www.tiktok.com/@erlintari0,https://www.tiktok.com/@beritaenamdua/video/7612139610507873557,Akuntabilitas,Negatif,12. Komentar tanpa keluhan spesifik
459,@rezkiabdulrahman,presiden kira kira denger berita gini kh 3 1,https://www.tiktok.com/@rezkiabdulrahman,https://www.tiktok.com/@wglobalmedia/video/7610699657475329298,Akuntabilitas,Negatif,12. Komentar tanpa keluhan spesifik
460,@.fatimah6972,q now komen sehat selalu yang buat story 2 27,https://www.tiktok.com/@.fatimah6972,https://www.tiktok.com/@libra.pahing1/video/7611302313097153813,Akuntabilitas,Negatif,12. Komentar tanpa keluhan spesifik
461,@jumparli.sihotang,rakyat daerah mana yang tidak beruntung itu 2 25,https://www.tiktok.com/@jumparli.sihotang,https://www.tiktok.com/@metropolitan.id/video/7610646870599175445,Akuntabilitas,Negatif,12. Komentar tanpa keluhan spesifik
462,@al97present,rudy mas ud 5 17,https://www.tiktok.com/@al97present,https://www.tiktok.com/@paramedis_army/video/7640251593434221845,Akuntabilitas,Negatif,12. Komentar tanpa keluhan spesifik
463,@daffa.80.zl.ss,s7 banget 5 16,https://www.tiktok.com/@daffa.80.zl.ss,https://www.tiktok.com/@paramedis_army/video/7640251593434221845,Akuntabilitas,Negatif,12. Komentar tanpa keluhan spesifik
464,@arifdwip,sah puasanya kalo gibahin gubernur begini 3 4,https://www.tiktok.com/@arifdwip,https://www.tiktok.com/@the_amor70/video/7610666343985138951,Akuntabilitas,Negatif,12. Komentar tanpa keluhan spesifik
465,@erhamsyah3,saja jabatan nya 4 22,https://www.tiktok.com/@erhamsyah3,https://www.tiktok.com/@prabsri1/video/7631102459582336277,Akuntabilitas,Negatif,12. Komentar tanpa keluhan spesifik
466,@bembeng.mario,sama kaya anis manis di awal pahit di akhir 2 28,https://www.tiktok.com/@bembeng.mario,https://www.tiktok.com/@tyasmira81/video/7610723179446783252,Akuntabilitas,Negatif,12. Komentar tanpa keluhan spesifik
467,@manwar3660,sepertinya malah tambah seru permainan baru dimulai 3 4,https://www.tiktok.com/@manwar3660,https://www.tiktok.com/@beritakukar/video/7613011166838738196,Akuntabilitas,Negatif,12. Komentar tanpa keluhan spesifik
468,@zakariazakra,serakah 3 16,https://www.tiktok.com/@zakariazakra,https://www.tiktok.com/@relung.id/video/7611773381997890833,Akuntabilitas,Negatif,12. Komentar tanpa keluhan spesifik
469,@hettyrosita,seru permainan baru gub kaltim 3 4,https://www.tiktok.com/@hettyrosita,https://www.tiktok.com/@beritakukar/video/7613011166838738196,Akuntabilitas,Negatif,12. Komentar tanpa keluhan spesifik
470,@ky62281,setiap dia bicara kiamat maju 2 hari 4 9,https://www.tiktok.com/@ky62281,https://www.tiktok.com/@kumparan/video/7626011966401694997,Akuntabilitas,Negatif,12. Komentar tanpa keluhan spesifik
471,@suwajidua,setuju 777 5 16,https://www.tiktok.com/@suwajidua,https://www.tiktok.com/@paramedis_army/video/7640251593434221845,Akuntabilitas,Negatif,12. Komentar tanpa keluhan spesifik
472,@aaavannolin,setujuu bang pejabatnya lagi ngimpiiiiiiii 2 28,https://www.tiktok.com/@aaavannolin,https://www.tiktok.com/@libra.pahing1/video/7611302313097153813,Akuntabilitas,Negatif,12. Komentar tanpa keluhan spesifik
473,@amiraarowr_,singkat saja gubernur kaltim 3 25,https://www.tiktok.com/@amiraarowr_,https://www.tiktok.com/@millenialzkece/video/7621132387426061575,Akuntabilitas,Negatif,12. Komentar tanpa keluhan spesifik
474,@maijah020,srtuju 5 17,https://www.tiktok.com/@maijah020,https://www.tiktok.com/@paramedis_army/video/7640251593434221845,Akuntabilitas,Negatif,12. Komentar tanpa keluhan spesifik
475,@m.mahful,staff ahli tapi udah kaya jubir wagub 4 17,https://www.tiktok.com/@m.mahful,https://www.tiktok.com/@beritakukar/video/7612310183590530324,Akuntabilitas,Negatif,12. Komentar tanpa keluhan spesifik
476,@ciasingkyznn,stop membuli kalian tidak tau tentang rudi mas ud kalian hanya melihat sisi buruknya saja padahal sisi baiknya tidak ada 4 29,https://www.tiktok.com/@ciasingkyznn,https://www.tiktok.com/@apasaja2825/video/7620377571229781269,Akuntabilitas,Negatif,12. Komentar tanpa keluhan spesifik
477,@echannahceah_10,stop membuli kalian tidak tau tentang rudi mas ud kalian hanya melihat sisi buruknya saja padahal sisi baiknya tidak ada 5 3,https://www.tiktok.com/@echannahceah_10,https://www.tiktok.com/@bonekanegara.in/video/7631481627989839105,Akuntabilitas,Negatif,12. Komentar tanpa keluhan spesifik
478,@lino_no67,sudah turun belum sih 5 22,https://www.tiktok.com/@lino_no67,https://www.tiktok.com/@tripol.co/video/7642126377168293141,Akuntabilitas,Negatif,12. Komentar tanpa keluhan spesifik
479,@user6193932300077,sumber dana prabowo subianto 4 22,https://www.tiktok.com/@user6193932300077,https://www.tiktok.com/@prabsri1/video/7631102459582336277,Akuntabilitas,Negatif,12. Komentar tanpa keluhan spesifik
480,@dellassi,tampilannya familiar kek siapa ya ternyata kek lady dimitrescu izin 3 2,https://www.tiktok.com/@dellassi,https://www.tiktok.com/@sindonews/video/7611810371535375633,Akuntabilitas,Negatif,12. Komentar tanpa keluhan spesifik
481,@gabuters1431,tapi g bisa apa2 wkwkkwkwkw 3 21,https://www.tiktok.com/@gabuters1431,https://www.tiktok.com/@wargawargi2025/video/7619281381293755669,Akuntabilitas,Negatif,12. Komentar tanpa keluhan spesifik
482,@jemii897,target nya gedung merah putih ini 2 25,https://www.tiktok.com/@jemii897,https://www.tiktok.com/@the_amor70/video/7610666343985138951,Akuntabilitas,Negatif,12. Komentar tanpa keluhan spesifik
483,@teresiasilo1teresiasilo1,ter lalu jga bgtu pak rudi kan kasian kita yang laiinnn 4 25,https://www.tiktok.com/@teresiasilo1teresiasilo1,https://www.tiktok.com/@prapancas/video/7631918131128061191,Akuntabilitas,Negatif,12. Komentar tanpa keluhan spesifik
484,@yudiaja____,tiap dia ngmong kiamat maju 1 menit 4 7,https://www.tiktok.com/@yudiaja____,https://www.tiktok.com/@kumparan/video/7626011966401694997,Akuntabilitas,Negatif,12. Komentar tanpa keluhan spesifik
485,@srnryt,tidak jelas 4 25,https://www.tiktok.com/@srnryt,https://www.tiktok.com/@asbo.titha/video/7632508094207085842,Akuntabilitas,Negatif,12. Komentar tanpa keluhan spesifik
486,@achmad.kamalludin,tidak jelas itu dia 4 23,https://www.tiktok.com/@achmad.kamalludin,https://www.tiktok.com/@bonekanegara.in/video/7631481627989839105,Akuntabilitas,Negatif,12. Komentar tanpa keluhan spesifik
487,@haulk_jhon,tidak nyindir tidak makan 3 27,https://www.tiktok.com/@haulk_jhon,https://www.tiktok.com/@millenialzkece/video/7621132387426061575,Akuntabilitas,Negatif,12. Komentar tanpa keluhan spesifik
488,@aran1095,uda lagi musim mmng 2 25,https://www.tiktok.com/@aran1095,https://www.tiktok.com/@the_amor70/video/7610666343985138951,Akuntabilitas,Negatif,12. Komentar tanpa keluhan spesifik
489,@lordjemboed,udah jan banyak basa basi ganti tidak bener ni 4 17,https://www.tiktok.com/@lordjemboed,https://www.tiktok.com/@ip.alphawolf/video/7629140462753926420,Akuntabilitas,Negatif,12. Komentar tanpa keluhan spesifik
490,@zidansempoi,untuk kepentingan rakyat untuk kepentingan diri sendiri 2 26,https://www.tiktok.com/@zidansempoi,https://www.tiktok.com/@mata_publik_/video/7608632050790239495,Akuntabilitas,Negatif,12. Komentar tanpa keluhan spesifik
491,@rahmat4157,untung gbrnur ku bapa aing 2 18,https://www.tiktok.com/@rahmat4157,https://www.tiktok.com/@ashepsayfullq/video/7608021220088433936,Akuntabilitas,Negatif,12. Komentar tanpa keluhan spesifik
492,@aryaa.pangestu,untung gua di jawa barat 4 23,https://www.tiktok.com/@aryaa.pangestu,https://www.tiktok.com/@aditya.yudono/video/7631554392633675028,Akuntabilitas,Negatif,12. Komentar tanpa keluhan spesifik
493,@waktovan,usaha apa ya utang segituu 3 4,https://www.tiktok.com/@waktovan,https://www.tiktok.com/@aimambandung/video/7611327878239620372,Akuntabilitas,Negatif,12. Komentar tanpa keluhan spesifik
494,@17.junimbm.mbm,usahanya bayar pajak tidak 2 27,https://www.tiktok.com/@17.junimbm.mbm,https://www.tiktok.com/@aimambandung/video/7611327878239620372,Akuntabilitas,Negatif,12. Komentar tanpa keluhan spesifik
495,@mamahhucun,wooohhh 3 22,https://www.tiktok.com/@mamahhucun,https://www.tiktok.com/@keadilanfiktif/video/7615447599402798357,Akuntabilitas,Negatif,12. Komentar tanpa keluhan spesifik
496,@siti.marni94,ya allah parah 4 24,https://www.tiktok.com/@siti.marni94,https://www.tiktok.com/@prapancas/video/7631918131128061191,Akuntabilitas,Negatif,12. Komentar tanpa keluhan spesifik
497,@chikichubaaa,yang pilih dia nyesel si 3 21,https://www.tiktok.com/@chikichubaaa,https://www.tiktok.com/@wargawargi2025/video/7619281381293755669,Akuntabilitas,Negatif,12. Komentar tanpa keluhan spesifik
