Column 1,username,original_text,reply_url,source_tiktok,annotator_aspect,ai_aspect,researcher_aspect,final_aspect,annotator_sentiment,ai_sentiment,researcher_sentiment,final_sentiment,final_label,notes
1,@anhari_li,"alasan saja lembali padahal tetap dipakai, kpk periksa guburnur kkn itu 3-4",https://www.tiktok.com/@anhari_li,https://www.tiktok.com/@beritakukar/video/7613011166838738196,Akuntabilitas,Akuntabilitas,Akuntabilitas,Akuntabilitas,Negatif,Negatif,Negatif,Negatif,Akuntabilitas_Negatif,
2,@yan.lim.kam.siu,😂😂😂😂 pecat sudah 5-13,https://www.tiktok.com/@yan.lim.kam.siu,https://www.tiktok.com/@aditya.yudono/video/7631554392633675028,Akuntabilitas,Akuntabilitas,Akuntabilitas,Akuntabilitas,Negatif,Negatif,Negatif,Negatif,Akuntabilitas_Negatif,
3,@sofieyanayana,kpk lagi tidur 5-4,https://www.tiktok.com/@sofieyanayana,https://www.tiktok.com/@keadilanfiktif/video/7615447599402798357,Akuntabilitas,Akuntabilitas,Akuntabilitas,Akuntabilitas,Negatif,Negatif,Negatif,Negatif,Akuntabilitas_Negatif,
4,@zambudisusilo42,yg udah tau cara lapor ada dugaan gratifikasi atau korupsi ayo lapor ke KPK... biar cpat di usut .... 3-6,https://www.tiktok.com/@zambudisusilo42,https://www.tiktok.com/@beritakukar/video/7612310183590530324,Akuntabilitas,Akuntabilitas,Akuntabilitas,Akuntabilitas,Negatif,Negatif,Negatif,Negatif,Akuntabilitas_Negatif,
5,@paanebharra,kasian warga kalimantan punya pemimpin seperti ini🥺🥺😭😭 3-5,https://www.tiktok.com/@paanebharra,https://www.tiktok.com/@ae_affiliat/video/7612919691111107848,Akuntabilitas,Akuntabilitas,Akuntabilitas,Akuntabilitas,Negatif,Negatif,Negatif,Negatif,Akuntabilitas_Negatif,
6,@ekaherman3,Betul Beliau Memang Pantas TerPilih👍Dgn Ketekunan Dan Ketulusan Hati Membangun Kaltim Maju Dan BerJaya🔥🔥 4-16,https://www.tiktok.com/@ekaherman3,https://www.tiktok.com/@keadilanfiktif/video/7615447599402798357,Akuntabilitas,Akuntabilitas,Akuntabilitas,Akuntabilitas,Positif,Positif,Positif,Positif,Akuntabilitas_Positif,
7,@lovebyzed,Omongan nya ga masuk di logika 🙏🏻 2-28,https://www.tiktok.com/@lovebyzed,https://www.tiktok.com/@robi.plur/video/7611168030877322514,Transparansi,Transparansi,Responsivitas,Transparansi,Negatif,Negatif,Negatif,Negatif,Transparansi_Negatif,
8,@fahddinazhadi130,untuk apa mobil di beli kalo di beli tetap sama gak ada yg berubah tetap sama yg berubah gurbenur yg menjadi jadi 5-11,https://www.tiktok.com/@fahddinazhadi130,https://www.tiktok.com/@ibarat_azra/video/7631776481781271826,Efektivitas & Efisiensi,Efektivitas & Efisiensi,Efektivitas & Efisiensi,Efektivitas & Efisiensi,Negatif,Negatif,Negatif,Negatif,Efektivitas & Efisiensi_Negatif,
9,@_xzx_8,dimana2 jalan rusak di perbaiki bukanya malah update mobil🗿 2-25 71.4K,https://www.tiktok.com/@_xzx_8,https://www.tiktok.com/@metropolitan.id/video/7610646870599175445,Efektivitas & Efisiensi,Efektivitas & Efisiensi,Efektivitas & Efisiensi,Efektivitas & Efisiensi,Negatif,Negatif,Negatif,Negatif,Efektivitas & Efisiensi_Negatif,
10,@deni_setiawan888,angaran keuangan luar negri bijak di olah buat kepentingan rakyat.y 4-24,https://www.tiktok.com/@deni_setiawan888,https://www.tiktok.com/@prapancas/video/7631918131128061191,Efektivitas & Efisiensi,Efektivitas & Efisiensi,Efektivitas & Efisiensi,Efektivitas & Efisiensi,Positif,Positif,Positif,Positif,Efektivitas & Efisiensi_Positif,
11,@atepsahripin,ganti saja gubernur kaltim itu 2-18,https://www.tiktok.com/@atepsahripin,https://www.tiktok.com/@ashepsayfullq/video/7608021220088433936,Akuntabilitas,Akuntabilitas,Akuntabilitas,Akuntabilitas,Negatif,Negatif,Negatif,Negatif,Akuntabilitas_Negatif,
12,@saidahida1804,mana suaranya KPK 4-21,https://www.tiktok.com/@saidahida1804,https://www.tiktok.com/@keadilanfiktif/video/7615447599402798357,Akuntabilitas,Akuntabilitas,Responsivitas,Akuntabilitas,Negatif,Negatif,Negatif,Negatif,Akuntabilitas_Negatif,
13,@anny24384,tidak di pecat yach Pak😅😅😅 3-26,https://www.tiktok.com/@anny24384,https://www.tiktok.com/@fans_pak_prabowo/video/7621100320243928341,Akuntabilitas,Akuntabilitas,Akuntabilitas,Akuntabilitas,Negatif,Negatif,Negatif,Negatif,Akuntabilitas_Negatif,
14,@mapleleafdiary,public speaking nya sangat bagusss 4-26,https://www.tiktok.com/@mapleleafdiary,https://www.tiktok.com/@themis.law3/video/7612442626234633480,Transparansi,Transparansi,Responsivitas,Transparansi,Positif,Positif,Positif,Positif,Transparansi_Positif,
15,@ranibengkel,Pesan Esemka bos seperti Mulyono...😁😁😁 2-25,https://www.tiktok.com/@ranibengkel,https://www.tiktok.com/@operasikhusus/video/7610752915036310791,Akuntabilitas,Akuntabilitas,Efektivitas & Efisiensi,Akuntabilitas,Negatif,Negatif,Negatif,Negatif,Akuntabilitas_Negatif,
16,@boinibrahim8,hemat buat rakyat buat pejabat poya poya omon omon 4-23,https://www.tiktok.com/@boinibrahim8,https://www.tiktok.com/@aditya.yudono/video/7631554392633675028,Efektivitas & Efisiensi,Efektivitas & Efisiensi,Efektivitas & Efisiensi,Efektivitas & Efisiensi,Negatif,Negatif,Negatif,Negatif,Efektivitas & Efisiensi_Negatif,
17,@dstnbrgf,Harusnya jalanya yang di perbagus bukan mobilnya 3-15,https://www.tiktok.com/@dstnbrgf,https://www.tiktok.com/@suka.otom0tif/video/7612478466214104328,Efektivitas & Efisiensi,Efektivitas & Efisiensi,Efektivitas & Efisiensi,Efektivitas & Efisiensi,Negatif,Negatif,Negatif,Negatif,Efektivitas & Efisiensi_Negatif,
18,@riko.azura,ekspresi rakyat nya 3-20,https://www.tiktok.com/@riko.azura,https://www.tiktok.com/@beritasatuofficial/video/7619163357022997780,Akuntabilitas,Akuntabilitas,Akuntabilitas,Akuntabilitas,Negatif,Negatif,Negatif,Negatif,Akuntabilitas_Negatif,
19,@raja.mansur8,gasss aj pakkkk 5-17,https://www.tiktok.com/@raja.mansur8,https://www.tiktok.com/@paramedis_army/video/7640251593434221845,Akuntabilitas,Akuntabilitas,Akuntabilitas,Akuntabilitas,Positif,Positif,Positif,Positif,Akuntabilitas_Positif,
20,@ww.tiktok.com.bskara,ada sekitar tiga kilo yg sama sekali belum di sentuh oleh pemerintah jembatan. belum ada jalan masih jalan setapak 2-28,https://www.tiktok.com/@ww.tiktok.com.bskara,https://www.tiktok.com/@aimambandung/video/7611327878239620372,Efektivitas & Efisiensi,Efektivitas & Efisiensi,Akuntabilitas,Efektivitas & Efisiensi,Negatif,Negatif,Negatif,Negatif,Efektivitas & Efisiensi_Negatif,
21,@zieya471,langsung di spill sama pak presiden 4-12,https://www.tiktok.com/@zieya471,https://www.tiktok.com/@apasaja2825/video/7620377571229781269,Transparansi,Transparansi,Responsivitas,Transparansi,Positif,Negatif,Positif,Positif,Transparansi_Positif,
22,@ca780112,bukannya lebih baik anggaran mevvvah mobil utk bangun perbaiki jalan jalan ya.. 2-22,https://www.tiktok.com/@ca780112,https://www.tiktok.com/@mata_publik_/video/7608632050790239495,Efektivitas & Efisiensi,Efektivitas & Efisiensi,Efektivitas & Efisiensi,Efektivitas & Efisiensi,Negatif,Negatif,Negatif,Negatif,Efektivitas & Efisiensi_Negatif,
23,@uji.coba.ke.100,kalo kata gw mah anggaran segitu mah betulin jalan bukan malah beli mobil 8.5 m 2-28,https://www.tiktok.com/@uji.coba.ke.100,https://www.tiktok.com/@3halll/video/7611863206281137428,Efektivitas & Efisiensi,Efektivitas & Efisiensi,Efektivitas & Efisiensi,Efektivitas & Efisiensi,Negatif,Negatif,Negatif,Negatif,Efektivitas & Efisiensi_Negatif,
24,@kaegoargata1,"Gubernur yg satu ini mampu menjaga marwah nya kaltim, Semoga masyarakat kaltim jg mampu menjaga arwah nya gubernur kaltim 4-24",https://www.tiktok.com/@kaegoargata1,https://www.tiktok.com/@prapancas/video/7631918131128061191,Akuntabilitas,Akuntabilitas,Akuntabilitas,Akuntabilitas,Positif,Positif,Positif,Positif,Akuntabilitas_Positif,
25,@saikotravel0,waduhhh ngabisin agaran 3-3,https://www.tiktok.com/@saikotravel0,https://www.tiktok.com/@detik.lebak/video/7612096372824608008,Efektivitas & Efisiensi,Efektivitas & Efisiensi,Akuntabilitas,Efektivitas & Efisiensi,Negatif,Negatif,Negatif,Negatif,Efektivitas & Efisiensi_Negatif,
26,@denierwandierwand,dinasti politik 3-9,https://www.tiktok.com/@denierwandierwand,https://www.tiktok.com/@ompro_autocaree/video/7614061884127317266,Akuntabilitas,Akuntabilitas,Akuntabilitas,Akuntabilitas,Negatif,Negatif,Negatif,Negatif,Akuntabilitas_Negatif,
27,@gabuters1431,Tapi g bisa apa2 wkwkkwkwkw 3-21,https://www.tiktok.com/@gabuters1431,https://www.tiktok.com/@wargawargi2025/video/7619281381293755669,Akuntabilitas,Responsivitas,Akuntabilitas,Akuntabilitas,Negatif,Negatif,Negatif,Negatif,Akuntabilitas_Negatif,
28,@pasoepati69,ini lucu juga seharusnya jalanya di perbaiki kalau jalan bagus pake mobil grenmax ajah terasa pake perari 😏,https://www.tiktok.com/@pasoepati69,https://www.tiktok.com/@beritakukar/video/7612310183590530324,Efektivitas & Efisiensi,Efektivitas & Efisiensi,Efektivitas & Efisiensi,Efektivitas & Efisiensi,Negatif,Negatif,Negatif,Negatif,Efektivitas & Efisiensi_Negatif,
29,@longor072,klarifikasi gubernur Kaltim 3-30,https://www.tiktok.com/@longor072,https://www.tiktok.com/@sigit_sugiana/video/7612287428258237704,Transparansi,Transparansi,Transparansi,Transparansi,Negatif,Negatif,Negatif,Negatif,Transparansi_Negatif,
30,@maya.yes21,masa mobil mewah yg naik jelek jaga donk marwah mobilnya 3-22,https://www.tiktok.com/@maya.yes21,https://www.tiktok.com/@themis.law3/video/7612442626234633480,Akuntabilitas,Akuntabilitas,Akuntabilitas,Akuntabilitas,Negatif,Negatif,Negatif,Negatif,Akuntabilitas_Negatif,
31,@gumiwang58,"dia itu berniat ngejadiin kaltim kayak Jurassic park apa gimana, masa jalanannya tanah kayak zaman purba 3-6",https://www.tiktok.com/@gumiwang58,https://www.tiktok.com/@sentilin_indonesia/video/7613820353550306581,Efektivitas & Efisiensi,Efektivitas & Efisiensi,Efektivitas & Efisiensi,Efektivitas & Efisiensi,Negatif,Negatif,Negatif,Negatif,Efektivitas & Efisiensi_Negatif,
32,@rezkiabdulrahman,presiden kira kira denger berita gini kh? 3-1,https://www.tiktok.com/@rezkiabdulrahman,https://www.tiktok.com/@wglobalmedia/video/7610699657475329298,Responsivitas,Responsivitas,Responsivitas,Responsivitas,Negatif,Negatif,Negatif,Negatif,Responsivitas_Negatif,
33,@erdedy1965,bersaudara ingin hidup mewahan 3-3,https://www.tiktok.com/@erdedy1965,https://www.tiktok.com/@balikpapantv_official/video/7612479352479026453,Akuntabilitas,Akuntabilitas,Akuntabilitas,Akuntabilitas,Negatif,Negatif,Negatif,Negatif,Akuntabilitas_Negatif,
34,@adi_permadi,"kan gratis kalo sdh tdk menjabat mobilnya lsng untuk dia kan semua begitu,bupati wlikota dikalimantan mobil dinasnya paling rendah LC crk aja kalo tdk percya seluruh kalimantan,walaupun jalan nya banyak yg rusak yg penting saingan mobil,iyakan fakta 2-20",https://www.tiktok.com/@adi_permadi,https://www.tiktok.com/@mata_publik_/video/7608632050790239495,Efektivitas & Efisiensi,Akuntabilitas,Efektivitas & Efisiensi,Efektivitas & Efisiensi,Negatif,Negatif,Negatif,Negatif,Efektivitas & Efisiensi_Negatif,
35,@satriaaaa.09,mobil elit. jalan sulit 3-31,https://www.tiktok.com/@satriaaaa.09,https://www.tiktok.com/@sahambijak0/video/7611953329421421845,Efektivitas & Efisiensi,Efektivitas & Efisiensi,Efektivitas & Efisiensi,Efektivitas & Efisiensi,Negatif,Negatif,Negatif,Negatif,Efektivitas & Efisiensi_Negatif,
36,@zambudisusilo42,ternyata gaya kepemimpinan nya HEDON....😁😁😁😁 2-26,https://www.tiktok.com/@zambudisusilo42,https://www.tiktok.com/@dokmus05/video/7610810591543823636,Akuntabilitas,Akuntabilitas,Akuntabilitas,Akuntabilitas,Negatif,Negatif,Negatif,Negatif,Akuntabilitas_Negatif,
37,@public_dark_system,KPK mana KPK 2-28,https://www.tiktok.com/@public_dark_system,https://www.tiktok.com/@sindonews/video/7611810371535375633,Akuntabilitas,Akuntabilitas,Akuntabilitas,Akuntabilitas,Negatif,Negatif,Negatif,Negatif,Akuntabilitas_Negatif,
38,@nununghatta,"salut warganya berani demo 👍👍👍 padahal ketika bencana banjir si gub. telat respon, bnyak lokasi tambang liar ""adem ayem"" 2-25",https://www.tiktok.com/@nununghatta,https://www.tiktok.com/@mata_publik_/video/7608632050790239495,Responsivitas,Responsivitas,Responsivitas,Responsivitas,Negatif,Negatif,Negatif,Negatif,Responsivitas_Negatif,
39,@azzamgemul55,yaqin ta semua daerah kaltim pernah d kunjungi 4-13,https://www.tiktok.com/@azzamgemul55,https://www.tiktok.com/@beritakukar/video/7612310183590530324,Responsivitas,Responsivitas,Responsivitas,Responsivitas,Negatif,Negatif,Negatif,Negatif,Responsivitas_Negatif,
40,@hafidh.alhanif,"@masa mobilnya bagus yang naiknya jelek jangan dong,jaga marwah mobilnya dong 3-25",https://www.tiktok.com/@hafidh.alhanif,https://www.tiktok.com/@fans_pak_prabowo/video/7621100320243928341,Akuntabilitas,Akuntabilitas,Akuntabilitas,Akuntabilitas,Negatif,Negatif,Negatif,Negatif,Akuntabilitas_Negatif,
41,@user5636847829710,"saya orang Sumatra, tapi kalau dilihat tidak ada yg salah dengan gubernur dan istrinya...",https://www.tiktok.com/@user5636847829710,https://www.tiktok.com/@tripol.co/video/7642126377168293141,Akuntabilitas,Akuntabilitas,Akuntabilitas,Akuntabilitas,Positif,Positif,Positif,Positif,Akuntabilitas_Positif,
42,@raden4158,"padahal mobil dinas seharga 500Jt pun sudah lumayan keren kalau niat mengabdikan diri ke rakyat jgn mikir mobil dinas nya,,,, bila perlu mobil pribadi yg di jadikan kendaraan dinas 3-2",https://www.tiktok.com/@raden4158,https://www.tiktok.com/@sigit_sugiana/video/7612287428258237704,Efektivitas & Efisiensi,Efektivitas & Efisiensi,Efektivitas & Efisiensi,Efektivitas & Efisiensi,Negatif,Negatif,Negatif,Negatif,Efektivitas & Efisiensi_Negatif,
43,@artful0_0,"8,5 M benerin jalan tu bisa berkilo-kilo meter 4-13",https://www.tiktok.com/@artful0_0,https://www.tiktok.com/@themis.law3/video/7612442626234633480,Efektivitas & Efisiensi,Efektivitas & Efisiensi,Efektivitas & Efisiensi,Efektivitas & Efisiensi,Negatif,Negatif,Negatif,Negatif,Efektivitas & Efisiensi_Negatif,
44,@arieummunisa,Marwah opo gengsi tho pak 😂 2-27,https://www.tiktok.com/@arieummunisa,https://www.tiktok.com/@balikpapan.aerial/video/7611418293752253703,Akuntabilitas,Akuntabilitas,Akuntabilitas,Akuntabilitas,Negatif,Negatif,Negatif,Negatif,Akuntabilitas_Negatif,
45,@aeroskyviolet,seorang wakil presiden aja mobil pribadinya zenix🤣 3-6,https://www.tiktok.com/@aeroskyviolet,https://www.tiktok.com/@sentilin_indonesia/video/7613820353550306581,Efektivitas & Efisiensi,Akuntabilitas,Efektivitas & Efisiensi,Efektivitas & Efisiensi,Negatif,Negatif,Negatif,Negatif,Efektivitas & Efisiensi_Negatif,
46,@yani.rohyani449,mobil horor kalahin mobil gubernur kaltim 3-2,https://www.tiktok.com/@yani.rohyani449,https://www.tiktok.com/@sigit_sugiana/video/7612287428258237704,Akuntabilitas,Akuntabilitas,Akuntabilitas,Akuntabilitas,Negatif,Negatif,Negatif,Negatif,Akuntabilitas_Negatif,
47,@panglima_kijang_kencana,"Assalamualaikum buat pencerahan buat yang komen negatif di sosmed media sosial tentang gubernur Kaltim. Wajar aja dia menikmati peselitas itu. Kerna dia juga berjuang berdarah darah berkorban harta benda"" baru bisa duduk jadi gubernur kaltim. KERNA ITU PILIHAN KALIAN JUGA DIA JADI PEJABAT DAN GUBERNUR KALTIM. LEBIH BAIK KITA SENERGI MEMBANGUN KALTIM. Jadi kita jangan membuli' menghujat dan gibahnya ya kawan. Seharusnya kita dukung program beliau agar maksimal membangun kaltim. Ingat kawan manusi",https://www.tiktok.com/@panglima_kijang_kencana,https://www.tiktok.com/@harianda19/video/7611777664621350164,Akuntabilitas,Responsivitas,Akuntabilitas,Akuntabilitas,Positif,Positif,Positif,Positif,Akuntabilitas_Positif,
48,@_ikramb0,masa mobilnya mewah yg naik jlk. jngan dong.. 3-27,https://www.tiktok.com/@_ikramb0,https://www.tiktok.com/@fans_pak_prabowo/video/7621100320243928341,Akuntabilitas,Akuntabilitas,Akuntabilitas,Akuntabilitas,Negatif,Negatif,Negatif,Negatif,Akuntabilitas_Negatif,
49,@sarwiyana4,pakai mobil ambulance aja 2-27,https://www.tiktok.com/@sarwiyana4,https://www.tiktok.com/@ashepsayfullq/video/7608021220088433936,Efektivitas & Efisiensi,Efektivitas & Efisiensi,Efektivitas & Efisiensi,Efektivitas & Efisiensi,Negatif,Negatif,Negatif,Negatif,Efektivitas & Efisiensi_Negatif,
50,@ahmad.lestari2,lucu ya klo lihat pejabat jaman skrg bukan jln nya yang diperbaiki malah mobil dinasnya yang dimahalin 3-3,https://www.tiktok.com/@ahmad.lestari2,https://www.tiktok.com/@politikdotin/video/7612142044219231508,Efektivitas & Efisiensi,Efektivitas & Efisiensi,Efektivitas & Efisiensi,Efektivitas & Efisiensi,Negatif,Negatif,Negatif,Negatif,Efektivitas & Efisiensi_Negatif,
51,@heny_rosiana,untuk mobil dinas sdh dibalikkan 4-11,https://www.tiktok.com/@heny_rosiana,https://www.tiktok.com/@keadilanfiktif/video/7615447599402798357,Transparansi,Akuntabilitas,Transparansi,Transparansi,Positif,Positif,Positif,Positif,Transparansi_Positif,
52,@mi.zmi,di tindak pak bukan disindir 3-20 40.4K,https://www.tiktok.com/@mi.zmi,https://www.tiktok.com/@beritasatuofficial/video/7619163357022997780,Akuntabilitas,Responsivitas,Akuntabilitas,Akuntabilitas,Negatif,Negatif,Negatif,Negatif,Akuntabilitas_Negatif,
53,@mm_.cla812,"kata"" pak Presiden, Ga papa asal di pimpin yg bener, 3-10",https://www.tiktok.com/@mm_.cla812,https://www.tiktok.com/@ompro_autocaree/video/7614061884127317266,Akuntabilitas,Transparansi,Akuntabilitas,Akuntabilitas,Positif,Negatif,Positif,Positif,Akuntabilitas_Positif,
54,@prindavan_4,jaga marwah pak 4-21,https://www.tiktok.com/@prindavan_4,https://www.tiktok.com/@apasaja2825/video/7620377571229781269,Akuntabilitas,Akuntabilitas,Akuntabilitas,Akuntabilitas,Positif,Negatif,Positif,Positif,Akuntabilitas_Positif,
55,@rini.shandi,Betul soal gaya mah bebas tak jdi soal 5-6,https://www.tiktok.com/@rini.shandi,https://www.tiktok.com/@sindonews/video/7611810371535375633,Akuntabilitas,Akuntabilitas,Akuntabilitas,Akuntabilitas,Positif,Positif,Positif,Positif,Akuntabilitas_Positif,
56,@adi.putra5509,"8,5 m dr pada beli mobil mewah jlnnya aja di benerin duit segitu cukup bwt perbaikan jln 2-26",https://www.tiktok.com/@adi.putra5509,https://www.tiktok.com/@kutai.dailynews/video/7609068555455253780,Efektivitas & Efisiensi,Efektivitas & Efisiensi,Efektivitas & Efisiensi,Efektivitas & Efisiensi,Negatif,Negatif,Negatif,Negatif,Efektivitas & Efisiensi_Negatif,
57,@imelrudynst,gaya istri gubernur elit jalan nya sulit 3-5,https://www.tiktok.com/@imelrudynst,https://www.tiktok.com/@ummu.3.anak/video/7613157935157464340,Efektivitas & Efisiensi,Efektivitas & Efisiensi,Efektivitas & Efisiensi,Efektivitas & Efisiensi,Negatif,Negatif,Negatif,Negatif,Efektivitas & Efisiensi_Negatif,
58,@mahagraaaaa__,bro yang pake kendaraan apapun tetep berangkat 3-5,https://www.tiktok.com/@mahagraaaaa__,https://www.tiktok.com/@detik.lebak/video/7612096372824608008,Efektivitas & Efisiensi,Responsivitas,Efektivitas & Efisiensi,Efektivitas & Efisiensi,Positif,Positif,Positif,Positif,Efektivitas & Efisiensi_Positif,
59,@naurafeniela,sadar pak.. itu uang rakyat.. 2-26,https://www.tiktok.com/@naurafeniela,https://www.tiktok.com/@wglobalmedia/video/7610699657475329298,Efektivitas & Efisiensi,Akuntabilitas,Efektivitas & Efisiensi,Efektivitas & Efisiensi,Negatif,Negatif,Negatif,Negatif,Efektivitas & Efisiensi_Negatif,
60,@anakdhieke,yg ditunjang tuh jalannyaa woiiii 3-1,https://www.tiktok.com/@anakdhieke,https://www.tiktok.com/@beritaenamdua/video/7612139610507873557,Efektivitas & Efisiensi,Efektivitas & Efisiensi,Efektivitas & Efisiensi,Efektivitas & Efisiensi,Negatif,Negatif,Negatif,Negatif,Efektivitas & Efisiensi_Negatif,
61,@qianaa822,lambat 3-24,https://www.tiktok.com/@qianaa822,https://www.tiktok.com/@relung.id/video/7611814381126520065,Responsivitas,Responsivitas,Responsivitas,Responsivitas,Negatif,Negatif,Negatif,Negatif,Responsivitas_Negatif,
62,@mriam.mriam13,"dah keliatan dari aura nya, aura... tolong diisi titik titiknya gaez 2-26",https://www.tiktok.com/@mriam.mriam13,https://www.tiktok.com/@the_amor70/video/7610666343985138951,Akuntabilitas,Akuntabilitas,Akuntabilitas,Akuntabilitas,Negatif,Negatif,Negatif,Negatif,Akuntabilitas_Negatif,
63,@user8134762508136,belikan KTM aja Ndak perlu mobil ini karena gubernurnya gengsian 2-23,https://www.tiktok.com/@user8134762508136,https://www.tiktok.com/@kutai.dailynews/video/7609068555455253780,Efektivitas & Efisiensi,Akuntabilitas,Efektivitas & Efisiensi,Efektivitas & Efisiensi,Negatif,Negatif,Negatif,Negatif,Efektivitas & Efisiensi_Negatif,
64,@cuttank04,pertanyaan nya kenapa nda di periksa 5-10,https://www.tiktok.com/@cuttank04,https://www.tiktok.com/@apasaja2825/video/7620377571229781269,Akuntabilitas,Akuntabilitas,Akuntabilitas,Akuntabilitas,Negatif,Negatif,Negatif,Negatif,Akuntabilitas_Negatif,
65,@grbalaborneo5,adek kakak sama saja 3-2,https://www.tiktok.com/@grbalaborneo5,https://www.tiktok.com/@balikpapantv_official/video/7612479352479026453,Akuntabilitas,Akuntabilitas,Akuntabilitas,Akuntabilitas,Negatif,Negatif,Negatif,Negatif,Akuntabilitas_Negatif,
66,@atmajagirimartopawiro,auranya kuat sekali .... apakah kalian tau aura apa ? 2-25 17.2K,https://www.tiktok.com/@atmajagirimartopawiro,https://www.tiktok.com/@metropolitan.id/video/7610646870599175445,Akuntabilitas,Akuntabilitas,Akuntabilitas,Akuntabilitas,Negatif,Negatif,Negatif,Negatif,Akuntabilitas_Negatif,
67,@feriferdiansyah1987,"logikanya, harusnya jalan dlu di benerin baru beli mobil.. bapak anti mainstream pak,beda dr yg lain.. mungkin si bapak nya pengen coba jalan off-road.. 🤣🤣🤣🤣 3-7",https://www.tiktok.com/@feriferdiansyah1987,https://www.tiktok.com/@tikuskokberdasi/video/7613343929244618005,Efektivitas & Efisiensi,Efektivitas & Efisiensi,Akuntabilitas,Efektivitas & Efisiensi,Negatif,Negatif,Negatif,Negatif,Efektivitas & Efisiensi_Negatif,
68,@aditya_sukaryo05,kenapa mau di kembalikan itu kan marwah kaltim😂😂😂😂. 3-5,https://www.tiktok.com/@aditya_sukaryo05,https://www.tiktok.com/@kompastv_jateng/video/7613321888445615381,Akuntabilitas,Akuntabilitas,Akuntabilitas,Akuntabilitas,Negatif,Negatif,Negatif,Negatif,Akuntabilitas_Negatif,
69,@vio.verdianto,marwah yang buat cuman satu orang tapi dibilang seluruh provinsi wkwkw 2-25,https://www.tiktok.com/@vio.verdianto,https://www.tiktok.com/@wglobalmedia/video/7610699657475329298,Akuntabilitas,Transparansi,Akuntabilitas,Akuntabilitas,Negatif,Negatif,Negatif,Negatif,Akuntabilitas_Negatif,
70,@bobby88828,"pak gibran ae wakil presiden pakainya zenix, paling pol alphard atau land cruiser 300 itupun ga setiap hari pakainya 3-6",https://www.tiktok.com/@bobby88828,https://www.tiktok.com/@kompastv_jateng/video/7613321888445615381,Efektivitas & Efisiensi,Akuntabilitas,Efektivitas & Efisiensi,Efektivitas & Efisiensi,Negatif,Negatif,Negatif,Negatif,Efektivitas & Efisiensi_Negatif,
71,@hajicicik,yg pentg istrix bajux mahal2😂😂😂 3-5,https://www.tiktok.com/@hajicicik,https://www.tiktok.com/@ae_affiliat/video/7612919691111107848,Akuntabilitas,Akuntabilitas,Akuntabilitas,Akuntabilitas,Negatif,Negatif,Negatif,Negatif,Akuntabilitas_Negatif,
72,@yaaaaa_625,ayo SP yg kemaren pilih dia 3-5,https://www.tiktok.com/@yaaaaa_625,https://www.tiktok.com/@ummu.3.anak/video/7613157935157464340,Akuntabilitas,Akuntabilitas,Akuntabilitas,Akuntabilitas,Negatif,Negatif,Negatif,Negatif,Akuntabilitas_Negatif,
73,@reza.agustieawan,"masa 8,5M 5-10",https://www.tiktok.com/@reza.agustieawan,https://www.tiktok.com/@suka.otom0tif/video/7612478466214104328,Efektivitas & Efisiensi,Efektivitas & Efisiensi,Transparansi,Efektivitas & Efisiensi,Negatif,Negatif,Negatif,Negatif,Efektivitas & Efisiensi_Negatif,
74,@bocorhalus_.00,Menurut aku itu wajar ah seorang istri gubernur. Mungkin sebelom nya punya usaha yng belom pernah orang tau 🙏 maaf klau salah 5-11,https://www.tiktok.com/@bocorhalus_.00,https://www.tiktok.com/@sindonews/video/7611810371535375633,Akuntabilitas,Akuntabilitas,Akuntabilitas,Akuntabilitas,Positif,Positif,Positif,Positif,Akuntabilitas_Positif,
75,@ulynapitu,mobilnya SDH di kembalikan...beliau Baru nyadar rakyat Kaltim msh bnyak di garis kemiskinan 3-4,https://www.tiktok.com/@ulynapitu,https://www.tiktok.com/@ae_affiliat/video/7612919691111107848,Responsivitas,Responsivitas,Responsivitas,Responsivitas,Negatif,Negatif,Negatif,Negatif,Responsivitas_Negatif,
76,@putraderita920,KPK ga becus usut gobernur dan ketua dewan kal.tim. 3-24,https://www.tiktok.com/@putraderita920,https://www.tiktok.com/@relung.id/video/7611814381126520065,Akuntabilitas,Akuntabilitas,Akuntabilitas,Akuntabilitas,Negatif,Negatif,Negatif,Negatif,Akuntabilitas_Negatif,
77,@latifa.azzahra322,itu bawahan anda pakk 3-20,https://www.tiktok.com/@latifa.azzahra322,https://www.tiktok.com/@beritasatuofficial/video/7619163357022997780,Akuntabilitas,Akuntabilitas,Akuntabilitas,Akuntabilitas,Negatif,Negatif,Negatif,Negatif,Akuntabilitas_Negatif,
78,@maulanamalikkeren,buset duit segitu benerin jalan marmer bisa itu 3-25,https://www.tiktok.com/@maulanamalikkeren,https://www.tiktok.com/@3halll/video/7611863206281137428,Efektivitas & Efisiensi,Efektivitas & Efisiensi,Efektivitas & Efisiensi,Efektivitas & Efisiensi,Negatif,Negatif,Negatif,Negatif,Efektivitas & Efisiensi_Negatif,
79,@sem66002,gubernur lol 2-28,https://www.tiktok.com/@sem66002,https://www.tiktok.com/@arteranews.id/video/7611460664074390804,Akuntabilitas,Akuntabilitas,Akuntabilitas,Akuntabilitas,Negatif,Negatif,Negatif,Negatif,Akuntabilitas_Negatif,
80,@korneliusnorkemno,marwah dari Hongkong 3-1,https://www.tiktok.com/@korneliusnorkemno,https://www.tiktok.com/@dokmus05/video/7610810591543823636,Akuntabilitas,Akuntabilitas,Akuntabilitas,Akuntabilitas,Negatif,Negatif,Negatif,Negatif,Akuntabilitas_Negatif,
81,@ugidamarpalang,giliran kita bnyar pajak mhal bnar 2-26,https://www.tiktok.com/@ugidamarpalang,https://www.tiktok.com/@aryo.g1/video/7611001576907427090,Efektivitas & Efisiensi,Akuntabilitas,Akuntabilitas,Akuntabilitas,Negatif,Negatif,Negatif,Negatif,Akuntabilitas_Negatif,
82,@insancell83,mobil nya bgus jlannya juga lebih bgus 2-25,https://www.tiktok.com/@insancell83,https://www.tiktok.com/@lensanalarcom/video/7610698043981090068,Efektivitas & Efisiensi,Efektivitas & Efisiensi,Akuntabilitas,Efektivitas & Efisiensi,Positif,Negatif,Positif,Positif,Efektivitas & Efisiensi_Positif,
83,@ditgdhog,dana pribadi blok 3-8,https://www.tiktok.com/@ditgdhog,https://www.tiktok.com/@jollyroger.strawhat/video/7614678060616404245,Transparansi,Transparansi,Transparansi,Transparansi,Negatif,Negatif,Negatif,Negatif,Transparansi_Negatif,
84,@winsendid,[Stiker] mana ni jir mobilnya udah keliling belum 4-28,https://www.tiktok.com/@winsendid,https://www.tiktok.com/@ibarat_azra/video/7631776481781271826,Responsivitas,Responsivitas,Transparansi,Responsivitas,Negatif,Negatif,Negatif,Negatif,Responsivitas_Negatif,
85,@arilsamsung778,korop 1 kluarga pjbat nys 3-9,https://www.tiktok.com/@arilsamsung778,https://www.tiktok.com/@relung.id/video/7611773381997890833,Akuntabilitas,Akuntabilitas,Akuntabilitas,Akuntabilitas,Negatif,Negatif,Negatif,Negatif,Akuntabilitas_Negatif,
86,@midimidi7676,"Pindad suruh bikin cepat kendaraan 4x4 yg ramah medan berat, biar kepala dserah seluruh Indonesia pakai kendaraan yg seragam 2-25",https://www.tiktok.com/@midimidi7676,https://www.tiktok.com/@operasikhusus/video/7610752915036310791,Efektivitas & Efisiensi,Efektivitas & Efisiensi,Efektivitas & Efisiensi,Efektivitas & Efisiensi,Positif,Positif,Positif,Positif,Efektivitas & Efisiensi_Positif,
87,@zahramisrana,itu baru mikirin masarakat nya 4-24,https://www.tiktok.com/@zahramisrana,https://www.tiktok.com/@damarmart/video/7631483584649481479,Akuntabilitas,Efektivitas & Efisiensi,Akuntabilitas,Akuntabilitas,Positif,Positif,Positif,Positif,Akuntabilitas_Positif,
88,@arjunasatya01,"perbaiki dulu jalananmu bro,..biar Marwah jalannya Kaltim di kenal secara Global,.. 4-22",https://www.tiktok.com/@arjunasatya01,https://www.tiktok.com/@ip.alphawolf/video/7629140462753926420,Efektivitas & Efisiensi,Efektivitas & Efisiensi,Efektivitas & Efisiensi,Efektivitas & Efisiensi,Negatif,Negatif,Negatif,Negatif,Efektivitas & Efisiensi_Negatif,
89,@scrane32,"DPRD,GUBERNUR, SEKDA dan KOMINFO sepertinya pandai berAKTING masalah MOBIL 8,6 M. 3-4",https://www.tiktok.com/@scrane32,https://www.tiktok.com/@beritakukar/video/7613011166838738196,Transparansi,Transparansi,Transparansi,Transparansi,Negatif,Negatif,Negatif,Negatif,Transparansi_Negatif,
90,@akhira.bali,pola pikir terbalik nih pak Gubernur... bukan mobil yg canggih yg dibeli tp sarana dan prasarana jalan dibangun...biar mobil inova bisa kok lalui 2-27,https://www.tiktok.com/@akhira.bali,https://www.tiktok.com/@libra.pahing1/video/7611302313097153813,Efektivitas & Efisiensi,Efektivitas & Efisiensi,Efektivitas & Efisiensi,Efektivitas & Efisiensi,Negatif,Negatif,Negatif,Negatif,Efektivitas & Efisiensi_Negatif,
91,@ferry.caloso,BRAVO KPK 3-20,https://www.tiktok.com/@ferry.caloso,https://www.tiktok.com/@relung.id/video/7611814381126520065,Akuntabilitas,Akuntabilitas,Akuntabilitas,Akuntabilitas,Positif,Positif,Positif,Positif,Akuntabilitas_Positif,
92,@usripc13,usut kpk 3-4,https://www.tiktok.com/@usripc13,https://www.tiktok.com/@relung.id/video/7611773381997890833,Akuntabilitas,Akuntabilitas,Akuntabilitas,Akuntabilitas,Negatif,Negatif,Negatif,Negatif,Akuntabilitas_Negatif,
93,@junaida.ida319,pakaian nya istrinya seperti putri Diana 3-11,https://www.tiktok.com/@junaida.ida319,https://www.tiktok.com/@f.405_/video/7612591026666048789,Akuntabilitas,Akuntabilitas,Akuntabilitas,Akuntabilitas,Negatif,Negatif,Negatif,Negatif,Akuntabilitas_Negatif,
94,@bembeng.mario,sama kaya anis manis di awal pahit di akhir 2-28,https://www.tiktok.com/@bembeng.mario,https://www.tiktok.com/@tyasmira81/video/7610723179446783252,Akuntabilitas,Akuntabilitas,Akuntabilitas,Akuntabilitas,Negatif,Negatif,Negatif,Negatif,Akuntabilitas_Negatif,
95,@mafen4l07,Gubernur kaltim 11 12 dengan Gubernur NTT🤣 3-6,https://www.tiktok.com/@mafen4l07,https://www.tiktok.com/@sentilin_indonesia/video/7613820353550306581,Akuntabilitas,Akuntabilitas,Akuntabilitas,Akuntabilitas,Negatif,Negatif,Negatif,Negatif,Akuntabilitas_Negatif,
96,@zainal.habdi,jln dari alrah ke kubar. rusak parah. kasian driver pemburu dolar tetkendala 3-4,https://www.tiktok.com/@zainal.habdi,https://www.tiktok.com/@ae_affiliat/video/7612919691111107848,Efektivitas & Efisiensi,Efektivitas & Efisiensi,Efektivitas & Efisiensi,Efektivitas & Efisiensi,Negatif,Negatif,Negatif,Negatif,Efektivitas & Efisiensi_Negatif,
97,@m.panjaitan.86,marwah sampai segitu yang nama nya marwah ya🤣🤣🤣 3-3,https://www.tiktok.com/@m.panjaitan.86,https://www.tiktok.com/@ae_affiliat/video/7612919691111107848,Akuntabilitas,Akuntabilitas,Akuntabilitas,Akuntabilitas,Negatif,Negatif,Negatif,Negatif,Akuntabilitas_Negatif,
98,@kai20573,[Stiker] jadiin gw gubernur deh 4-23,https://www.tiktok.com/@kai20573,https://www.tiktok.com/@aditya.yudono/video/7631554392633675028,Akuntabilitas,Akuntabilitas,Akuntabilitas,Akuntabilitas,Negatif,Negatif,Negatif,Negatif,Akuntabilitas_Negatif,
99,@hamzz_libingbing,"Prabowo aja mobil maung seharga 700juta lah itu malah 8,5m kocak 3-22",https://www.tiktok.com/@hamzz_libingbing,https://www.tiktok.com/@sahambijak0/video/7611953329421421845,Efektivitas & Efisiensi,Akuntabilitas,Efektivitas & Efisiensi,Efektivitas & Efisiensi,Negatif,Negatif,Negatif,Negatif,Efektivitas & Efisiensi_Negatif,
100,@nama.ku.alul.929,kenapa gak beli Toyota land cruiser harga nya aja lengkap 2.5 Miliar 😊😊 4-18,https://www.tiktok.com/@nama.ku.alul.929,https://www.tiktok.com/@3halll/video/7611863206281137428,Efektivitas & Efisiensi,Efektivitas & Efisiensi,Efektivitas & Efisiensi,Efektivitas & Efisiensi,Negatif,Negatif,Negatif,Negatif,Efektivitas & Efisiensi_Negatif,
101,@meghan0972,publik kaltim kemane ya 3-10,https://www.tiktok.com/@meghan0972,https://www.tiktok.com/@keadilanfiktif/video/7615447599402798357,Responsivitas,Responsivitas,Responsivitas,Responsivitas,Negatif,Negatif,Negatif,Negatif,Responsivitas_Negatif,
102,@botoh699,MENYALA BAPAK ISRAK NOOR..🥰🥰 4-27,https://www.tiktok.com/@botoh699,https://www.tiktok.com/@damarmart/video/7631483584649481479,Akuntabilitas,Akuntabilitas,Akuntabilitas,Akuntabilitas,Negatif,Positif,Positif,Positif,Akuntabilitas_Positif,
103,@eenjii641,"masa mobil bagus yang naik jelek, jaga dong marwah mobilnya 3-23 36.7K",https://www.tiktok.com/@eenjii641,https://www.tiktok.com/@themis.law3/video/7612442626234633480,Akuntabilitas,Akuntabilitas,Akuntabilitas,Akuntabilitas,Negatif,Negatif,Negatif,Negatif,Akuntabilitas_Negatif,
104,@punyamasaq23,jalan donk perbaiki 3-2,https://www.tiktok.com/@punyamasaq23,https://www.tiktok.com/@sigit_sugiana/video/7612287428258237704,Efektivitas & Efisiensi,Efektivitas & Efisiensi,Efektivitas & Efisiensi,Efektivitas & Efisiensi,Negatif,Negatif,Negatif,Negatif,Efektivitas & Efisiensi_Negatif,
105,@yusuf.setiawan89,beli hilux aja kenapa harus yg miliaran 3-1,https://www.tiktok.com/@yusuf.setiawan89,https://www.tiktok.com/@beritaenamdua/video/7612139610507873557,Efektivitas & Efisiensi,Efektivitas & Efisiensi,Efektivitas & Efisiensi,Efektivitas & Efisiensi,Negatif,Negatif,Negatif,Negatif,Efektivitas & Efisiensi_Negatif,
106,@im_rudd,"minimal benerin jalan dulu, heran guehhh 3-7",https://www.tiktok.com/@im_rudd,https://www.tiktok.com/@sentilin_indonesia/video/7613820353550306581,Efektivitas & Efisiensi,Efektivitas & Efisiensi,Efektivitas & Efisiensi,Efektivitas & Efisiensi,Negatif,Negatif,Negatif,Negatif,Efektivitas & Efisiensi_Negatif,
107,@dexter.xixixi,knp gak jalan nya aja yang di bnerin? 3-3,https://www.tiktok.com/@dexter.xixixi,https://www.tiktok.com/@suka.otom0tif/video/7612478466214104328,Efektivitas & Efisiensi,Efektivitas & Efisiensi,Efektivitas & Efisiensi,Efektivitas & Efisiensi,Negatif,Negatif,Negatif,Negatif,Efektivitas & Efisiensi_Negatif,
108,@tehpucukharum571,"Mending gubernur gue , ladang ngonten pake benerin jalan 3-20",https://www.tiktok.com/@tehpucukharum571,https://www.tiktok.com/@detik.lebak/video/7612096372824608008,Efektivitas & Efisiensi,Efektivitas & Efisiensi,Akuntabilitas,Efektivitas & Efisiensi,Positif,Positif,Positif,Positif,Efektivitas & Efisiensi_Positif,
109,@ukiesandy3,lacau kaltim penentu kebijakan gub bersaudara 3-9,https://www.tiktok.com/@ukiesandy3,https://www.tiktok.com/@relung.id/video/7611773381997890833,Akuntabilitas,Akuntabilitas,Akuntabilitas,Akuntabilitas,Negatif,Negatif,Negatif,Negatif,Akuntabilitas_Negatif,
110,@renti_d,Jalanya dibenarin 3-3,https://www.tiktok.com/@renti_d,https://www.tiktok.com/@suka.otom0tif/video/7612478466214104328,Efektivitas & Efisiensi,Efektivitas & Efisiensi,Efektivitas & Efisiensi,Efektivitas & Efisiensi,Negatif,Negatif,Negatif,Negatif,Efektivitas & Efisiensi_Negatif,
111,@user3248820325143,lebih cerdas Abang ini 👍 2-27,https://www.tiktok.com/@user3248820325143,https://www.tiktok.com/@libra.pahing1/video/7611302313097153813,Akuntabilitas,Efektivitas & Efisiensi,Akuntabilitas,Akuntabilitas,Positif,Positif,Positif,Positif,Akuntabilitas_Positif,
112,@umi.maimunah1,"pikiraranya gubernur Kaltim lgi rusak ,,sm kyk jln nya 3-4",https://www.tiktok.com/@umi.maimunah1,https://www.tiktok.com/@ae_affiliat/video/7612919691111107848,Akuntabilitas,Efektivitas & Efisiensi,Akuntabilitas,Akuntabilitas,Negatif,Negatif,Negatif,Negatif,Akuntabilitas_Negatif,
113,@fox5treet,warga kaltim kemana?ngk protes? 2-28,https://www.tiktok.com/@fox5treet,https://www.tiktok.com/@arteranews.id/video/7611460664074390804,Responsivitas,Responsivitas,Responsivitas,Responsivitas,Negatif,Negatif,Negatif,Negatif,Responsivitas_Negatif,
114,@sevven06,kpk mana 4-8,https://www.tiktok.com/@sevven06,https://www.tiktok.com/@aimambandung/video/7611327878239620372,Akuntabilitas,Akuntabilitas,Akuntabilitas,Akuntabilitas,Negatif,Negatif,Negatif,Negatif,Akuntabilitas_Negatif,
115,@indra.prtama7,jangan saya suruh pake jalan kaki 😂😂 2-27,https://www.tiktok.com/@indra.prtama7,https://www.tiktok.com/@robi.plur/video/7611168030877322514,Efektivitas & Efisiensi,Efektivitas & Efisiensi,Efektivitas & Efisiensi,Efektivitas & Efisiensi,Negatif,Negatif,Negatif,Negatif,Efektivitas & Efisiensi_Negatif,
116,@paracetamol_ctm,"klo menurutq, selama beliau kerja nya udh bener, soal gaya dan stylist bebas aja sih, py ciri khas sndr 3-3",https://www.tiktok.com/@paracetamol_ctm,https://www.tiktok.com/@sindonews/video/7611810371535375633,Akuntabilitas,Akuntabilitas,Akuntabilitas,Akuntabilitas,Positif,Positif,Positif,Positif,Akuntabilitas_Positif,
117,@udinjaya464,iyaaa GK jalan nya aja di benarin 3-20,https://www.tiktok.com/@udinjaya464,https://www.tiktok.com/@suka.otom0tif/video/7612478466214104328,Efektivitas & Efisiensi,Efektivitas & Efisiensi,Efektivitas & Efisiensi,Efektivitas & Efisiensi,Negatif,Negatif,Negatif,Negatif,Efektivitas & Efisiensi_Negatif,
118,@user2781329788492,ngomong aja tindakan a GK ada ... 3-20,https://www.tiktok.com/@user2781329788492,https://www.tiktok.com/@beritasatuofficial/video/7619163357022997780,Responsivitas,Responsivitas,Responsivitas,Responsivitas,Negatif,Negatif,Negatif,Negatif,Responsivitas_Negatif,
119,@sergiofernando921,"Masa iya mobilnya mahal dan bagus tapi yg naiknya jelek, jangan dong jaga marwah mobilnya 5-20",https://www.tiktok.com/@sergiofernando921,https://www.tiktok.com/@themis.law3/video/7612442626234633480,Akuntabilitas,Akuntabilitas,Akuntabilitas,Akuntabilitas,Negatif,Negatif,Negatif,Negatif,Akuntabilitas_Negatif,
120,@abdullah1707750099,gubernur ada enggak rasa ibah terhadap rakyat miskin 2-25,https://www.tiktok.com/@abdullah1707750099,https://www.tiktok.com/@the_amor70/video/7610666343985138951,Akuntabilitas,Responsivitas,Akuntabilitas,Akuntabilitas,Negatif,Negatif,Negatif,Negatif,Akuntabilitas_Negatif,
121,@tuanmudaabimana25,"kalimantan pakai triton, strada, hylux double cabin 4x4 sudah aman pak. jangan maksain pakai mobil mewah. 2-27",https://www.tiktok.com/@tuanmudaabimana25,https://www.tiktok.com/@robi.plur/video/7611168030877322514,Efektivitas & Efisiensi,Efektivitas & Efisiensi,Efektivitas & Efisiensi,Efektivitas & Efisiensi,Negatif,Negatif,Negatif,Negatif,Efektivitas & Efisiensi_Negatif,
122,@nugrohohamid,beliau sudah kaya sebelum jadi Gubernur....beliau orang baik... 5-23,https://www.tiktok.com/@nugrohohamid,https://www.tiktok.com/@tripol.co/video/7642126377168293141,Akuntabilitas,Akuntabilitas,Akuntabilitas,Akuntabilitas,Positif,Positif,Positif,Positif,Akuntabilitas_Positif,
123,@rafliekaa1,digosipin presiden is another level🤣 4-22,https://www.tiktok.com/@rafliekaa1,https://www.tiktok.com/@apasaja2825/video/7620377571229781269,Responsivitas,Akuntabilitas,Responsivitas,Responsivitas,Negatif,Negatif,Negatif,Negatif,Responsivitas_Negatif,
124,@mamakhitzzz,HELLO KPK 2-27,https://www.tiktok.com/@mamakhitzzz,https://www.tiktok.com/@aimambandung/video/7611327878239620372,Akuntabilitas,Akuntabilitas,Akuntabilitas,Akuntabilitas,Negatif,Negatif,Negatif,Negatif,Akuntabilitas_Negatif,
125,@roby_kushatanto,plat nya kok gak ada di samsat online ya...apa saya yg salah 3-4,https://www.tiktok.com/@roby_kushatanto,https://www.tiktok.com/@beritakukar/video/7613011166838738196,Transparansi,Transparansi,Transparansi,Transparansi,Negatif,Negatif,Negatif,Negatif,Transparansi_Negatif,
126,@bocahtengil833,[Stiker] sampe disindir presiden 3-25 14.1K,https://www.tiktok.com/@bocahtengil833,https://www.tiktok.com/@millenialzkece/video/7621132387426061575,Responsivitas,Responsivitas,Responsivitas,Responsivitas,Negatif,Negatif,Negatif,Negatif,Responsivitas_Negatif,
127,@madonkbeliyau,wkwkwkkwk kaltim mmpunyai marwah jalanna rusak.... 3-3,https://www.tiktok.com/@madonkbeliyau,https://www.tiktok.com/@f.405_/video/7612591026666048789,Efektivitas & Efisiensi,Efektivitas & Efisiensi,Efektivitas & Efisiensi,Efektivitas & Efisiensi,Negatif,Negatif,Negatif,Negatif,Efektivitas & Efisiensi_Negatif,
128,@mr.phoe_,mobil dilembalikan lemana..... uangnya mana.... 5-24,https://www.tiktok.com/@mr.phoe_,https://www.tiktok.com/@jollyroger.strawhat/video/7614678060616404245,Transparansi,Transparansi,Transparansi,Transparansi,Negatif,Negatif,Negatif,Negatif,Transparansi_Negatif,
129,@warni.com123,knpa gk jalan.a aja yg di perbaiki 2-27,https://www.tiktok.com/@warni.com123,https://www.tiktok.com/@libra.pahing1/video/7611302313097153813,Efektivitas & Efisiensi,Efektivitas & Efisiensi,Efektivitas & Efisiensi,Efektivitas & Efisiensi,Negatif,Negatif,Negatif,Negatif,Efektivitas & Efisiensi_Negatif,
130,@echannahceah_10,Stop membuli..!! kalian TDK tau tentang rudi mas’ud kalian hanya melihat sisi buruknya saja..padahal sisi baiknya tidak ada... 5-3,https://www.tiktok.com/@echannahceah_10,https://www.tiktok.com/@bonekanegara.in/video/7631481627989839105,Akuntabilitas,Akuntabilitas,Akuntabilitas,Akuntabilitas,Negatif,Negatif,Negatif,Negatif,Akuntabilitas_Negatif,
131,@miozann_,700 jt?? saya hanya motor 3 jt 3-22,https://www.tiktok.com/@miozann_,https://www.tiktok.com/@beritasatuofficial/video/7619163357022997780,Efektivitas & Efisiensi,Akuntabilitas,Efektivitas & Efisiensi,Efektivitas & Efisiensi,Negatif,Negatif,Negatif,Negatif,Efektivitas & Efisiensi_Negatif,
132,@dannylamoren,KPK diam2 aja.. sudah dpt amplop coklat 3-4,https://www.tiktok.com/@dannylamoren,https://www.tiktok.com/@beritakukar/video/7613011166838738196,Akuntabilitas,Akuntabilitas,Akuntabilitas,Akuntabilitas,Negatif,Negatif,Negatif,Negatif,Akuntabilitas_Negatif,
133,@komentator433,pemimpin sekarang kagak ada yang mikir rakyat 2-28,https://www.tiktok.com/@komentator433,https://www.tiktok.com/@arteranews.id/video/7611460664074390804,Akuntabilitas,Responsivitas,Akuntabilitas,Akuntabilitas,Negatif,Negatif,Negatif,Negatif,Akuntabilitas_Negatif,
134,@urlove7482,gubernur yg paling bener kdm gk sih? 4-23,https://www.tiktok.com/@urlove7482,https://www.tiktok.com/@bonekanegara.in/video/7631481627989839105,Akuntabilitas,Efektivitas & Efisiensi,Akuntabilitas,Akuntabilitas,Positif,Positif,Positif,Positif,Akuntabilitas_Positif,
135,@d3ddy26,"..pak gubernur kalau mau mengangkat marwah Kaltim, tingkatkan kemajuan daerah bukan beli mobil mewah...ingat pak, jadi gubernur itu atas keinginan bapak & dipilih rakyat. 2-27",https://www.tiktok.com/@d3ddy26,https://www.tiktok.com/@robi.plur/video/7611168030877322514,Efektivitas & Efisiensi,Efektivitas & Efisiensi,Efektivitas & Efisiensi,Efektivitas & Efisiensi,Negatif,Negatif,Negatif,Negatif,Efektivitas & Efisiensi_Negatif,
136,@tanyaaja555,"ingat, jangan sampe logikanya ikut masuk ke logika teman2 mahasiswa, ya jalannya bnerin bukan mobilnya d bagusin. emang yg jalan mobil dia doang. para pencari nafkah loh 3-7",https://www.tiktok.com/@tanyaaja555,https://www.tiktok.com/@robi.plur/video/7611168030877322514,Efektivitas & Efisiensi,Efektivitas & Efisiensi,Efektivitas & Efisiensi,Efektivitas & Efisiensi,Negatif,Negatif,Negatif,Negatif,Efektivitas & Efisiensi_Negatif,
137,@user4752781248182,mobil mentri gak sampai segitu harganya 2-27,https://www.tiktok.com/@user4752781248182,https://www.tiktok.com/@operasikhusus/video/7610752915036310791,Efektivitas & Efisiensi,Efektivitas & Efisiensi,Efektivitas & Efisiensi,Efektivitas & Efisiensi,Negatif,Negatif,Negatif,Negatif,Efektivitas & Efisiensi_Negatif,
138,@mamianeu001,sodaraan😂 3-8,https://www.tiktok.com/@mamianeu001,https://www.tiktok.com/@ompro_autocaree/video/7614061884127317266,Akuntabilitas,Akuntabilitas,Akuntabilitas,Akuntabilitas,Negatif,Negatif,Negatif,Negatif,Akuntabilitas_Negatif,
139,@yog7188,apalah artinya hidup mewah kalau di atas penderitaan rakyatnya. 3-29,https://www.tiktok.com/@yog7188,https://www.tiktok.com/@keadilanfiktif/video/7615447599402798357,Akuntabilitas,Akuntabilitas,Akuntabilitas,Akuntabilitas,Negatif,Negatif,Negatif,Negatif,Akuntabilitas_Negatif,
140,@mgaffar887,mobil jeep aja kuat 3-25,https://www.tiktok.com/@mgaffar887,https://www.tiktok.com/@3halll/video/7611863206281137428,Efektivitas & Efisiensi,Efektivitas & Efisiensi,Efektivitas & Efisiensi,Efektivitas & Efisiensi,Negatif,Negatif,Negatif,Negatif,Efektivitas & Efisiensi_Negatif,
141,@user9875935317875,"perlu diusut semua proyek, pasti ada indikasi tim sukses 3-3",https://www.tiktok.com/@user9875935317875,https://www.tiktok.com/@beritakukar/video/7612310183590530324,Akuntabilitas,Akuntabilitas,Akuntabilitas,Akuntabilitas,Negatif,Negatif,Negatif,Negatif,Akuntabilitas_Negatif,
142,@falih..03,mungkin anggaran buat vidio doang 300 miliyar hehhe 4-23,https://www.tiktok.com/@falih..03,https://www.tiktok.com/@ibarat_azra/video/7631776481781271826,Transparansi,Efektivitas & Efisiensi,Transparansi,Transparansi,Negatif,Negatif,Negatif,Negatif,Transparansi_Negatif,
143,@unyilsyalala,Marwah nya jalan di alusin pak 2-25,https://www.tiktok.com/@unyilsyalala,https://www.tiktok.com/@wakandatalks_id/video/7610767646996368661,Efektivitas & Efisiensi,Efektivitas & Efisiensi,Efektivitas & Efisiensi,Efektivitas & Efisiensi,Negatif,Negatif,Negatif,Negatif,Efektivitas & Efisiensi_Negatif,
144,@moutya25,Ibu Maaf fashion nya ke sering Aku liat di kota tua jakarta 😌🙏🏻 2-27,https://www.tiktok.com/@moutya25,https://www.tiktok.com/@media_indonesia/video/7611183349964524821,Akuntabilitas,Akuntabilitas,Akuntabilitas,Akuntabilitas,Negatif,Negatif,Negatif,Negatif,Akuntabilitas_Negatif,
145,@rizalerda6,buat beli mantel salju lagi 3-6,https://www.tiktok.com/@rizalerda6,https://www.tiktok.com/@sentilin_indonesia/video/7613820353550306581,Akuntabilitas,Efektivitas & Efisiensi,Akuntabilitas,Akuntabilitas,Negatif,Negatif,Negatif,Negatif,Akuntabilitas_Negatif,
146,@m.rezky.alkiansya,mobil elit buat jalan sulit 3-25,https://www.tiktok.com/@m.rezky.alkiansya,https://www.tiktok.com/@sahambijak0/video/7611953329421421845,Efektivitas & Efisiensi,Efektivitas & Efisiensi,Akuntabilitas,Efektivitas & Efisiensi,Negatif,Negatif,Negatif,Negatif,Efektivitas & Efisiensi_Negatif,
147,@khoriati.riati,marwah preeeeeeeeeeet 4-25,https://www.tiktok.com/@khoriati.riati,https://www.tiktok.com/@asbo.titha/video/7632508094207085842,Akuntabilitas,Akuntabilitas,Akuntabilitas,Akuntabilitas,Negatif,Negatif,Negatif,Negatif,Akuntabilitas_Negatif,
148,@widjajanto88,"marwah pejabat ditentukan keberhasilan dia mensejahterakan rakyatnya, bukan mempersolek diri sendiri 2-25",https://www.tiktok.com/@widjajanto88,https://www.tiktok.com/@wglobalmedia/video/7610699657475329298,Akuntabilitas,Akuntabilitas,Akuntabilitas,Akuntabilitas,Negatif,Negatif,Negatif,Negatif,Akuntabilitas_Negatif,
149,@proximuscesar,Kasian kaltim gubernurnya gini 2-27,https://www.tiktok.com/@proximuscesar,https://www.tiktok.com/@robi.plur/video/7611168030877322514,Akuntabilitas,Akuntabilitas,Akuntabilitas,Akuntabilitas,Negatif,Negatif,Negatif,Negatif,Akuntabilitas_Negatif,
150,@zaidtoreto123,pak contoh lah gubernur jabar....(kdm💖) 3-31,https://www.tiktok.com/@zaidtoreto123,https://www.tiktok.com/@sahambijak0/video/7611953329421421845,Akuntabilitas,Efektivitas & Efisiensi,Akuntabilitas,Akuntabilitas,Negatif,Positif,Positif,Positif,Akuntabilitas_Positif,
151,@usripc13,keluarga dinasti itu 3-8,https://www.tiktok.com/@usripc13,https://www.tiktok.com/@ompro_autocaree/video/7614061884127317266,Akuntabilitas,Akuntabilitas,Akuntabilitas,Akuntabilitas,Negatif,Negatif,Negatif,Negatif,Akuntabilitas_Negatif,
152,@irdianto96,ini pemimpin² nya kaltim dari luar semua kah 3-8,https://www.tiktok.com/@irdianto96,https://www.tiktok.com/@politikdotin/video/7612142044219231508,Akuntabilitas,Akuntabilitas,Akuntabilitas,Akuntabilitas,Negatif,Negatif,Negatif,Negatif,Akuntabilitas_Negatif,
153,@xtensy79,du5ta 4-21,https://www.tiktok.com/@xtensy79,https://www.tiktok.com/@ip.alphawolf/video/7629140462753926420,Akuntabilitas,Transparansi,Akuntabilitas,Akuntabilitas,Negatif,Negatif,Negatif,Negatif,Akuntabilitas_Negatif,
154,@user4831345691684tomi,Harus di pantau itu 3-9,https://www.tiktok.com/@user4831345691684tomi,https://www.tiktok.com/@relung.id/video/7611814381126520065,Akuntabilitas,Akuntabilitas,Akuntabilitas,Akuntabilitas,Negatif,Negatif,Negatif,Negatif,Akuntabilitas_Negatif,
155,@usercwqucm36gm,"kan cuma wakil rakyat,rakyatnya aja naik Mio second STNK doank,,, wakilnya range Rover autobiograpy 3-9",https://www.tiktok.com/@usercwqucm36gm,https://www.tiktok.com/@morrodin88/video/7611104729929747733,Efektivitas & Efisiensi,Akuntabilitas,Efektivitas & Efisiensi,Efektivitas & Efisiensi,Negatif,Negatif,Negatif,Negatif,Efektivitas & Efisiensi_Negatif,
156,@febryaffandy,"masa iya, jalannya rusak pak😂 3-3",https://www.tiktok.com/@febryaffandy,https://www.tiktok.com/@libra.pahing1/video/7611302313097153813,Efektivitas & Efisiensi,Efektivitas & Efisiensi,Efektivitas & Efisiensi,Efektivitas & Efisiensi,Negatif,Negatif,Negatif,Negatif,Efektivitas & Efisiensi_Negatif,
157,@ahmadmughofar,"Kijang kalau jalannya bagus juga enak ,,, 3-1",https://www.tiktok.com/@ahmadmughofar,https://www.tiktok.com/@robi.plur/video/7611168030877322514,Efektivitas & Efisiensi,Efektivitas & Efisiensi,Efektivitas & Efisiensi,Efektivitas & Efisiensi,Negatif,Negatif,Negatif,Negatif,Efektivitas & Efisiensi_Negatif,
158,@hofibiadap,"masarakat di bawa"" 3-5",https://www.tiktok.com/@hofibiadap,https://www.tiktok.com/@ummu.3.anak/video/7613157935157464340,Akuntabilitas,Responsivitas,Akuntabilitas,Akuntabilitas,Negatif,Negatif,Negatif,Negatif,Akuntabilitas_Negatif,
159,@helhendra321,"omon"" 3-21",https://www.tiktok.com/@helhendra321,https://www.tiktok.com/@ompro_autocaree/video/7614061884127317266,Responsivitas,Responsivitas,Responsivitas,Responsivitas,Negatif,Negatif,Negatif,Negatif,Responsivitas_Negatif,
160,@bakol_cilik03,Ibu wapres kita sederhana sekali 2-27,https://www.tiktok.com/@bakol_cilik03,https://www.tiktok.com/@media_indonesia/video/7611183349964524821,Efektivitas & Efisiensi,Akuntabilitas,Efektivitas & Efisiensi,Efektivitas & Efisiensi,Negatif,Positif,Negatif,Negatif,Efektivitas & Efisiensi_Negatif,
161,@dwardana86,masa iya jalannya ga di perbaiki jaga donk marwahnya 😂 4-26,https://www.tiktok.com/@dwardana86,https://www.tiktok.com/@ip.alphawolf/video/7629140462753926420,Efektivitas & Efisiensi,Efektivitas & Efisiensi,Efektivitas & Efisiensi,Efektivitas & Efisiensi,Negatif,Negatif,Negatif,Negatif,Efektivitas & Efisiensi_Negatif,
162,@bijiciwadak,"Sejarah mencatat, kekuasaan bukan diukur dari kemewahan fasilitasnya, melainkan dari seberapa kuat ia berpihak pada rakyat kecil. Rp8,5 miliar dari dana Pemprov Kaltim untuk suatu kendaraan adalah angka yang sah untuk dipertanyakan secara moral dan kebijakan. Bukan karena kita anti fasilitas. Tetapi karena prioritas adalah cerminan nurani. Di saat masyarakat membutuhkan akses pendidikan, kesehatan, infrastruktur, keputusan anggaran harus sensitif terhadap rasa keadilan publik. Kritik ini bukan s",https://www.tiktok.com/@bijiciwadak,https://www.tiktok.com/@klikkaltim_/video/7610061418548808967,Efektivitas & Efisiensi,Efektivitas & Efisiensi,Efektivitas & Efisiensi,Efektivitas & Efisiensi,Negatif,Negatif,Negatif,Negatif,Efektivitas & Efisiensi_Negatif,
163,@dellassi,"tampilannya familiar kek siapa ya, ternyata kek lady dimitrescu #izin 🙂‍↕️🙏🏼 3-2",https://www.tiktok.com/@dellassi,https://www.tiktok.com/@sindonews/video/7611810371535375633,Akuntabilitas,Akuntabilitas,Akuntabilitas,Akuntabilitas,Negatif,Negatif,Negatif,Negatif,Akuntabilitas_Negatif,
164,@man.maulana27,pak utk jaga marwah tuh kaltim itu bikin maju kaltim bikin warga kaltim itu sejahteta perekonomian kaltim lbh baik lg bkn beli mobil itu see bkn jaga marwah kaltim 4-24,https://www.tiktok.com/@man.maulana27,https://www.tiktok.com/@f.405_/video/7612591026666048789,Efektivitas & Efisiensi,Efektivitas & Efisiensi,Efektivitas & Efisiensi,Efektivitas & Efisiensi,Negatif,Negatif,Negatif,Negatif,Efektivitas & Efisiensi_Negatif,
165,@gassecond,JALANMU PERBAIKI WAHAI GUBERNUR OON 3-5,https://www.tiktok.com/@gassecond,https://www.tiktok.com/@kompastv_jateng/video/7613321888445615381,Efektivitas & Efisiensi,Efektivitas & Efisiensi,Efektivitas & Efisiensi,Efektivitas & Efisiensi,Negatif,Negatif,Negatif,Negatif,Efektivitas & Efisiensi_Negatif,
166,@kinabe.lay30,"Wee presiden sa dia punya mobil 700juta sa nih masa hanya gubernur sa harus 8,5m nc 4-25",https://www.tiktok.com/@kinabe.lay30,https://www.tiktok.com/@3halll/video/7611863206281137428,Efektivitas & Efisiensi,Efektivitas & Efisiensi,Efektivitas & Efisiensi,Efektivitas & Efisiensi,Negatif,Negatif,Negatif,Negatif,Efektivitas & Efisiensi_Negatif,
167,@erwinpurnama885,jalan nya di perbaiki biar bisa make avanza 4-7,https://www.tiktok.com/@erwinpurnama885,https://www.tiktok.com/@suka.otom0tif/video/7612478466214104328,Efektivitas & Efisiensi,Efektivitas & Efisiensi,Efektivitas & Efisiensi,Efektivitas & Efisiensi,Negatif,Negatif,Negatif,Negatif,Efektivitas & Efisiensi_Negatif,
168,@natte094,gw aja malu sama pemerintah gw sendiri di kaltim😂 3-22,https://www.tiktok.com/@natte094,https://www.tiktok.com/@themis.law3/video/7612442626234633480,Akuntabilitas,Akuntabilitas,Akuntabilitas,Akuntabilitas,Negatif,Negatif,Negatif,Negatif,Akuntabilitas_Negatif,
169,@mnurrahman20,"nah jalanya bang yg mau di lewatin mobil 8,5 m😳 3-5",https://www.tiktok.com/@mnurrahman20,https://www.tiktok.com/@botakteras/video/7613416347250314517,Efektivitas & Efisiensi,Efektivitas & Efisiensi,Efektivitas & Efisiensi,Efektivitas & Efisiensi,Negatif,Negatif,Negatif,Negatif,Efektivitas & Efisiensi_Negatif,
170,@user4050227010443,perlu dipriksa 2-18,https://www.tiktok.com/@user4050227010443,https://www.tiktok.com/@ashepsayfullq/video/7608021220088433936,Akuntabilitas,Akuntabilitas,Akuntabilitas,Akuntabilitas,Negatif,Negatif,Negatif,Negatif,Akuntabilitas_Negatif,
171,@bung_hew,tegur ❎ sindir✅ 3-20,https://www.tiktok.com/@bung_hew,https://www.tiktok.com/@beritasatuofficial/video/7619163357022997780,Responsivitas,Responsivitas,Responsivitas,Responsivitas,Negatif,Negatif,Negatif,Negatif,Responsivitas_Negatif,
172,@aly.cross07,marwah siapa pak.... marwah kaltim adalah masyarakatnya sejahtera pemimpinnya amanah pembangunan infrastruktur bagus..janji ditepati. 3-2,https://www.tiktok.com/@aly.cross07,https://www.tiktok.com/@f.405_/video/7612591026666048789,Efektivitas & Efisiensi,Efektivitas & Efisiensi,Efektivitas & Efisiensi,Efektivitas & Efisiensi,Negatif,Negatif,Negatif,Negatif,Efektivitas & Efisiensi_Negatif,
173,@sro.sahyd,kumaha piikirana etta Gub 3-2,https://www.tiktok.com/@sro.sahyd,https://www.tiktok.com/@suka.otom0tif/video/7612478466214104328,Akuntabilitas,Akuntabilitas,Akuntabilitas,Akuntabilitas,Negatif,Negatif,Negatif,Negatif,Akuntabilitas_Negatif,
174,@nugerahantofilza20,"padahal banyak mobil tangguh lainnya kayak Ford , Pajero , Fortuner dll itu kan dibawah 1m 3-23",https://www.tiktok.com/@nugerahantofilza20,https://www.tiktok.com/@3halll/video/7611863206281137428,Efektivitas & Efisiensi,Efektivitas & Efisiensi,Efektivitas & Efisiensi,Efektivitas & Efisiensi,Negatif,Negatif,Negatif,Negatif,Efektivitas & Efisiensi_Negatif,
175,@rofie_pratama,"Mau tanya, siapa yg pilih gubernur itu ?? gubernur kaltim ?? 5-27",https://www.tiktok.com/@rofie_pratama,https://www.tiktok.com/@tripol.co/video/7642126377168293141,Akuntabilitas,Akuntabilitas,Akuntabilitas,Akuntabilitas,Negatif,Negatif,Negatif,Negatif,Akuntabilitas_Negatif,
176,@xuxicarls,dikira ini era Bridgerton kali😭 2-27,https://www.tiktok.com/@xuxicarls,https://www.tiktok.com/@media_indonesia/video/7611183349964524821,Akuntabilitas,Akuntabilitas,Akuntabilitas,Akuntabilitas,Negatif,Negatif,Negatif,Negatif,Akuntabilitas_Negatif,
177,@user0888855686655,700 jt pake hanya🗿 3-26,https://www.tiktok.com/@user0888855686655,https://www.tiktok.com/@millenialzkece/video/7621132387426061575,Efektivitas & Efisiensi,Efektivitas & Efisiensi,Akuntabilitas,Efektivitas & Efisiensi,Negatif,Negatif,Negatif,Negatif,Efektivitas & Efisiensi_Negatif,
178,@novi.lestari777,pecat aja turun kan kalau tidak perhatikan rakyat 5-6,https://www.tiktok.com/@novi.lestari777,https://www.tiktok.com/@asbo.titha/video/7632508094207085842,Akuntabilitas,Akuntabilitas,Akuntabilitas,Akuntabilitas,Negatif,Negatif,Negatif,Negatif,Akuntabilitas_Negatif,
179,@agus.yudha23,jangan adal ngomong mas diberita mana 3-10,https://www.tiktok.com/@agus.yudha23,https://www.tiktok.com/@relung.id/video/7611814381126520065,Transparansi,Transparansi,Transparansi,Transparansi,Negatif,Negatif,Negatif,Negatif,Transparansi_Negatif,
180,@fans.el.real0,bukan nya ditambal jalan nya tapi membeli mobil mahal 3-25,https://www.tiktok.com/@fans.el.real0,https://www.tiktok.com/@3halll/video/7611863206281137428,Efektivitas & Efisiensi,Efektivitas & Efisiensi,Efektivitas & Efisiensi,Efektivitas & Efisiensi,Negatif,Negatif,Negatif,Negatif,Efektivitas & Efisiensi_Negatif,
181,@deafajar_,lapor KPK lsg turun 2-18,https://www.tiktok.com/@deafajar_,https://www.tiktok.com/@ashepsayfullq/video/7608021220088433936,Akuntabilitas,Akuntabilitas,Akuntabilitas,Akuntabilitas,Negatif,Negatif,Negatif,Negatif,Akuntabilitas_Negatif,
182,@godok698,ciri korop 2-26,https://www.tiktok.com/@godok698,https://www.tiktok.com/@mata_publik_/video/7608632050790239495,Akuntabilitas,Akuntabilitas,Akuntabilitas,Akuntabilitas,Negatif,Negatif,Negatif,Negatif,Akuntabilitas_Negatif,
183,@cahyudin69,jangan omon omon doang pak wowo 3-25,https://www.tiktok.com/@cahyudin69,https://www.tiktok.com/@millenialzkece/video/7621132387426061575,Responsivitas,Responsivitas,Akuntabilitas,Responsivitas,Negatif,Negatif,Negatif,Negatif,Responsivitas_Negatif,
184,@ammarzai650,napa tak betulkan jalan je😅 3-9,https://www.tiktok.com/@ammarzai650,https://www.tiktok.com/@3halll/video/7611863206281137428,Efektivitas & Efisiensi,Efektivitas & Efisiensi,Efektivitas & Efisiensi,Efektivitas & Efisiensi,Negatif,Negatif,Negatif,Negatif,Efektivitas & Efisiensi_Negatif,
185,@jemii897,Target Nya Gedung Merah Putih ini 😂😂 2-25,https://www.tiktok.com/@jemii897,https://www.tiktok.com/@the_amor70/video/7610666343985138951,Akuntabilitas,Akuntabilitas,Akuntabilitas,Akuntabilitas,Negatif,Negatif,Negatif,Negatif,Akuntabilitas_Negatif,
186,@_beeyyyyy,dulu yg milih siapa sih😂 4-29,https://www.tiktok.com/@_beeyyyyy,https://www.tiktok.com/@themis.law3/video/7612442626234633480,Akuntabilitas,Akuntabilitas,Akuntabilitas,Akuntabilitas,Negatif,Negatif,Negatif,Negatif,Akuntabilitas_Negatif,
187,@sonyakhbar5,"Ngapo di pulangke, mana KPK usut tuntas 3-2",https://www.tiktok.com/@sonyakhbar5,https://www.tiktok.com/@beritakukar/video/7612310183590530324,Akuntabilitas,Akuntabilitas,Akuntabilitas,Akuntabilitas,Negatif,Negatif,Negatif,Negatif,Akuntabilitas_Negatif,
188,@teguhharyono64,parah ni Gub kaltim 2-27,https://www.tiktok.com/@teguhharyono64,https://www.tiktok.com/@the_amor70/video/7610666343985138951,Akuntabilitas,Akuntabilitas,Akuntabilitas,Akuntabilitas,Negatif,Negatif,Negatif,Negatif,Akuntabilitas_Negatif,
189,@alitapena0,kalo di tempatku suka banyak di sawah pas padi udah berbuah biasaNya buat nakutin burung 3-7,https://www.tiktok.com/@alitapena0,https://www.tiktok.com/@sindonews/video/7611810371535375633,Akuntabilitas,Efektivitas & Efisiensi,Akuntabilitas,Akuntabilitas,Negatif,Positif,Negatif,Negatif,Akuntabilitas_Negatif,
190,@enal_epponabbas,jujur saya kelahiran Kaltim.. sangat malu dengan hujatan warga net... kpan yah punya pemimpin kaya KDM... 3-4,https://www.tiktok.com/@enal_epponabbas,https://www.tiktok.com/@ae_affiliat/video/7612919691111107848,Akuntabilitas,Responsivitas,Akuntabilitas,Akuntabilitas,Negatif,Negatif,Negatif,Negatif,Akuntabilitas_Negatif,
191,@papisultan82,"curhat Mulu ini presiden, byk ngomong drpd tindakan 3-20",https://www.tiktok.com/@papisultan82,https://www.tiktok.com/@beritasatuofficial/video/7619163357022997780,Responsivitas,Responsivitas,Responsivitas,Responsivitas,Negatif,Negatif,Negatif,Negatif,Responsivitas_Negatif,
192,@anggajulian207,"8,5m kalo pake buat nambal jalan lumayan tuh 3-5",https://www.tiktok.com/@anggajulian207,https://www.tiktok.com/@politikdotin/video/7612142044219231508,Efektivitas & Efisiensi,Efektivitas & Efisiensi,Efektivitas & Efisiensi,Efektivitas & Efisiensi,Negatif,Negatif,Negatif,Negatif,Efektivitas & Efisiensi_Negatif,
193,@wattimena4,gaya tdk sesuai dgn kinerja 3-20,https://www.tiktok.com/@wattimena4,https://www.tiktok.com/@ashepsayfullq/video/7608021220088433936,Akuntabilitas,Efektivitas & Efisiensi,Akuntabilitas,Akuntabilitas,Negatif,Negatif,Negatif,Negatif,Akuntabilitas_Negatif,
194,@iamjadenhokuowei,Gubenur syampachhh😅😅😅 2-25,https://www.tiktok.com/@iamjadenhokuowei,https://www.tiktok.com/@wakandatalks_id/video/7610767646996368661,Akuntabilitas,Akuntabilitas,Akuntabilitas,Akuntabilitas,Negatif,Negatif,Negatif,Negatif,Akuntabilitas_Negatif,
195,@annalulamii,klo di usut gmn dgn org2 yg bersangkutan dgn pengadaan barang ya?? dri jabat sibuk urus marwah bkn urut warga kaltim.. 5-5,https://www.tiktok.com/@annalulamii,https://www.tiktok.com/@aby.drone/video/7631155160395402516,Akuntabilitas,Akuntabilitas,Akuntabilitas,Akuntabilitas,Negatif,Negatif,Negatif,Negatif,Akuntabilitas_Negatif,
196,@rendirandi741,mundur dri jabatanmu dn mundur dinastimu 4-21,https://www.tiktok.com/@rendirandi741,https://www.tiktok.com/@prabsri1/video/7631102459582336277,Akuntabilitas,Akuntabilitas,Akuntabilitas,Akuntabilitas,Negatif,Negatif,Negatif,Negatif,Akuntabilitas_Negatif,
197,@dhenzhan_37,masa iya mobil nya bagus. yang naik nya jelek.. jaga dong Marwah mobil nya... 3-31,https://www.tiktok.com/@dhenzhan_37,https://www.tiktok.com/@sahambijak0/video/7611953329421421845,Akuntabilitas,Akuntabilitas,Akuntabilitas,Akuntabilitas,Negatif,Negatif,Negatif,Negatif,Akuntabilitas_Negatif,
198,@arifbahaa,"Siapa pun bisa tau dan ngerti, walau pak presiden engga bilang gitu 3-20",https://www.tiktok.com/@arifbahaa,https://www.tiktok.com/@ompro_autocaree/video/7614061884127317266,Responsivitas,Responsivitas,Responsivitas,Responsivitas,Negatif,Negatif,Negatif,Negatif,Responsivitas_Negatif,
199,@saifulbaqa12,semua pandai bersilat lidah gubernurx ketua dprx sekdax smpai kasix jg bgtu 3-4,https://www.tiktok.com/@saifulbaqa12,https://www.tiktok.com/@beritakukar/video/7613011166838738196,Transparansi,Transparansi,Transparansi,Transparansi,Negatif,Negatif,Negatif,Negatif,Transparansi_Negatif,
200,@moh.suryadi397,mantab KPK 3-4,https://www.tiktok.com/@moh.suryadi397,https://www.tiktok.com/@relung.id/video/7611814381126520065,Akuntabilitas,Akuntabilitas,Akuntabilitas,Akuntabilitas,Positif,Positif,Positif,Positif,Akuntabilitas_Positif,
201,@muhammd_daffa5,"org Kaltim asli cuma Diam ngk mau koment apa""👍 3-4",https://www.tiktok.com/@muhammd_daffa5,https://www.tiktok.com/@ae_affiliat/video/7612919691111107848,Responsivitas,Responsivitas,Responsivitas,Responsivitas,Negatif,Negatif,Negatif,Negatif,Responsivitas_Negatif,
202,@alvynn01_,titik terendah di gosipin presiden 3-28,https://www.tiktok.com/@alvynn01_,https://www.tiktok.com/@fans_pak_prabowo/video/7621100320243928341,Responsivitas,Akuntabilitas,Responsivitas,Responsivitas,Negatif,Negatif,Negatif,Negatif,Responsivitas_Negatif,
203,@arif2291,ko Gk risih yaa naiknya padahal kan Rakyat 🤣 2-22,https://www.tiktok.com/@arif2291,https://www.tiktok.com/@kutai.dailynews/video/7609068555455253780,Akuntabilitas,Akuntabilitas,Akuntabilitas,Akuntabilitas,Negatif,Negatif,Negatif,Negatif,Akuntabilitas_Negatif,
204,@viyaa8992,mobil elit jalan sulit 5-14,https://www.tiktok.com/@viyaa8992,https://www.tiktok.com/@aditya.yudono/video/7631554392633675028,Efektivitas & Efisiensi,Efektivitas & Efisiensi,Efektivitas & Efisiensi,Efektivitas & Efisiensi,Negatif,Negatif,Negatif,Negatif,Efektivitas & Efisiensi_Negatif,
205,@leonardo_di_catmeeow,"Emang bukan sekedarnya, tapi ya jangan yang paling mewah juga. Itu kan bukan uang kamu. Kalo kamu beli pake duit sendiri Roll Royce juga gak apa 2-25",https://www.tiktok.com/@leonardo_di_catmeeow,https://www.tiktok.com/@operasikhusus/video/7610752915036310791,Efektivitas & Efisiensi,Akuntabilitas,Efektivitas & Efisiensi,Efektivitas & Efisiensi,Negatif,Negatif,Negatif,Negatif,Efektivitas & Efisiensi_Negatif,
206,@bglesmana6,apa hubungan nya dengan kemewahan kendaraan pak? sesungguh nya marwah kaltim ekonomi rakyat nya meningkat jalan di kaltim bagus semua dan kesederhanaan pejabat nya itu marwah sesungguh nya.. 4-16,https://www.tiktok.com/@bglesmana6,https://www.tiktok.com/@ip.alphawolf/video/7629140462753926420,Efektivitas & Efisiensi,Efektivitas & Efisiensi,Efektivitas & Efisiensi,Efektivitas & Efisiensi,Negatif,Negatif,Negatif,Negatif,Efektivitas & Efisiensi_Negatif,
207,@aplikasicuangacor,"Coba pakai mobil sigra aja pak, sisa nya buat benerin jalan 2-27",https://www.tiktok.com/@aplikasicuangacor,https://www.tiktok.com/@libra.pahing1/video/7611302313097153813,Efektivitas & Efisiensi,Efektivitas & Efisiensi,Efektivitas & Efisiensi,Efektivitas & Efisiensi,Negatif,Negatif,Negatif,Negatif,Efektivitas & Efisiensi_Negatif,
208,@pandujuansyahcihvu,jam juga mahal itu weded korupsi terossssss 2-25,https://www.tiktok.com/@pandujuansyahcihvu,https://www.tiktok.com/@wglobalmedia/video/7610699657475329298,Akuntabilitas,Akuntabilitas,Akuntabilitas,Akuntabilitas,Negatif,Negatif,Negatif,Negatif,Akuntabilitas_Negatif,
209,@sndyrisky,Pejabat naik mobil mewah rakyat nya jalan rusak parahh 3-4,https://www.tiktok.com/@sndyrisky,https://www.tiktok.com/@botakteras/video/7613416347250314517,Efektivitas & Efisiensi,Efektivitas & Efisiensi,Efektivitas & Efisiensi,Efektivitas & Efisiensi,Negatif,Negatif,Negatif,Negatif,Efektivitas & Efisiensi_Negatif,
210,@mhdariansyahp,"bisa gak ya setiap pidato para pejabat atau pemerintah , gak usah pake bawa"" partai... mending fokus gimna cara nya buat negara ini maju dan sejahtera... kalau mau cerita partai nanti buat porum sendiri... 3-10",https://www.tiktok.com/@mhdariansyahp,https://www.tiktok.com/@ompro_autocaree/video/7614061884127317266,Responsivitas,Responsivitas,Responsivitas,Responsivitas,Negatif,Negatif,Negatif,Negatif,Responsivitas_Negatif,
211,@orang.orang212,gubenur. Kaltim harus. belajar dari. Usman. bin Affan. . dia pemimpin yg. takut. rakyatnya ada yg lapar . 3-6,https://www.tiktok.com/@orang.orang212,https://www.tiktok.com/@ashepsayfullq/video/7608021220088433936,Akuntabilitas,Akuntabilitas,Akuntabilitas,Akuntabilitas,Negatif,Negatif,Negatif,Negatif,Akuntabilitas_Negatif,
212,@sujanana0,gw aja pake honda beat 3-21,https://www.tiktok.com/@sujanana0,https://www.tiktok.com/@wargawargi2025/video/7619281381293755669,Efektivitas & Efisiensi,Akuntabilitas,Efektivitas & Efisiensi,Efektivitas & Efisiensi,Negatif,Negatif,Negatif,Negatif,Efektivitas & Efisiensi_Negatif,
213,@alviannn2,mana ni masyarakat Kaltim...👌 3-1,https://www.tiktok.com/@alviannn2,https://www.tiktok.com/@detik.lebak/video/7612096372824608008,Responsivitas,Responsivitas,Responsivitas,Responsivitas,Negatif,Negatif,Negatif,Negatif,Responsivitas_Negatif,
214,@kingawurpermana,marwah kok di mobil. di jalanan pak. 3-2,https://www.tiktok.com/@kingawurpermana,https://www.tiktok.com/@lensanalarcom/video/7610698043981090068,Efektivitas & Efisiensi,Efektivitas & Efisiensi,Efektivitas & Efisiensi,Efektivitas & Efisiensi,Negatif,Negatif,Negatif,Negatif,Efektivitas & Efisiensi_Negatif,
215,@chandrah76,"KLO bisa Marwah jalan egk apa""yg penting gaya mobil dinas nya 3-25",https://www.tiktok.com/@chandrah76,https://www.tiktok.com/@f.405_/video/7612591026666048789,Efektivitas & Efisiensi,Efektivitas & Efisiensi,Efektivitas & Efisiensi,Efektivitas & Efisiensi,Negatif,Negatif,Negatif,Negatif,Efektivitas & Efisiensi_Negatif,
216,@gerimis.mengundan040,harap2 di panggil SMA kpk 2-27,https://www.tiktok.com/@gerimis.mengundan040,https://www.tiktok.com/@libra.pahing1/video/7611302313097153813,Akuntabilitas,Akuntabilitas,Akuntabilitas,Akuntabilitas,Negatif,Negatif,Negatif,Negatif,Akuntabilitas_Negatif,
217,@candra.fahmi,"Gubernur kaltim ini org paling kuat se Indonesia, bahkan KpK dan kejaksaan pun g mampu menyentuhnya 3-5",https://www.tiktok.com/@candra.fahmi,https://www.tiktok.com/@kompastv_jateng/video/7613321888445615381,Akuntabilitas,Akuntabilitas,Akuntabilitas,Akuntabilitas,Negatif,Negatif,Negatif,Negatif,Akuntabilitas_Negatif,
218,@kemaszaa,mahalan mobil gub kaltim ketimbang mobil presiden 2-25,https://www.tiktok.com/@kemaszaa,https://www.tiktok.com/@ashepsayfullq/video/7608021220088433936,Efektivitas & Efisiensi,Efektivitas & Efisiensi,Efektivitas & Efisiensi,Efektivitas & Efisiensi,Negatif,Negatif,Negatif,Negatif,Efektivitas & Efisiensi_Negatif,
219,@kacang_lidi,gue cuma binggung kok bisa di approve renovasi 25m? 😳 4-23,https://www.tiktok.com/@kacang_lidi,https://www.tiktok.com/@bonekanegara.in/video/7631481627989839105,Transparansi,Efektivitas & Efisiensi,Transparansi,Transparansi,Negatif,Negatif,Negatif,Negatif,Transparansi_Negatif,
220,@samsung.indo402,jalannya bos perbaiki bukan beli mobil mewahh😏 3-20,https://www.tiktok.com/@samsung.indo402,https://www.tiktok.com/@sahambijak0/video/7611953329421421845,Efektivitas & Efisiensi,Efektivitas & Efisiensi,Efektivitas & Efisiensi,Efektivitas & Efisiensi,Negatif,Negatif,Negatif,Negatif,Efektivitas & Efisiensi_Negatif,
221,@wiidd.07_,"knp presiden naik mobil 700jt, sedangkan rakyatnya saja kredit motor listrik 3-21",https://www.tiktok.com/@wiidd.07_,https://www.tiktok.com/@beritasatuofficial/video/7619163357022997780,Efektivitas & Efisiensi,Akuntabilitas,Efektivitas & Efisiensi,Efektivitas & Efisiensi,Negatif,Negatif,Negatif,Negatif,Efektivitas & Efisiensi_Negatif,
222,@panglima_kijang_kencana,"Assalamualaikum buat kita semua. Wajar aja dia menikmati peselitas itu. Kerna dia juga berjuang berdarah darah berkorban harta benda"" baru bisa duduk jadi gubernur kaltim. KERNA ITU PILIHAN KALIAN JUGA DIA JADI PEJABAT DAN GUBERNUR KALTIM. LEBIH BAIK KITA SENERGI MEMBANGUN KALTIM. Jadi kita jangan membuli' menghujat dan gibahnya ya kawan. Seharusnya kita dukung program beliau agar maksimal membangun kaltim. Ingat kawan manusia itu tidak ada yang sempurna. DIA JUGA BERBUAT SEPERTI ITU. BUAT MASRA",https://www.tiktok.com/@panglima_kijang_kencana,https://www.tiktok.com/@relung.id/video/7611773381997890833,Akuntabilitas,Responsivitas,Akuntabilitas,Akuntabilitas,Positif,Positif,Positif,Positif,Akuntabilitas_Positif,
223,@ibu.priyo,"Lah gpp bang mobil jelek yg penting msh bisa d pake asal wilayahnya baik rapih jlnnya bagus & rakyatnya Senang hidupnya, pasti yg bagus kan para pejabatnya jg bnr g sih 5-12",https://www.tiktok.com/@ibu.priyo,https://www.tiktok.com/@f.405_/video/7612591026666048789,Efektivitas & Efisiensi,Efektivitas & Efisiensi,Efektivitas & Efisiensi,Efektivitas & Efisiensi,Positif,Positif,Positif,Positif,Efektivitas & Efisiensi_Positif,
224,@pwn_garage1,pinter omong 3-1,https://www.tiktok.com/@pwn_garage1,https://www.tiktok.com/@beritaenamdua/video/7612139610507873557,Responsivitas,Transparansi,Responsivitas,Responsivitas,Negatif,Negatif,Negatif,Negatif,Responsivitas_Negatif,
225,@barry.gallen,DPRD pasti sudah mengkaji dan menyetujui anggaran ini. Jadi secara administrasi pasti sudah aman 3-4,https://www.tiktok.com/@barry.gallen,https://www.tiktok.com/@tikuskokberdasi/video/7613343929244618005,Transparansi,Responsivitas,Transparansi,Transparansi,Positif,Positif,Positif,Positif,Transparansi_Positif,
226,@harta_tahta_umroh,MOBIL PRESIDEN AJA GA SEGITU😂 3-5,https://www.tiktok.com/@harta_tahta_umroh,https://www.tiktok.com/@tikuskokberdasi/video/7613343929244618005,Efektivitas & Efisiensi,Efektivitas & Efisiensi,Efektivitas & Efisiensi,Efektivitas & Efisiensi,Negatif,Negatif,Negatif,Negatif,Efektivitas & Efisiensi_Negatif,
227,@7362863sjdiej,sindir tanpa tindakan juga fungsinya apa 3-21,https://www.tiktok.com/@7362863sjdiej,https://www.tiktok.com/@wargawargi2025/video/7619281381293755669,Responsivitas,Responsivitas,Responsivitas,Responsivitas,Negatif,Negatif,Negatif,Negatif,Responsivitas_Negatif,
228,@siti.marni94,ya allah parah.... 4-24,https://www.tiktok.com/@siti.marni94,https://www.tiktok.com/@prapancas/video/7631918131128061191,Akuntabilitas,Akuntabilitas,Akuntabilitas,Akuntabilitas,Negatif,Negatif,Negatif,Negatif,Akuntabilitas_Negatif,
229,@krupukmlemp,woiiiii...jalannya yg diperbaiki.malah beli mobil mewah 2-25,https://www.tiktok.com/@krupukmlemp,https://www.tiktok.com/@wglobalmedia/video/7610699657475329298,Efektivitas & Efisiensi,Efektivitas & Efisiensi,Efektivitas & Efisiensi,Efektivitas & Efisiensi,Negatif,Negatif,Negatif,Negatif,Efektivitas & Efisiensi_Negatif,
230,@army16556,GEMES NGELIHAT NYA... IH GK TAU MAU KOMEN APA. SI MARWAH. AKU PANGGIL DIA SI MARWAH AJ LAH 3-27,https://www.tiktok.com/@army16556,https://www.tiktok.com/@f.405_/video/7612591026666048789,Akuntabilitas,Akuntabilitas,Akuntabilitas,Akuntabilitas,Negatif,Negatif,Negatif,Negatif,Akuntabilitas_Negatif,
231,@user9292094939676,"Fortuner, Pajero dan yg selevel sdh cukup kok. 2-25",https://www.tiktok.com/@user9292094939676,https://www.tiktok.com/@operasikhusus/video/7610752915036310791,Efektivitas & Efisiensi,Efektivitas & Efisiensi,Efektivitas & Efisiensi,Efektivitas & Efisiensi,Negatif,Negatif,Negatif,Negatif,Efektivitas & Efisiensi_Negatif,
232,@chocomaltman,"puncak komedinya ""saya ajaa cuman 700jt dia malah 8m🤣"" 3-20",https://www.tiktok.com/@chocomaltman,https://www.tiktok.com/@beritasatuofficial/video/7619163357022997780,Efektivitas & Efisiensi,Akuntabilitas,Efektivitas & Efisiensi,Efektivitas & Efisiensi,Negatif,Negatif,Negatif,Negatif,Efektivitas & Efisiensi_Negatif,
233,@lidi4774,udah ketakutan sama KPK. 3-2,https://www.tiktok.com/@lidi4774,https://www.tiktok.com/@beritakukar/video/7612310183590530324,Akuntabilitas,Akuntabilitas,Akuntabilitas,Akuntabilitas,Negatif,Negatif,Negatif,Negatif,Akuntabilitas_Negatif,
234,@changliya,waduhh mobil mewah .jalan nya rusak nanti monil cepat rusak 3-1,https://www.tiktok.com/@changliya,https://www.tiktok.com/@beritaenamdua/video/7612139610507873557,Efektivitas & Efisiensi,Efektivitas & Efisiensi,Akuntabilitas,Efektivitas & Efisiensi,Negatif,Negatif,Negatif,Negatif,Efektivitas & Efisiensi_Negatif,
235,@asiaanur96,Blunder terus ya gubernur kaltim ini 😅 4-16,https://www.tiktok.com/@asiaanur96,https://www.tiktok.com/@ip.alphawolf/video/7629140462753926420,Akuntabilitas,Akuntabilitas,Akuntabilitas,Akuntabilitas,Negatif,Negatif,Negatif,Negatif,Akuntabilitas_Negatif,
236,@user4917255918830,Audit segera 👍 2-27,https://www.tiktok.com/@user4917255918830,https://www.tiktok.com/@aimambandung/video/7611327878239620372,Akuntabilitas,Akuntabilitas,Akuntabilitas,Akuntabilitas,Negatif,Negatif,Negatif,Negatif,Akuntabilitas_Negatif,
237,@agensolo4,"lah lu kan presiden ,ya buat lah peraturan, jgn cm ngomong kosong 3-21",https://www.tiktok.com/@agensolo4,https://www.tiktok.com/@beritasatuofficial/video/7619163357022997780,Responsivitas,Responsivitas,Responsivitas,Responsivitas,Negatif,Negatif,Negatif,Negatif,Responsivitas_Negatif,
238,@mustofingah0,mau mobil mahal maupun mobil murah bagi rakyat ga ngaruh.yg penting kerjanya untuk rakyat.aneh....aneh....bukanya mikir rakyatnya gmn malah mikirin Marwah jdi pejabat. 2-26,https://www.tiktok.com/@mustofingah0,https://www.tiktok.com/@kutai.dailynews/video/7609068555455253780,Akuntabilitas,Efektivitas & Efisiensi,Akuntabilitas,Akuntabilitas,Negatif,Negatif,Negatif,Negatif,Akuntabilitas_Negatif,
239,@sayank969696969696,yg milih siapa pertanyaan begitu 5-27,https://www.tiktok.com/@sayank969696969696,https://www.tiktok.com/@prapancas/video/7631918131128061191,Akuntabilitas,Akuntabilitas,Akuntabilitas,Akuntabilitas,Negatif,Negatif,Negatif,Negatif,Akuntabilitas_Negatif,
240,@user4752781248182,mobil untuk keluarga gengsi nya dia sendiriiiiiiiiii 2-27,https://www.tiktok.com/@user4752781248182,https://www.tiktok.com/@operasikhusus/video/7610752915036310791,Akuntabilitas,Akuntabilitas,Akuntabilitas,Akuntabilitas,Negatif,Negatif,Negatif,Negatif,Akuntabilitas_Negatif,
241,@user3454613188756,mikir ojo gawe sempatan kesepitan duwete sopo 5-24,https://www.tiktok.com/@user3454613188756,https://www.tiktok.com/@asbo.titha/video/7632508094207085842,Efektivitas & Efisiensi,Akuntabilitas,Efektivitas & Efisiensi,Efektivitas & Efisiensi,Negatif,Negatif,Negatif,Negatif,Efektivitas & Efisiensi_Negatif,
242,@agussetiawan2109,sini lah ke bontang lewat darat jngan kau lewat muara badak lewat jalan poros ny🤣🤣🤣 2-23,https://www.tiktok.com/@agussetiawan2109,https://www.tiktok.com/@klikkaltim_/video/7610061418548808967,Efektivitas & Efisiensi,Efektivitas & Efisiensi,Efektivitas & Efisiensi,Efektivitas & Efisiensi,Negatif,Negatif,Negatif,Negatif,Efektivitas & Efisiensi_Negatif,
243,@cablack008,Gak di pusat gak di pedesaan pejabatnya sama pemikirannya pada kebalik semua..! 2-27,https://www.tiktok.com/@cablack008,https://www.tiktok.com/@libra.pahing1/video/7611302313097153813,Akuntabilitas,Efektivitas & Efisiensi,Akuntabilitas,Akuntabilitas,Negatif,Negatif,Negatif,Negatif,Akuntabilitas_Negatif,
244,@agusprianto172,"serius nanya, kok platnya putih? bukannya harusnya merah? terus yaa, INI RAKYAT KALTIM DIEM AJA SERIUS? KALIAN MUAK NGGA SI? 2-28",https://www.tiktok.com/@agusprianto172,https://www.tiktok.com/@arteranews.id/video/7611460664074390804,Transparansi,Transparansi,Transparansi,Transparansi,Negatif,Negatif,Negatif,Negatif,Transparansi_Negatif,
245,@nazir.ziran,"KPK,,,mana,,? 3-10",https://www.tiktok.com/@nazir.ziran,https://www.tiktok.com/@keadilanfiktif/video/7615447599402798357,Akuntabilitas,Akuntabilitas,Akuntabilitas,Akuntabilitas,Negatif,Negatif,Negatif,Negatif,Akuntabilitas_Negatif,
246,@yahooyay08,"duhhhh pak Gub.....semoga semua sarana prasarana, infrastruktur kaltim telah disediakan/dibangun dengan baik untuk meningkatkan perekonomian dan kesejateraan. ada standarisasi spek dan harga kendaraan. estimasi rata2 harga mobil dinas menteri 1,5 M???? 2-26",https://www.tiktok.com/@yahooyay08,https://www.tiktok.com/@morrodin88/video/7611104729929747733,Efektivitas & Efisiensi,Efektivitas & Efisiensi,Efektivitas & Efisiensi,Efektivitas & Efisiensi,Negatif,Negatif,Negatif,Negatif,Efektivitas & Efisiensi_Negatif,
247,@irpan_putra24,"masak mobil 8M dinaikin orang ala kadarnya, janganndong, kasihan mobilnya 3-26",https://www.tiktok.com/@irpan_putra24,https://www.tiktok.com/@fans_pak_prabowo/video/7621100320243928341,Akuntabilitas,Akuntabilitas,Akuntabilitas,Akuntabilitas,Negatif,Negatif,Negatif,Negatif,Akuntabilitas_Negatif,
248,@wongtsugie2,"jadi Mobil 8,5M lebih penting ketimbang mengaspal akses jalan² yg rusak.??? 3-2",https://www.tiktok.com/@wongtsugie2,https://www.tiktok.com/@beritakukar/video/7612310183590530324,Efektivitas & Efisiensi,Efektivitas & Efisiensi,Efektivitas & Efisiensi,Efektivitas & Efisiensi,Negatif,Negatif,Negatif,Negatif,Efektivitas & Efisiensi_Negatif,
249,@userblackhole0,jalan jalan kabupaten saja masih lumpur 4-1,https://www.tiktok.com/@userblackhole0,https://www.tiktok.com/@keadilanfiktif/video/7615447599402798357,Efektivitas & Efisiensi,Efektivitas & Efisiensi,Efektivitas & Efisiensi,Efektivitas & Efisiensi,Negatif,Negatif,Negatif,Negatif,Efektivitas & Efisiensi_Negatif,
250,@mas.t683,mas Gibran mobil apa yang di pake cobak 3-2,https://www.tiktok.com/@mas.t683,https://www.tiktok.com/@sahambijak0/video/7611953329421421845,Efektivitas & Efisiensi,Akuntabilitas,Efektivitas & Efisiensi,Efektivitas & Efisiensi,Negatif,Negatif,Negatif,Negatif,Efektivitas & Efisiensi_Negatif,
251,@anifamufida,pemimpin seperti ini kok malah di pilih ... kasian rakyat lagi lagi tertipu 3-5,https://www.tiktok.com/@anifamufida,https://www.tiktok.com/@ae_affiliat/video/7612919691111107848,Akuntabilitas,Akuntabilitas,Akuntabilitas,Akuntabilitas,Negatif,Negatif,Negatif,Negatif,Akuntabilitas_Negatif,
252,@vil4aaa_,Aura ngabisin duit kuat banget lagi wkwkwk 2-27,https://www.tiktok.com/@vil4aaa_,https://www.tiktok.com/@media_indonesia/video/7611183349964524821,Efektivitas & Efisiensi,Akuntabilitas,Efektivitas & Efisiensi,Efektivitas & Efisiensi,Negatif,Negatif,Negatif,Negatif,Efektivitas & Efisiensi_Negatif,
253,@errykhienzsusanoo,ini video asli nya kok gk ada ya apa di suruh hapus kah? @David Alfa Sunarna 5-8,https://www.tiktok.com/@errykhienzsusanoo,https://www.tiktok.com/@masss_mulll/video/7610745658986745095,Transparansi,Transparansi,Transparansi,Transparansi,Negatif,Negatif,Negatif,Negatif,Transparansi_Negatif,
254,@usernamenotfound12329,sebuah daerah dilihat dari masyarakatnya bukan dari kekayaan pemimpinnya 3-7,https://www.tiktok.com/@usernamenotfound12329,https://www.tiktok.com/@sentilin_indonesia/video/7613820353550306581,Akuntabilitas,Akuntabilitas,Akuntabilitas,Akuntabilitas,Negatif,Negatif,Negatif,Negatif,Akuntabilitas_Negatif,
255,@jxaverious,toilet 3 m renovasi rumah 25 m mobil 8.5 m real Raja Kaltim 4-15,https://www.tiktok.com/@jxaverious,https://www.tiktok.com/@sentilin_indonesia/video/7613820353550306581,Efektivitas & Efisiensi,Akuntabilitas,Efektivitas & Efisiensi,Efektivitas & Efisiensi,Negatif,Negatif,Negatif,Negatif,Efektivitas & Efisiensi_Negatif,
256,@asep.sujana778,"kuropsi besar besaran buat beli mobil,,, 3-2",https://www.tiktok.com/@asep.sujana778,https://www.tiktok.com/@harianda19/video/7611777664621350164,Akuntabilitas,Akuntabilitas,Akuntabilitas,Akuntabilitas,Negatif,Negatif,Negatif,Negatif,Akuntabilitas_Negatif,
257,@arfaalkapi,kenapaya tinggal beli isuzu mux 4-27,https://www.tiktok.com/@arfaalkapi,https://www.tiktok.com/@3halll/video/7611863206281137428,Efektivitas & Efisiensi,Efektivitas & Efisiensi,Efektivitas & Efisiensi,Efektivitas & Efisiensi,Negatif,Negatif,Negatif,Negatif,Efektivitas & Efisiensi_Negatif,
258,@topik.hidayat.hid3,pecat 4-25,https://www.tiktok.com/@topik.hidayat.hid3,https://www.tiktok.com/@f.405_/video/7612591026666048789,Akuntabilitas,Akuntabilitas,Akuntabilitas,Akuntabilitas,Negatif,Negatif,Negatif,Negatif,Akuntabilitas_Negatif,
259,@ciasingkyznn,Stop membuli..!! kalian TDK tau tentang rudi mas’ud kalian hanya melihat sisi buruknya saja..padahal sisi baiknya tidak ada... 4-29,https://www.tiktok.com/@ciasingkyznn,https://www.tiktok.com/@apasaja2825/video/7620377571229781269,Akuntabilitas,Akuntabilitas,Akuntabilitas,Akuntabilitas,Negatif,Negatif,Negatif,Negatif,Akuntabilitas_Negatif,
260,@dhewspt,"@🌍:🤣🤣🤣🤣 GUBERNUR KALTIM Rudy Mas'ud, ISTRI GUBERNUR KALTIM Sarifah Suraidah (Anggota DPR RI), KETUA DPRD KALTIM Hasan Mas'ud, WALIKOTA BALIKPAPAN Rahmad Mas'ud, KETUA KADIM Putri Amanda Nurrahmadi (KATANYA KEPONAKAN), MANTAN BUPATI PENAJAM PASER UTARA Abdul Gafur Mas'ud (OTT KPK).... 3-5",https://www.tiktok.com/@dhewspt,https://www.tiktok.com/@ae_affiliat/video/7612919691111107848,Akuntabilitas,Akuntabilitas,Akuntabilitas,Akuntabilitas,Negatif,Negatif,Negatif,Negatif,Akuntabilitas_Negatif,
261,@hairul5333,Ayu ting ting naik grobak yg penting kita kopak .kocak bener deh jadi GUBERNUR🤣🤣 2-27,https://www.tiktok.com/@hairul5333,https://www.tiktok.com/@arteranews.id/video/7611460664074390804,Akuntabilitas,Akuntabilitas,Akuntabilitas,Akuntabilitas,Negatif,Negatif,Negatif,Negatif,Akuntabilitas_Negatif,
262,@arief.arf,ini kpk enggak curiga apa? 3-9,https://www.tiktok.com/@arief.arf,https://www.tiktok.com/@sentilin_indonesia/video/7613820353550306581,Akuntabilitas,Akuntabilitas,Akuntabilitas,Akuntabilitas,Negatif,Negatif,Negatif,Negatif,Akuntabilitas_Negatif,
263,@anjas28674,mobil mewah jalan parah😅 4-28,https://www.tiktok.com/@anjas28674,https://www.tiktok.com/@sahambijak0/video/7611953329421421845,Efektivitas & Efisiensi,Efektivitas & Efisiensi,Efektivitas & Efisiensi,Efektivitas & Efisiensi,Negatif,Negatif,Negatif,Negatif,Efektivitas & Efisiensi_Negatif,
264,@ree_aree_,Rudy Mas'ud - Gubernur Kaltim.. Hasanuddin Mas'ud (kakak nya) - ketua DPRD Kaltim.. Rahmad Mas'ud (kakak nya) - walikota Balikpapan.. Sarifah Suraidah (istri nya) - komisi VI DPR RI (Golkar).. Abdul Gafur Mas'ud (adik nya) - bupati Penajam Paser Utara (OTT KPK 2022 nih) 2-28,https://www.tiktok.com/@ree_aree_,https://www.tiktok.com/@sindonews/video/7611810371535375633,Akuntabilitas,Akuntabilitas,Akuntabilitas,Akuntabilitas,Negatif,Negatif,Negatif,Negatif,Akuntabilitas_Negatif,
265,@damarwulan2450,"kalau mau ngangkat Marwah masyrkat Kaltim jalannya di benerin , masyarakat nya di sejahterkn begitu bos..bukan mobil dinas mu saja yg yg di mewAhin... 3-3",https://www.tiktok.com/@damarwulan2450,https://www.tiktok.com/@f.405_/video/7612591026666048789,Efektivitas & Efisiensi,Efektivitas & Efisiensi,Efektivitas & Efisiensi,Efektivitas & Efisiensi,Negatif,Negatif,Negatif,Negatif,Efektivitas & Efisiensi_Negatif,
266,@frzyy95,iq gubernur Kaltim kira kira berapa ya??🤔🤔 3-7,https://www.tiktok.com/@frzyy95,https://www.tiktok.com/@themis.law3/video/7612442626234633480,Akuntabilitas,Akuntabilitas,Akuntabilitas,Akuntabilitas,Negatif,Negatif,Negatif,Negatif,Akuntabilitas_Negatif,
267,@novi_sopandi,bapak minta aja sekalian pesawat pribadi atau air jet pribadi semakin menyala anggaran nya 2-25,https://www.tiktok.com/@novi_sopandi,https://www.tiktok.com/@wglobalmedia/video/7610699657475329298,Efektivitas & Efisiensi,Efektivitas & Efisiensi,Efektivitas & Efisiensi,Efektivitas & Efisiensi,Negatif,Negatif,Negatif,Negatif,Efektivitas & Efisiensi_Negatif,
268,@rasipinanuar1,kasih yg terbaik dan tak dpt dilupakan oleh dinastinya 4-30,https://www.tiktok.com/@rasipinanuar1,https://www.tiktok.com/@prapancas/video/7631918131128061191,Akuntabilitas,Akuntabilitas,Akuntabilitas,Akuntabilitas,Negatif,Negatif,Negatif,Negatif,Akuntabilitas_Negatif,
269,@gakkenall41,"pejabat jepang ae naek sepeda, itu juga beli sendiri 3-1",https://www.tiktok.com/@gakkenall41,https://www.tiktok.com/@sahambijak0/video/7611953329421421845,Efektivitas & Efisiensi,Akuntabilitas,Efektivitas & Efisiensi,Efektivitas & Efisiensi,Negatif,Negatif,Negatif,Negatif,Efektivitas & Efisiensi_Negatif,
270,@bunda.tegas,kalau takut daerahnya kelihatan miskin... perbaiki dulu jalannya... 3-7,https://www.tiktok.com/@bunda.tegas,https://www.tiktok.com/@tikuskokberdasi/video/7613343929244618005,Efektivitas & Efisiensi,Efektivitas & Efisiensi,Efektivitas & Efisiensi,Efektivitas & Efisiensi,Negatif,Negatif,Negatif,Negatif,Efektivitas & Efisiensi_Negatif,
271,@azyyt8,mobil elit jalan sulit 4-23,https://www.tiktok.com/@azyyt8,https://www.tiktok.com/@ibarat_azra/video/7631776481781271826,Efektivitas & Efisiensi,Efektivitas & Efisiensi,Efektivitas & Efisiensi,Efektivitas & Efisiensi,Negatif,Negatif,Negatif,Negatif,Efektivitas & Efisiensi_Negatif,
272,@lifeian,"jalannya yang harus dibagusin, bukan malah mobilnya yang diganti bagus 😂 2-21",https://www.tiktok.com/@lifeian,https://www.tiktok.com/@mata_publik_/video/7608632050790239495,Efektivitas & Efisiensi,Efektivitas & Efisiensi,Efektivitas & Efisiensi,Efektivitas & Efisiensi,Negatif,Negatif,Negatif,Negatif,Efektivitas & Efisiensi_Negatif,
273,@joker4343567,Marwah Kaltim jalan hampir jadi sawah😁😁😁 3-7,https://www.tiktok.com/@joker4343567,https://www.tiktok.com/@ummu.3.anak/video/7613157935157464340,Efektivitas & Efisiensi,Efektivitas & Efisiensi,Efektivitas & Efisiensi,Efektivitas & Efisiensi,Negatif,Negatif,Negatif,Negatif,Efektivitas & Efisiensi_Negatif,
274,@egizidan4,bergerak turun kan jabatanya 2-25,https://www.tiktok.com/@egizidan4,https://www.tiktok.com/@the_amor70/video/7610666343985138951,Akuntabilitas,Akuntabilitas,Akuntabilitas,Akuntabilitas,Negatif,Negatif,Negatif,Negatif,Akuntabilitas_Negatif,
275,@putralumajang41,harus di periksa KPK 3-7,https://www.tiktok.com/@putralumajang41,https://www.tiktok.com/@relung.id/video/7611814381126520065,Akuntabilitas,Akuntabilitas,Akuntabilitas,Akuntabilitas,Negatif,Negatif,Negatif,Negatif,Akuntabilitas_Negatif,
276,@teresiasilo1teresiasilo1,ter lalu jga bgtu pak Rudi kan kasian kita yg laiinnn 4-25,https://www.tiktok.com/@teresiasilo1teresiasilo1,https://www.tiktok.com/@prapancas/video/7631918131128061191,Akuntabilitas,Akuntabilitas,Akuntabilitas,Akuntabilitas,Negatif,Negatif,Negatif,Negatif,Akuntabilitas_Negatif,
277,@fikih929,beli mobil mewah itu luar biasa asalkan uang sendiri bukan uang anggaran daerah gak apa2 3-21,https://www.tiktok.com/@fikih929,https://www.tiktok.com/@sahambijak0/video/7611953329421421845,Efektivitas & Efisiensi,Akuntabilitas,Efektivitas & Efisiensi,Efektivitas & Efisiensi,Negatif,Negatif,Negatif,Negatif,Efektivitas & Efisiensi_Negatif,
278,@akuapalah32,"8,5 M penunjukkan langsung? 3-4",https://www.tiktok.com/@akuapalah32,https://www.tiktok.com/@kompastv_jateng/video/7613321888445615381,Transparansi,Transparansi,Transparansi,Transparansi,Negatif,Negatif,Negatif,Negatif,Transparansi_Negatif,
279,@fenomenaalam62,itu mobil dinas kepala ditingkat desa y bro😁 3-2,https://www.tiktok.com/@fenomenaalam62,https://www.tiktok.com/@sigit_sugiana/video/7612287428258237704,Efektivitas & Efisiensi,Akuntabilitas,Efektivitas & Efisiensi,Efektivitas & Efisiensi,Negatif,Negatif,Negatif,Negatif,Efektivitas & Efisiensi_Negatif,
280,@julakdalapan,padahal sadar medannya luar biasa berat 🗿 4-17,https://www.tiktok.com/@julakdalapan,https://www.tiktok.com/@beritakukar/video/7612310183590530324,Efektivitas & Efisiensi,Efektivitas & Efisiensi,Akuntabilitas,Efektivitas & Efisiensi,Negatif,Negatif,Negatif,Negatif,Efektivitas & Efisiensi_Negatif,
281,@jio.agriffa,pantes aja banyak orang yang pengen lepas dari Indonesia orang pejabat nya aja gini😂 2-28,https://www.tiktok.com/@jio.agriffa,https://www.tiktok.com/@arteranews.id/video/7611460664074390804,Akuntabilitas,Akuntabilitas,Akuntabilitas,Akuntabilitas,Negatif,Negatif,Negatif,Negatif,Akuntabilitas_Negatif,
282,@thuama73,hanya KPK harapan kita 2-27,https://www.tiktok.com/@thuama73,https://www.tiktok.com/@aimambandung/video/7611327878239620372,Akuntabilitas,Akuntabilitas,Akuntabilitas,Akuntabilitas,Negatif,Negatif,Negatif,Negatif,Akuntabilitas_Negatif,
283,@yoonisya_,ga suka sama bapak ini 2-26,https://www.tiktok.com/@yoonisya_,https://www.tiktok.com/@metropolitan.id/video/7610646870599175445,Akuntabilitas,Akuntabilitas,Akuntabilitas,Akuntabilitas,Negatif,Negatif,Negatif,Negatif,Akuntabilitas_Negatif,
284,@kingsamurai79,Pejabat bawahan itu mencobtoh atasannya. 2-27,https://www.tiktok.com/@kingsamurai79,https://www.tiktok.com/@libra.pahing1/video/7611302313097153813,Akuntabilitas,Akuntabilitas,Akuntabilitas,Akuntabilitas,Negatif,Negatif,Negatif,Negatif,Akuntabilitas_Negatif,
285,@supribahtiar990,beli saja roket baru bapak ke planet mars 😂😂😂😂😂 2-25,https://www.tiktok.com/@supribahtiar990,https://www.tiktok.com/@operasikhusus/video/7610752915036310791,Efektivitas & Efisiensi,Akuntabilitas,Efektivitas & Efisiensi,Efektivitas & Efisiensi,Negatif,Negatif,Negatif,Negatif,Efektivitas & Efisiensi_Negatif,
286,@jewawut13,masyarakat kaltim bangga punya gubernur itu pastinya 3-6,https://www.tiktok.com/@jewawut13,https://www.tiktok.com/@tikuskokberdasi/video/7613343929244618005,Akuntabilitas,Akuntabilitas,Akuntabilitas,Akuntabilitas,Positif,Positif,Positif,Positif,Akuntabilitas_Positif,
287,@lino_no67,sudah turun belum sih😭 5-22,https://www.tiktok.com/@lino_no67,https://www.tiktok.com/@tripol.co/video/7642126377168293141,Akuntabilitas,Akuntabilitas,Akuntabilitas,Akuntabilitas,Negatif,Negatif,Negatif,Negatif,Akuntabilitas_Negatif,
288,@jenal.abidin108,masa iya jalannya kaya gitu masih lumpur ini 2026 bos bukan taun 1975😁😁😁😁🤭🤭🤭 3-5,https://www.tiktok.com/@jenal.abidin108,https://www.tiktok.com/@ummu.3.anak/video/7613157935157464340,Efektivitas & Efisiensi,Efektivitas & Efisiensi,Akuntabilitas,Efektivitas & Efisiensi,Negatif,Negatif,Negatif,Negatif,Efektivitas & Efisiensi_Negatif,
289,@ha041443,"gini kalau gubernur nya hnya memikirkan diri sendiri ,bukan rakyat nya 2-21",https://www.tiktok.com/@ha041443,https://www.tiktok.com/@mata_publik_/video/7608632050790239495,Akuntabilitas,Responsivitas,Akuntabilitas,Akuntabilitas,Negatif,Negatif,Negatif,Negatif,Akuntabilitas_Negatif,
290,@jieeeeebon,jangan mikirin mobil dulu pak jalan aja benerin 4-18,https://www.tiktok.com/@jieeeeebon,https://www.tiktok.com/@ip.alphawolf/video/7629140462753926420,Efektivitas & Efisiensi,Efektivitas & Efisiensi,Efektivitas & Efisiensi,Efektivitas & Efisiensi,Negatif,Negatif,Negatif,Negatif,Efektivitas & Efisiensi_Negatif,
291,@destiadaily,"orang mah klo buat ngelewatin jalan kaltim yang hancur bukan beli mobil 8.5m, tapi benerin tuh jalan kaltim jalan aman&damai,rakyat aman tentram juga berguna untuk semua, untung aku di jabar 4-24",https://www.tiktok.com/@destiadaily,https://www.tiktok.com/@ibarat_azra/video/7631776481781271826,Efektivitas & Efisiensi,Efektivitas & Efisiensi,Efektivitas & Efisiensi,Efektivitas & Efisiensi,Negatif,Negatif,Negatif,Negatif,Efektivitas & Efisiensi_Negatif,
292,@ekothegell,"klo untuk medan berat harusnya beli double cabbin, sprti strada, offroad itu yg khusus medan berat, 2-27",https://www.tiktok.com/@ekothegell,https://www.tiktok.com/@aimambandung/video/7611327878239620372,Efektivitas & Efisiensi,Efektivitas & Efisiensi,Efektivitas & Efisiensi,Efektivitas & Efisiensi,Negatif,Negatif,Negatif,Negatif,Efektivitas & Efisiensi_Negatif,
293,@vanzzreal31,Pasti anggaran buat tuh video nya tembus 30 m 4-23,https://www.tiktok.com/@vanzzreal31,https://www.tiktok.com/@ibarat_azra/video/7631776481781271826,Transparansi,Efektivitas & Efisiensi,Transparansi,Transparansi,Negatif,Negatif,Negatif,Negatif,Transparansi_Negatif,
294,@MS4wLjABAAAAgzWQayqcPftcnPe8T6H1LkUsAwhElNHBMm2rEiaYq99Qj9PbFrc0YEaYSEak0bHA,masuk angin ini gubernur... 2-24,https://www.tiktok.com/@MS4wLjABAAAAgzWQayqcPftcnPe8T6H1LkUsAwhElNHBMm2rEiaYq99Qj9PbFrc0YEaYSEak0bHA,https://www.tiktok.com/@mata_publik_/video/7608632050790239495,Akuntabilitas,Akuntabilitas,Akuntabilitas,Akuntabilitas,Negatif,Negatif,Negatif,Negatif,Akuntabilitas_Negatif,
295,@bagloeg5,mobil mahal jalan nya murahan 2-28,https://www.tiktok.com/@bagloeg5,https://www.tiktok.com/@lensanalarcom/video/7610698043981090068,Efektivitas & Efisiensi,Efektivitas & Efisiensi,Efektivitas & Efisiensi,Efektivitas & Efisiensi,Negatif,Negatif,Negatif,Negatif,Efektivitas & Efisiensi_Negatif,
296,@ddy_agus,"Kalau memang sesuai aturan, ya silakan saja dilakukan 3-4",https://www.tiktok.com/@ddy_agus,https://www.tiktok.com/@tikuskokberdasi/video/7613343929244618005,Akuntabilitas,Transparansi,Akuntabilitas,Akuntabilitas,Positif,Positif,Positif,Positif,Akuntabilitas_Positif,
297,@polong_hijau,rumah dinas 25M lagi 4-22,https://www.tiktok.com/@polong_hijau,https://www.tiktok.com/@apasaja2825/video/7620377571229781269,Efektivitas & Efisiensi,Efektivitas & Efisiensi,Efektivitas & Efisiensi,Efektivitas & Efisiensi,Negatif,Negatif,Negatif,Negatif,Efektivitas & Efisiensi_Negatif,
298,@irwannedabang,gpp pake kijang tapi semua jalan bagus.masyarakat gak ngelu soal jln.. itu bru org akui😂🙏 3-7,https://www.tiktok.com/@irwannedabang,https://www.tiktok.com/@robi.plur/video/7611168030877322514,Efektivitas & Efisiensi,Efektivitas & Efisiensi,Efektivitas & Efisiensi,Efektivitas & Efisiensi,Positif,Positif,Positif,Positif,Efektivitas & Efisiensi_Positif,
299,@tetehaniliyani,daripada buat mobilnya mending buat benerrin jalan nya x ya 😂😂😂 3-6,https://www.tiktok.com/@tetehaniliyani,https://www.tiktok.com/@themis.law3/video/7612442626234633480,Efektivitas & Efisiensi,Efektivitas & Efisiensi,Efektivitas & Efisiensi,Efektivitas & Efisiensi,Negatif,Negatif,Negatif,Negatif,Efektivitas & Efisiensi_Negatif,
300,@user116829135,bilang aja gengsi pakai mobil murah 2-25,https://www.tiktok.com/@user116829135,https://www.tiktok.com/@metropolitan.id/video/7610646870599175445,Akuntabilitas,Akuntabilitas,Akuntabilitas,Akuntabilitas,Negatif,Negatif,Negatif,Negatif,Akuntabilitas_Negatif,
301,@wongkutai1331,Tanya sama Partai Pengusung nya 3-10,https://www.tiktok.com/@wongkutai1331,https://www.tiktok.com/@keadilanfiktif/video/7615447599402798357,Akuntabilitas,Akuntabilitas,Akuntabilitas,Akuntabilitas,Negatif,Negatif,Negatif,Negatif,Akuntabilitas_Negatif,
302,@pejuang.rupiah2572,yang penting jaga Marwah😁😁😁 4-21,https://www.tiktok.com/@pejuang.rupiah2572,https://www.tiktok.com/@aby.drone/video/7631155160395402516,Akuntabilitas,Akuntabilitas,Akuntabilitas,Akuntabilitas,Negatif,Negatif,Negatif,Negatif,Akuntabilitas_Negatif,
303,@virgo_aries17,klw aku punya gubernur yg di gossiping pak presiden malu banget 4-23,https://www.tiktok.com/@virgo_aries17,https://www.tiktok.com/@apasaja2825/video/7620377571229781269,Akuntabilitas,Akuntabilitas,Akuntabilitas,Akuntabilitas,Negatif,Negatif,Negatif,Negatif,Akuntabilitas_Negatif,
304,@izanizan294,"ksi trun gubernur nya,, terlluh 4-23",https://www.tiktok.com/@izanizan294,https://www.tiktok.com/@aditya.yudono/video/7631554392633675028,Akuntabilitas,Akuntabilitas,Akuntabilitas,Akuntabilitas,Negatif,Negatif,Negatif,Negatif,Akuntabilitas_Negatif,
305,@user6229518541751,capeeee..gw denger berita pejabat Konoha...ga sensitif sama rakyat nya 😂 2-25,https://www.tiktok.com/@user6229518541751,https://www.tiktok.com/@wglobalmedia/video/7610699657475329298,Akuntabilitas,Responsivitas,Akuntabilitas,Akuntabilitas,Negatif,Negatif,Negatif,Negatif,Akuntabilitas_Negatif,
306,@ahmad.maulana2864,jalan nya yang di bagusin. bukan mobil ny yang di bagusin. ngak ada bagus bagus nya jadi pemimpin 3-9,https://www.tiktok.com/@ahmad.maulana2864,https://www.tiktok.com/@suka.otom0tif/video/7612478466214104328,Efektivitas & Efisiensi,Efektivitas & Efisiensi,Efektivitas & Efisiensi,Efektivitas & Efisiensi,Negatif,Negatif,Negatif,Negatif,Efektivitas & Efisiensi_Negatif,
307,@ngaonggg_,bukan mikirin jalan didaerah malah mikirin mobil 3-21,https://www.tiktok.com/@ngaonggg_,https://www.tiktok.com/@wargawargi2025/video/7619281381293755669,Efektivitas & Efisiensi,Efektivitas & Efisiensi,Efektivitas & Efisiensi,Efektivitas & Efisiensi,Negatif,Negatif,Negatif,Negatif,Efektivitas & Efisiensi_Negatif,
308,@masagus130888,klo dana pribadi nya sendiri ya gpp. yg penting jangan uang dari korupsi 3-24,https://www.tiktok.com/@masagus130888,https://www.tiktok.com/@morrodin88/video/7611104729929747733,Akuntabilitas,Akuntabilitas,Akuntabilitas,Akuntabilitas,Negatif,Negatif,Negatif,Negatif,Akuntabilitas_Negatif,
309,@rhanputra07,mantap ini la salah satu contoh manfaat uang pajak 3-3,https://www.tiktok.com/@rhanputra07,https://www.tiktok.com/@beritakukar/video/7612310183590530324,Efektivitas & Efisiensi,Akuntabilitas,Efektivitas & Efisiensi,Efektivitas & Efisiensi,Negatif,Negatif,Negatif,Negatif,Efektivitas & Efisiensi_Negatif,
310,@rara86477,Cek kpk 2-26,https://www.tiktok.com/@rara86477,https://www.tiktok.com/@ashepsayfullq/video/7608021220088433936,Akuntabilitas,Akuntabilitas,Akuntabilitas,Akuntabilitas,Negatif,Negatif,Negatif,Negatif,Akuntabilitas_Negatif,
311,@buyungtriono,jika pejabat pakai mobil sederhana..justru rakyat semakin simpati pak...jaman berubah pak🤣🤣 2-25,https://www.tiktok.com/@buyungtriono,https://www.tiktok.com/@dokmus05/video/7610810591543823636,Akuntabilitas,Akuntabilitas,Akuntabilitas,Akuntabilitas,Positif,Negatif,Positif,Positif,Akuntabilitas_Positif,
312,@supersatoru.id.store,membandingkan 2 hal yang buruk tidak membuat salah satu nya lebih benar 3-21,https://www.tiktok.com/@supersatoru.id.store,https://www.tiktok.com/@wargawargi2025/video/7619281381293755669,Akuntabilitas,Transparansi,Akuntabilitas,Akuntabilitas,Negatif,Negatif,Negatif,Negatif,Akuntabilitas_Negatif,
313,@wahyu_mxking2,gk butuh mobil dinas yang bgus yang kita semunya butuh kn itu jln yng bgus aku anak kaltim malu 🙏 3-7,https://www.tiktok.com/@wahyu_mxking2,https://www.tiktok.com/@ummu.3.anak/video/7613157935157464340,Efektivitas & Efisiensi,Efektivitas & Efisiensi,Efektivitas & Efisiensi,Efektivitas & Efisiensi,Negatif,Negatif,Negatif,Negatif,Efektivitas & Efisiensi_Negatif,
314,@asy..coy,ketahuan ....lah.....telanjur berkuasa...gak apa2 lah 2-25,https://www.tiktok.com/@asy..coy,https://www.tiktok.com/@the_amor70/video/7610666343985138951,Akuntabilitas,Akuntabilitas,Akuntabilitas,Akuntabilitas,Negatif,Negatif,Negatif,Negatif,Akuntabilitas_Negatif,
315,@kmkm8468,"Lebih heran lagi, masyarakat dan mahasiswa disana pada diam ga ada yg bersuara 2-27",https://www.tiktok.com/@kmkm8468,https://www.tiktok.com/@arteranews.id/video/7611460664074390804,Responsivitas,Responsivitas,Responsivitas,Responsivitas,Negatif,Negatif,Negatif,Negatif,Responsivitas_Negatif,
316,@dwifidiansari,beli sdri lah kalo yg shrga gtu..msa pake uang rakyat... 2-22,https://www.tiktok.com/@dwifidiansari,https://www.tiktok.com/@kutai.dailynews/video/7609068555455253780,Efektivitas & Efisiensi,Akuntabilitas,Efektivitas & Efisiensi,Efektivitas & Efisiensi,Negatif,Negatif,Negatif,Negatif,Efektivitas & Efisiensi_Negatif,
317,@papabotuna,senang di atas penderitaan masyarakat 3-7,https://www.tiktok.com/@papabotuna,https://www.tiktok.com/@politikdotin/video/7612142044219231508,Akuntabilitas,Akuntabilitas,Akuntabilitas,Akuntabilitas,Negatif,Negatif,Negatif,Negatif,Akuntabilitas_Negatif,
318,@pandirecper2,masa iya mobil nya bagus yg naik nya jelek jangan dong jaga Marwah mobil nya 4-22,https://www.tiktok.com/@pandirecper2,https://www.tiktok.com/@apasaja2825/video/7620377571229781269,Akuntabilitas,Akuntabilitas,Akuntabilitas,Akuntabilitas,Negatif,Negatif,Negatif,Negatif,Akuntabilitas_Negatif,
319,@didikprasetyo896,"inilah pejabt kita,rakyat akan trs di peras pajak 2-25",https://www.tiktok.com/@didikprasetyo896,https://www.tiktok.com/@the_amor70/video/7610666343985138951,Akuntabilitas,Akuntabilitas,Akuntabilitas,Akuntabilitas,Negatif,Negatif,Negatif,Negatif,Akuntabilitas_Negatif,
320,@azharputrashale,gimana gak miskin. anggaran di pake pejabat nya untuk kepentingannya sendiri. 3-6,https://www.tiktok.com/@azharputrashale,https://www.tiktok.com/@sentilin_indonesia/video/7613820353550306581,Efektivitas & Efisiensi,Efektivitas & Efisiensi,Akuntabilitas,Efektivitas & Efisiensi,Negatif,Negatif,Negatif,Negatif,Efektivitas & Efisiensi_Negatif,
321,@sangmantan898,emang kpk berani menyelidiki masalah ini oh tidak 🤣🤣🤣 3-4,https://www.tiktok.com/@sangmantan898,https://www.tiktok.com/@beritakukar/video/7613011166838738196,Akuntabilitas,Akuntabilitas,Akuntabilitas,Akuntabilitas,Negatif,Negatif,Negatif,Negatif,Akuntabilitas_Negatif,
322,@bakoel.susuuht,"Ford Ranger Raptor 3.0 1,5 M masih dapat kembalian😅 3-7",https://www.tiktok.com/@bakoel.susuuht,https://www.tiktok.com/@botakteras/video/7613416347250314517,Efektivitas & Efisiensi,Efektivitas & Efisiensi,Efektivitas & Efisiensi,Efektivitas & Efisiensi,Negatif,Negatif,Negatif,Negatif,Efektivitas & Efisiensi_Negatif,
323,@denny.d466,keluarganya juga 😄😄😄 3-5,https://www.tiktok.com/@denny.d466,https://www.tiktok.com/@relung.id/video/7611814381126520065,Akuntabilitas,Akuntabilitas,Akuntabilitas,Akuntabilitas,Negatif,Negatif,Negatif,Negatif,Akuntabilitas_Negatif,
324,@fachry939,liatin itu ad terdaftr d kpk atau tdk 3-4,https://www.tiktok.com/@fachry939,https://www.tiktok.com/@beritakukar/video/7613011166838738196,Akuntabilitas,Akuntabilitas,Akuntabilitas,Akuntabilitas,Negatif,Negatif,Negatif,Negatif,Akuntabilitas_Negatif,
325,@yourbaenextdoor,gengsi & ingin bermewah2 pake uang apbd 2-23,https://www.tiktok.com/@yourbaenextdoor,https://www.tiktok.com/@kutai.dailynews/video/7609068555455253780,Efektivitas & Efisiensi,Efektivitas & Efisiensi,Akuntabilitas,Efektivitas & Efisiensi,Negatif,Negatif,Negatif,Negatif,Efektivitas & Efisiensi_Negatif,
326,@erhamsyah3,@copot aja jabatan nya 4-22,https://www.tiktok.com/@erhamsyah3,https://www.tiktok.com/@prabsri1/video/7631102459582336277,Akuntabilitas,Akuntabilitas,Akuntabilitas,Akuntabilitas,Negatif,Negatif,Negatif,Negatif,Akuntabilitas_Negatif,
327,@anangjunisetia,ya allah 700 juta hanya? 3-21,https://www.tiktok.com/@anangjunisetia,https://www.tiktok.com/@beritasatuofficial/video/7619163357022997780,Efektivitas & Efisiensi,Efektivitas & Efisiensi,Akuntabilitas,Efektivitas & Efisiensi,Negatif,Negatif,Negatif,Negatif,Efektivitas & Efisiensi_Negatif,
328,@riyangriyang8,KPK mana 3-13,https://www.tiktok.com/@riyangriyang8,https://www.tiktok.com/@keadilanfiktif/video/7615447599402798357,Akuntabilitas,Akuntabilitas,Akuntabilitas,Akuntabilitas,Negatif,Negatif,Negatif,Negatif,Akuntabilitas_Negatif,
329,@nani.endang1,🤲🤲🤲 sehat selalu kai dan H farid mudahan kembali jdi gebenur dan H farid wakilnya🤲 4-23,https://www.tiktok.com/@nani.endang1,https://www.tiktok.com/@damarmart/video/7631483584649481479,Akuntabilitas,Akuntabilitas,Akuntabilitas,Akuntabilitas,Negatif,Positif,Negatif,Negatif,Akuntabilitas_Negatif,
330,@eyiiiiiinnnnn,bener pak jangan pakai mobil jelek kasian kan bapak bawa ratu sofia 2-26,https://www.tiktok.com/@eyiiiiiinnnnn,https://www.tiktok.com/@metropolitan.id/video/7610646870599175445,Akuntabilitas,Akuntabilitas,Akuntabilitas,Akuntabilitas,Negatif,Negatif,Negatif,Negatif,Akuntabilitas_Negatif,
331,@petrus77.kuwer21,kroni nyavya tetap bela dia lah 3-3,https://www.tiktok.com/@petrus77.kuwer21,https://www.tiktok.com/@beritakukar/video/7612310183590530324,Akuntabilitas,Akuntabilitas,Akuntabilitas,Akuntabilitas,Negatif,Negatif,Negatif,Negatif,Akuntabilitas_Negatif,
332,@segeeerde,"Triton double cabin,Hilux double cabin adlh mobil lapangan terbukti di kebun sawit jalan berlumpur,tanah liat,banjir bisa dilewati mbil tsb . 3-6",https://www.tiktok.com/@segeeerde,https://www.tiktok.com/@botakteras/video/7613416347250314517,Efektivitas & Efisiensi,Efektivitas & Efisiensi,Efektivitas & Efisiensi,Efektivitas & Efisiensi,Negatif,Positif,Negatif,Negatif,Efektivitas & Efisiensi_Negatif,
333,@ir.edi..s,Anda Pribadi terbaik Pak Gub..jalan terus Pak Gub..sehat kii selalu 🤲 5-21,https://www.tiktok.com/@ir.edi..s,https://www.tiktok.com/@tripol.co/video/7642126377168293141,Akuntabilitas,Akuntabilitas,Akuntabilitas,Akuntabilitas,Positif,Positif,Positif,Positif,Akuntabilitas_Positif,
334,@fendyiskandar578,Hebaaat mobil Gubernur termewah dan termahal di seluruh Indonesia. 2-28,https://www.tiktok.com/@fendyiskandar578,https://www.tiktok.com/@aimambandung/video/7611327878239620372,Efektivitas & Efisiensi,Akuntabilitas,Efektivitas & Efisiensi,Efektivitas & Efisiensi,Negatif,Negatif,Negatif,Negatif,Efektivitas & Efisiensi_Negatif,
335,@biu.biu44,sigra masih lewat itu 2-25,https://www.tiktok.com/@biu.biu44,https://www.tiktok.com/@lensanalarcom/video/7610698043981090068,Efektivitas & Efisiensi,Efektivitas & Efisiensi,Efektivitas & Efisiensi,Efektivitas & Efisiensi,Negatif,Negatif,Negatif,Negatif,Efektivitas & Efisiensi_Negatif,
336,@rezaramdani251,"masa mobilnya bagus yang naiknya jelek, jangan dong 😌 3-20",https://www.tiktok.com/@rezaramdani251,https://www.tiktok.com/@detik.lebak/video/7612096372824608008,Akuntabilitas,Akuntabilitas,Akuntabilitas,Akuntabilitas,Negatif,Negatif,Negatif,Negatif,Akuntabilitas_Negatif,
337,@safari.ari4,"katanya demi Marwah,,harusnya demi sawah ,itu baru masukk bos,,🤣🤣 2-26",https://www.tiktok.com/@safari.ari4,https://www.tiktok.com/@aryo.g1/video/7611001576907427090,Efektivitas & Efisiensi,Efektivitas & Efisiensi,Efektivitas & Efisiensi,Efektivitas & Efisiensi,Negatif,Negatif,Negatif,Negatif,Efektivitas & Efisiensi_Negatif,
338,@in948,kpk harus gerak cepat mantaap 3-5,https://www.tiktok.com/@in948,https://www.tiktok.com/@relung.id/video/7611814381126520065,Akuntabilitas,Akuntabilitas,Akuntabilitas,Akuntabilitas,Negatif,Positif,Negatif,Negatif,Akuntabilitas_Negatif,
339,@indra_s61,"pake Triton aja cukup, segala minta yg harga 8,5m mau di buat iclik kah🤣🤣 3-3",https://www.tiktok.com/@indra_s61,https://www.tiktok.com/@beritakukar/video/7612310183590530324,Efektivitas & Efisiensi,Efektivitas & Efisiensi,Efektivitas & Efisiensi,Efektivitas & Efisiensi,Negatif,Negatif,Negatif,Negatif,Efektivitas & Efisiensi_Negatif,
340,@adi.purwanto96,"kl menurut sy sih ga papa,,, enjoy aja selam duit yg buat beli bkn hasil dr korupsi 3-5",https://www.tiktok.com/@adi.purwanto96,https://www.tiktok.com/@morrodin88/video/7611104729929747733,Akuntabilitas,Akuntabilitas,Akuntabilitas,Akuntabilitas,Positif,Positif,Positif,Positif,Akuntabilitas_Positif,
341,@dedy805859,ko Mendagri diam saja....😎🤔 3-4,https://www.tiktok.com/@dedy805859,https://www.tiktok.com/@beritakukar/video/7613011166838738196,Responsivitas,Responsivitas,Responsivitas,Responsivitas,Negatif,Negatif,Negatif,Negatif,Responsivitas_Negatif,
342,@rachmat2084,"Marwah masyarakat Kaltim , jalan berlumpur Tah pak gubernur Rudi 5-1",https://www.tiktok.com/@rachmat2084,https://www.tiktok.com/@asbo.titha/video/7632508094207085842,Efektivitas & Efisiensi,Efektivitas & Efisiensi,Efektivitas & Efisiensi,Efektivitas & Efisiensi,Negatif,Negatif,Negatif,Negatif,Efektivitas & Efisiensi_Negatif,
343,@useramp86moors,kpk jgn tinggal diam 3-4,https://www.tiktok.com/@useramp86moors,https://www.tiktok.com/@beritakukar/video/7613011166838738196,Akuntabilitas,Akuntabilitas,Akuntabilitas,Akuntabilitas,Negatif,Negatif,Negatif,Negatif,Akuntabilitas_Negatif,
344,@m.mahful,staff ahli tapi udah kaya jubir/wagub. 4-17,https://www.tiktok.com/@m.mahful,https://www.tiktok.com/@beritakukar/video/7612310183590530324,Akuntabilitas,Transparansi,Akuntabilitas,Akuntabilitas,Negatif,Negatif,Negatif,Negatif,Akuntabilitas_Negatif,
345,@kodokjail,Harusnya kan jalan yg diperbaiki biar tamunya akses gampang 2-27,https://www.tiktok.com/@kodokjail,https://www.tiktok.com/@robi.plur/video/7611168030877322514,Efektivitas & Efisiensi,Efektivitas & Efisiensi,Efektivitas & Efisiensi,Efektivitas & Efisiensi,Negatif,Negatif,Negatif,Negatif,Efektivitas & Efisiensi_Negatif,
346,@zakariazakra,pecat aja 4-30,https://www.tiktok.com/@zakariazakra,https://www.tiktok.com/@aditya.yudono/video/7631554392633675028,Akuntabilitas,Akuntabilitas,Akuntabilitas,Akuntabilitas,Negatif,Negatif,Negatif,Negatif,Akuntabilitas_Negatif,
347,@beedvm,"Pejabat itu mobilnya setarakan 200 jutaan saja, katanya efisiensi. 3-20",https://www.tiktok.com/@beedvm,https://www.tiktok.com/@beritasatuofficial/video/7619163357022997780,Efektivitas & Efisiensi,Efektivitas & Efisiensi,Efektivitas & Efisiensi,Efektivitas & Efisiensi,Negatif,Negatif,Negatif,Negatif,Efektivitas & Efisiensi_Negatif,
348,@usnadinadi871,msarzkat yang mana kan ralya kg suka 4-25,https://www.tiktok.com/@usnadinadi871,https://www.tiktok.com/@asbo.titha/video/7632508094207085842,Akuntabilitas,Responsivitas,Akuntabilitas,Akuntabilitas,Negatif,Negatif,Negatif,Negatif,Akuntabilitas_Negatif,
349,@greciaaaja,seharus nya kan beneein jalan dulu baru beli mobil ya ini malah beli mobil dulu benerin jalan nya kapan kapan 4-23,https://www.tiktok.com/@greciaaaja,https://www.tiktok.com/@ibarat_azra/video/7631776481781271826,Efektivitas & Efisiensi,Efektivitas & Efisiensi,Efektivitas & Efisiensi,Efektivitas & Efisiensi,Negatif,Negatif,Negatif,Negatif,Efektivitas & Efisiensi_Negatif,
350,@irone4403,salam .... nggarong lanjut 😎 3-6,https://www.tiktok.com/@irone4403,https://www.tiktok.com/@tikuskokberdasi/video/7613343929244618005,Akuntabilitas,Akuntabilitas,Akuntabilitas,Akuntabilitas,Negatif,Negatif,Negatif,Negatif,Akuntabilitas_Negatif,
351,@rockin_style8,“Jangan dong” ga tau kenapa kesel aja denger bagian itu ada yang ngerasa sama ga ??? 2-25,https://www.tiktok.com/@rockin_style8,https://www.tiktok.com/@metropolitan.id/video/7610646870599175445,Akuntabilitas,Transparansi,Akuntabilitas,Akuntabilitas,Negatif,Negatif,Negatif,Negatif,Akuntabilitas_Negatif,
352,@blie235,Marwahnya Kaltim Jalan Masih Tanah😂😂😂 3-6,https://www.tiktok.com/@blie235,https://www.tiktok.com/@ummu.3.anak/video/7613157935157464340,Efektivitas & Efisiensi,Efektivitas & Efisiensi,Efektivitas & Efisiensi,Efektivitas & Efisiensi,Negatif,Negatif,Negatif,Negatif,Efektivitas & Efisiensi_Negatif,
353,@zorocodet71,"Mana dipikirinnya, mikir kenyamanan sorang 3-30",https://www.tiktok.com/@zorocodet71,https://www.tiktok.com/@tikuskokberdasi/video/7613343929244618005,Akuntabilitas,Responsivitas,Akuntabilitas,Akuntabilitas,Negatif,Negatif,Negatif,Negatif,Akuntabilitas_Negatif,
354,@efendiwahi,copot gubernur ini...ajak DPRD utk demo 3-6,https://www.tiktok.com/@efendiwahi,https://www.tiktok.com/@tikuskokberdasi/video/7613343929244618005,Akuntabilitas,Akuntabilitas,Akuntabilitas,Akuntabilitas,Negatif,Negatif,Negatif,Negatif,Akuntabilitas_Negatif,
355,@gabygeboy858,"mobil dipikirn penampilan no 1,kerja no sekian, 3-6",https://www.tiktok.com/@gabygeboy858,https://www.tiktok.com/@themis.law3/video/7612442626234633480,Akuntabilitas,Efektivitas & Efisiensi,Akuntabilitas,Akuntabilitas,Negatif,Negatif,Negatif,Negatif,Akuntabilitas_Negatif,
356,@satria53337,Beli ford kan bsa 1m an yg gampang dijalan tanah 2-21,https://www.tiktok.com/@satria53337,https://www.tiktok.com/@mata_publik_/video/7608632050790239495,Efektivitas & Efisiensi,Efektivitas & Efisiensi,Efektivitas & Efisiensi,Efektivitas & Efisiensi,Negatif,Negatif,Negatif,Negatif,Efektivitas & Efisiensi_Negatif,
357,@uyun74773,kenapa gk beli pejero atau fortuner kan bisa?? 4-4,https://www.tiktok.com/@uyun74773,https://www.tiktok.com/@3halll/video/7611863206281137428,Efektivitas & Efisiensi,Efektivitas & Efisiensi,Efektivitas & Efisiensi,Efektivitas & Efisiensi,Negatif,Negatif,Negatif,Negatif,Efektivitas & Efisiensi_Negatif,
358,@ahmad.gafin6,aduhh bukannya benerin jalan ya malah beli mobil yg harganya bisa benerin jalan 2-26,https://www.tiktok.com/@ahmad.gafin6,https://www.tiktok.com/@mata_publik_/video/7608632050790239495,Efektivitas & Efisiensi,Efektivitas & Efisiensi,Efektivitas & Efisiensi,Efektivitas & Efisiensi,Negatif,Negatif,Negatif,Negatif,Efektivitas & Efisiensi_Negatif,
359,@hettyrosita,seru permainan baru gub Kaltim 🤣🤣 3-4,https://www.tiktok.com/@hettyrosita,https://www.tiktok.com/@beritakukar/video/7613011166838738196,Akuntabilitas,Akuntabilitas,Akuntabilitas,Akuntabilitas,Negatif,Negatif,Negatif,Negatif,Akuntabilitas_Negatif,
360,@ardhinatan17,jalanya pak yg dibenerin😅 3-3,https://www.tiktok.com/@ardhinatan17,https://www.tiktok.com/@suka.otom0tif/video/7612478466214104328,Efektivitas & Efisiensi,Efektivitas & Efisiensi,Efektivitas & Efisiensi,Efektivitas & Efisiensi,Negatif,Negatif,Negatif,Negatif,Efektivitas & Efisiensi_Negatif,
361,@raja_sate_1922,Gubernur tertaik di indonesia 4-8,https://www.tiktok.com/@kumparan/video/7626011966401694997,https://www.tiktok.com/@kumparan/video/7626011966401694997,Akuntabilitas,Akuntabilitas,Akuntabilitas,Akuntabilitas,Positif,Positif,Positif,Positif,Akuntabilitas_Positif,
362,@muh._ilhaam,"benerin jalannya pak, bukan mengganti mobilnya, akalnya di pake pak🙏 2-26",https://www.tiktok.com/@metropolitan.id/video/7610646870599175445,https://www.tiktok.com/@metropolitan.id/video/7610646870599175445,Efektivitas & Efisiensi,Efektivitas & Efisiensi,Efektivitas & Efisiensi,Efektivitas & Efisiensi,Negatif,Negatif,Negatif,Negatif,Efektivitas & Efisiensi_Negatif,
363,@ibnu17490,kpk periksa ini orang udah 1 THN memimpin TDK ada perkembangan 2-27,https://www.tiktok.com/@metropolitan.id/video/7610646870599175445,https://www.tiktok.com/@metropolitan.id/video/7610646870599175445,Akuntabilitas,Akuntabilitas,Akuntabilitas,Akuntabilitas,Negatif,Negatif,Negatif,Negatif,Akuntabilitas_Negatif,
364,@rizalr_skidipapap,kompak banget ngabisin duit rakyat 2-28,https://www.tiktok.com/@arteranews.id/video/7611460664074390804,https://www.tiktok.com/@arteranews.id/video/7611460664074390804,Efektivitas & Efisiensi,Akuntabilitas,Efektivitas & Efisiensi,Efektivitas & Efisiensi,Negatif,Negatif,Negatif,Negatif,Efektivitas & Efisiensi_Negatif,
365,@irian2019,saya salut sama masyarakat Kaltim sangat sayang sama gubernurnya 3-7,https://www.tiktok.com/@f.405_/video/7612591026666048789,https://www.tiktok.com/@f.405_/video/7612591026666048789,Akuntabilitas,Akuntabilitas,Akuntabilitas,Akuntabilitas,Positif,Positif,Positif,Positif,Akuntabilitas_Positif,
366,@riki1402,tuu dengerin ktA presiden pak. mbil RI 1 AJA 1 m cmn 3-20,https://www.tiktok.com/@wglobalmedia/video/7610699657475329298,https://www.tiktok.com/@wglobalmedia/video/7610699657475329298,Efektivitas & Efisiensi,Akuntabilitas,Efektivitas & Efisiensi,Efektivitas & Efisiensi,Negatif,Negatif,Negatif,Negatif,Efektivitas & Efisiensi_Negatif,
367,@2k.vinzo,8.5 milyar bisa bangun jalan itu pak 2-25,https://www.tiktok.com/@lensanalarcom/video/7610698043981090068,https://www.tiktok.com/@lensanalarcom/video/7610698043981090068,Efektivitas & Efisiensi,Efektivitas & Efisiensi,Efektivitas & Efisiensi,Efektivitas & Efisiensi,Negatif,Negatif,Negatif,Negatif,Efektivitas & Efisiensi_Negatif,
368,@a.m.sangaji,"Mobil 8,5 m nya dibawa jln"" ke ikn katanya mau di balikan eh malah ketahuan dibawa jln hebat pulau gue 3-5",https://www.tiktok.com/@botakteras/video/7613416347250314517,https://www.tiktok.com/@botakteras/video/7613416347250314517,Akuntabilitas,Transparansi,Akuntabilitas,Akuntabilitas,Negatif,Negatif,Negatif,Negatif,Akuntabilitas_Negatif,
369,@galihresa3,mungkin jalannya buat rute mobilnya 😂😂😂😂 3-6,https://www.tiktok.com/@ummu.3.anak/video/7613157935157464340,https://www.tiktok.com/@ummu.3.anak/video/7613157935157464340,Efektivitas & Efisiensi,Efektivitas & Efisiensi,Efektivitas & Efisiensi,Efektivitas & Efisiensi,Negatif,Negatif,Negatif,Negatif,Efektivitas & Efisiensi_Negatif,
370,@perfume_senja,"kemahalan 700 JT pak ,pake yg 15 juta kek semacam mobil sedan Timor yg murah 3-26",https://www.tiktok.com/@fans_pak_prabowo/video/7621100320243928341,https://www.tiktok.com/@fans_pak_prabowo/video/7621100320243928341,Efektivitas & Efisiensi,Efektivitas & Efisiensi,Efektivitas & Efisiensi,Efektivitas & Efisiensi,Negatif,Negatif,Negatif,Negatif,Efektivitas & Efisiensi_Negatif,
371,@landa.pa2,Lanjut pilih ya🤣🤣🤣🤣 3-1,https://www.tiktok.com/@arnews91/video/7612104540015414548,https://www.tiktok.com/@arnews91/video/7612104540015414548,Akuntabilitas,Akuntabilitas,Akuntabilitas,Akuntabilitas,Negatif,Negatif,Negatif,Negatif,Akuntabilitas_Negatif,
372,@oonxray,kenapa ngak rubocon aja beli 3-20,https://www.tiktok.com/@suka.otom0tif/video/7612478466214104328,https://www.tiktok.com/@suka.otom0tif/video/7612478466214104328,Akuntabilitas,Efektivitas & Efisiensi,Akuntabilitas,Akuntabilitas,Negatif,Negatif,Negatif,Negatif,Akuntabilitas_Negatif,
373,@aaavannolin,"setujuu Bang, pejabatnya LAgi NGIMPIIIIIIII 2-28",https://www.tiktok.com/@libra.pahing1/video/7611302313097153813,https://www.tiktok.com/@libra.pahing1/video/7611302313097153813,Akuntabilitas,Responsivitas,Akuntabilitas,Akuntabilitas,Negatif,Negatif,Negatif,Negatif,Akuntabilitas_Negatif,
374,@eeendi1132,kenapa kok gubernur bginan kok g lgsung di pecat saja 5-4,https://www.tiktok.com/@aby.drone/video/7631155160395402516,https://www.tiktok.com/@aby.drone/video/7631155160395402516,Akuntabilitas,Akuntabilitas,Akuntabilitas,Akuntabilitas,Negatif,Negatif,Negatif,Negatif,Akuntabilitas_Negatif,
375,@b21bb2,uang 8.5 klu dibangunkan jln cor lebar lebih berguna untuk rakyat 3-30,https://www.tiktok.com/@politikdotin/video/7612142044219231508,https://www.tiktok.com/@politikdotin/video/7612142044219231508,Efektivitas & Efisiensi,Efektivitas & Efisiensi,Efektivitas & Efisiensi,Efektivitas & Efisiensi,Negatif,Negatif,Negatif,Negatif,Efektivitas & Efisiensi_Negatif,
376,@crg_fishing2,"beli alpard bawa ke @prorockengineering jadi tangguh, nyaman. 2-23",https://www.tiktok.com/@kutai.dailynews/video/7609068555455253780,https://www.tiktok.com/@kutai.dailynews/video/7609068555455253780,Efektivitas & Efisiensi,Efektivitas & Efisiensi,Efektivitas & Efisiensi,Efektivitas & Efisiensi,Negatif,Negatif,Negatif,Negatif,Efektivitas & Efisiensi_Negatif,
377,@masndung07,jln dlu pak di perbaiki klo masalah mobil gampang katakn rental dlu panjero lah klo mau nijau capek deh 🤦‍♂️ 3-12,https://www.tiktok.com/@f.405_/video/7612591026666048789,https://www.tiktok.com/@f.405_/video/7612591026666048789,Efektivitas & Efisiensi,Efektivitas & Efisiensi,Efektivitas & Efisiensi,Efektivitas & Efisiensi,Negatif,Negatif,Negatif,Negatif,Efektivitas & Efisiensi_Negatif,
378,@ekorinis,Yang diperbaiki sarananya dang pak Gebernur 2-26,https://www.tiktok.com/@morrodin88/video/7611104729929747733,https://www.tiktok.com/@morrodin88/video/7611104729929747733,Efektivitas & Efisiensi,Efektivitas & Efisiensi,Efektivitas & Efisiensi,Efektivitas & Efisiensi,Negatif,Negatif,Negatif,Negatif,Efektivitas & Efisiensi_Negatif,
379,@pelloarief,masyrakat kaltim milih gubernur nya krna isi amplop🤣 3-7,https://www.tiktok.com/@sentilin_indonesia/video/7613820353550306581,https://www.tiktok.com/@sentilin_indonesia/video/7613820353550306581,Akuntabilitas,Akuntabilitas,Akuntabilitas,Akuntabilitas,Negatif,Negatif,Negatif,Negatif,Akuntabilitas_Negatif,
380,@iniirakaa,"klo pake triton buat istrinya gk masuk bang, istri pak gubernurnya kan orang eropa bang 3-5",https://www.tiktok.com/@botakteras/video/7613416347250314517,https://www.tiktok.com/@botakteras/video/7613416347250314517,Akuntabilitas,Akuntabilitas,Akuntabilitas,Akuntabilitas,Negatif,Negatif,Negatif,Negatif,Akuntabilitas_Negatif,
381,@johanthasmin,marwah utk pribadi 4-25,https://www.tiktok.com/@asbo.titha/video/7632508094207085842,https://www.tiktok.com/@asbo.titha/video/7632508094207085842,Akuntabilitas,Akuntabilitas,Akuntabilitas,Akuntabilitas,Negatif,Negatif,Negatif,Negatif,Akuntabilitas_Negatif,
382,@user5263123137284,kerja kerja .yg bener mobil aja yg di pikirin . 2-27,https://www.tiktok.com/@mr.random1945/video/7611212543067213074,https://www.tiktok.com/@mr.random1945/video/7611212543067213074,Akuntabilitas,Efektivitas & Efisiensi,Akuntabilitas,Akuntabilitas,Negatif,Negatif,Negatif,Negatif,Akuntabilitas_Negatif,
383,@.hartanto,maklum saja dulu waktu Pilgub habis banyak wajarlah mintak fasilitas yg mewah 3-1,https://www.tiktok.com/@beritaenamdua/video/7612139610507873557,https://www.tiktok.com/@beritaenamdua/video/7612139610507873557,Akuntabilitas,Akuntabilitas,Akuntabilitas,Akuntabilitas,Negatif,Negatif,Negatif,Negatif,Akuntabilitas_Negatif,
384,@putra.mahkota6589,soal Marwah di bicarakan tapi rakyatnya menderita dasar gubernur konoha 4-25,https://www.tiktok.com/@asbo.titha/video/7632508094207085842,https://www.tiktok.com/@asbo.titha/video/7632508094207085842,Akuntabilitas,Responsivitas,Akuntabilitas,Akuntabilitas,Negatif,Negatif,Negatif,Negatif,Akuntabilitas_Negatif,
385,@nathan_here21,700 juta buat presiden ya normal lah buat keamanan nya lah 2m buat apa jir 3-21,https://www.tiktok.com/@wargawargi2025/video/7619281381293755669,https://www.tiktok.com/@wargawargi2025/video/7619281381293755669,Efektivitas & Efisiensi,Efektivitas & Efisiensi,Efektivitas & Efisiensi,Efektivitas & Efisiensi,Negatif,Negatif,Negatif,Negatif,Efektivitas & Efisiensi_Negatif,
386,@juleyha22,mobil mahal..jalan kaya selokan😁😁😁..liat noh JKN KDM BIKIN MASARAKAT BETAH DN LNCAR👌👌😁😁WLWVDIA SLLU SINDIR BPK AING GUBENUR KONTEN...NOH DIA AFA......PINGIN KETAWAA NGKAKKAKKK 3-22,https://www.tiktok.com/@suka.otom0tif/video/7612478466214104328,https://www.tiktok.com/@suka.otom0tif/video/7612478466214104328,Efektivitas & Efisiensi,Efektivitas & Efisiensi,Efektivitas & Efisiensi,Efektivitas & Efisiensi,Negatif,Negatif,Negatif,Negatif,Efektivitas & Efisiensi_Negatif,
387,@alxsebastian1,kok bisa jadi gubernur ya 4-22,https://www.tiktok.com/@prabsri1/video/7631102459582336277,https://www.tiktok.com/@prabsri1/video/7631102459582336277,Akuntabilitas,Akuntabilitas,Akuntabilitas,Akuntabilitas,Negatif,Negatif,Negatif,Negatif,Akuntabilitas_Negatif,
388,@kekedavodka,"JALANNYA YG DIBANGUN 😭 bukan MOBILNYA yg bagus !! Klau jalan nya bagus , mobil ayla juga nyaman jalan di situ pakkkk 4-23",https://www.tiktok.com/@suka.otom0tif/video/7612478466214104328,https://www.tiktok.com/@suka.otom0tif/video/7612478466214104328,Efektivitas & Efisiensi,Efektivitas & Efisiensi,Efektivitas & Efisiensi,Efektivitas & Efisiensi,Negatif,Negatif,Negatif,Negatif,Efektivitas & Efisiensi_Negatif,
389,@ubur.ubur.ikan.le62,MENDINGAN ASES JALANNYA SAJA DI PERBAIKI 4-25,https://www.tiktok.com/@beritakukar/video/7612310183590530324,https://www.tiktok.com/@beritakukar/video/7612310183590530324,Efektivitas & Efisiensi,Efektivitas & Efisiensi,Efektivitas & Efisiensi,Efektivitas & Efisiensi,Negatif,Negatif,Negatif,Negatif,Efektivitas & Efisiensi_Negatif,
390,@joniornuryusuf,klu beli mobil semahal tu lebih baik bagusin tu jalan 2-25,https://www.tiktok.com/@mata_publik_/video/7608632050790239495,https://www.tiktok.com/@mata_publik_/video/7608632050790239495,Efektivitas & Efisiensi,Efektivitas & Efisiensi,Efektivitas & Efisiensi,Efektivitas & Efisiensi,Negatif,Negatif,Negatif,Negatif,Efektivitas & Efisiensi_Negatif,
391,@kuyasamasi,nanti anggaran video klarifikasinya berapa ya🗿 4-23,https://www.tiktok.com/@ibarat_azra/video/7631776481781271826,https://www.tiktok.com/@ibarat_azra/video/7631776481781271826,Transparansi,Transparansi,Transparansi,Transparansi,Negatif,Negatif,Negatif,Negatif,Transparansi_Negatif,
392,@meltri4321,keren laah ibu gubernuku.. 2-28,https://www.tiktok.com/@sindonews/video/7611810371535375633,https://www.tiktok.com/@sindonews/video/7611810371535375633,Akuntabilitas,Akuntabilitas,Akuntabilitas,Akuntabilitas,Positif,Positif,Positif,Positif,Akuntabilitas_Positif,
393,@petrus_dmofers,media lokalnya mana? 3-4,https://www.tiktok.com/@ae_affiliat/video/7612919691111107848,https://www.tiktok.com/@ae_affiliat/video/7612919691111107848,Transparansi,Transparansi,Transparansi,Transparansi,Negatif,Negatif,Negatif,Negatif,Transparansi_Negatif,
394,@mirza_w16,malunya malunya😂😂 4-22,https://www.tiktok.com/@apasaja2825/video/7620377571229781269,https://www.tiktok.com/@apasaja2825/video/7620377571229781269,Akuntabilitas,Akuntabilitas,Akuntabilitas,Akuntabilitas,Negatif,Negatif,Negatif,Negatif,Akuntabilitas_Negatif,
395,@achmad.kamalludin,ga jelas itu dia 4-23,https://www.tiktok.com/@bonekanegara.in/video/7631481627989839105,https://www.tiktok.com/@bonekanegara.in/video/7631481627989839105,Akuntabilitas,Akuntabilitas,Akuntabilitas,Akuntabilitas,Negatif,Negatif,Negatif,Negatif,Akuntabilitas_Negatif,
396,@dud......nak4,cerminan seorang pemimpin ketika rakyatnya sedang susah🙏 4-23,https://www.tiktok.com/@politikdotin/video/7612142044219231508,https://www.tiktok.com/@politikdotin/video/7612142044219231508,Akuntabilitas,Efektivitas & Efisiensi,Akuntabilitas,Akuntabilitas,Negatif,Negatif,Negatif,Negatif,Akuntabilitas_Negatif,
397,@kujiro.co,ngomong penting ❌ penting ngomong ✅ 2-25,https://www.tiktok.com/@metropolitan.id/video/7610646870599175445,https://www.tiktok.com/@metropolitan.id/video/7610646870599175445,Responsivitas,Responsivitas,Responsivitas,Responsivitas,Negatif,Negatif,Negatif,Negatif,Responsivitas_Negatif,
398,@rafz3791,[Stiker] semangat pak Rusdy mas'ud 4-23,https://www.tiktok.com/@ibarat_azra/video/7631776481781271826,https://www.tiktok.com/@ibarat_azra/video/7631776481781271826,Akuntabilitas,Akuntabilitas,Akuntabilitas,Akuntabilitas,Positif,Positif,Positif,Positif,Akuntabilitas_Positif,
399,@o.gayoo,Padahal mobil arak arak an nya mobil biasa tembus tembus aja 🤣🤣🤣🤣 kok mikirin diri nya sendiri itu loh gimna mau mikirin rakyat nya 2-24,https://www.tiktok.com/@klikkaltim_/video/7610061418548808967,https://www.tiktok.com/@klikkaltim_/video/7610061418548808967,Akuntabilitas,Responsivitas,Akuntabilitas,Akuntabilitas,Negatif,Negatif,Negatif,Negatif,Akuntabilitas_Negatif,
400,@ayy4shgibr4n,iya kan tidak perlu beli mobil mahal kan ada fortuner dan pajero yang harganya tidak mahal mahalgitulah paling takharga 3miryar adu bikin habis uagngr 3-27,https://www.tiktok.com/@3halll/video/7611863206281137428,https://www.tiktok.com/@3halll/video/7611863206281137428,Efektivitas & Efisiensi,Efektivitas & Efisiensi,Efektivitas & Efisiensi,Efektivitas & Efisiensi,Negatif,Negatif,Negatif,Negatif,Efektivitas & Efisiensi_Negatif,
401,@alyasofi26,diliatin banget kasta pejabat sama rakyatnya😭 yuk kpk bisa yukk 🙏 2-28,https://www.tiktok.com/@arteranews.id/video/7611460664074390804,https://www.tiktok.com/@arteranews.id/video/7611460664074390804,Akuntabilitas,Akuntabilitas,Akuntabilitas,Akuntabilitas,Negatif,Negatif,Negatif,Negatif,Akuntabilitas_Negatif,
402,@liiann314,"Mobil dinas apa kalau boleh tau yg seharga 8,5M ? Yg sportnya aja berkisaran 1M-5M itu udah bagus banget loh,kalau jenis sedan/jeep 8,5M apa yaah ?? 🤔🤔 3-6",https://www.tiktok.com/@themis.law3/video/7612442626234633480,https://www.tiktok.com/@themis.law3/video/7612442626234633480,Efektivitas & Efisiensi,Transparansi,Efektivitas & Efisiensi,Efektivitas & Efisiensi,Negatif,Negatif,Negatif,Negatif,Efektivitas & Efisiensi_Negatif,
403,@noviaaa72_,KPK mana 3-3,https://www.tiktok.com/@ae_affiliat/video/7612919691111107848,https://www.tiktok.com/@ae_affiliat/video/7612919691111107848,Akuntabilitas,Akuntabilitas,Akuntabilitas,Akuntabilitas,Negatif,Negatif,Negatif,Negatif,Akuntabilitas_Negatif,
404,@nanang_hendrian,Pajero kan bisa tuh🤣 3-5,https://www.tiktok.com/@libra.pahing1/video/7611302313097153813,https://www.tiktok.com/@libra.pahing1/video/7611302313097153813,Efektivitas & Efisiensi,Efektivitas & Efisiensi,Efektivitas & Efisiensi,Efektivitas & Efisiensi,Negatif,Negatif,Negatif,Negatif,Efektivitas & Efisiensi_Negatif,
405,@alkyrizky,masa Iyah mobil gubernur lebih mewah dari mobil presiden nya 🗿 3-25,https://www.tiktok.com/@sahambijak0/video/7611953329421421845,https://www.tiktok.com/@sahambijak0/video/7611953329421421845,Efektivitas & Efisiensi,Efektivitas & Efisiensi,Efektivitas & Efisiensi,Efektivitas & Efisiensi,Negatif,Negatif,Negatif,Negatif,Efektivitas & Efisiensi_Negatif,
406,@achmad.malik40,jangan dipilih lagil 5-24,https://www.tiktok.com/@jollyroger.strawhat/video/7614678060616404245,https://www.tiktok.com/@jollyroger.strawhat/video/7614678060616404245,Akuntabilitas,Akuntabilitas,Akuntabilitas,Akuntabilitas,Negatif,Negatif,Negatif,Negatif,Akuntabilitas_Negatif,
407,@helmibatubara20,AUDIT DANA pajak kaltim 3-21,https://www.tiktok.com/@relung.id/video/7611814381126520065,https://www.tiktok.com/@relung.id/video/7611814381126520065,Akuntabilitas,Akuntabilitas,Akuntabilitas,Akuntabilitas,Negatif,Negatif,Negatif,Negatif,Akuntabilitas_Negatif,
408,@yelou0211,mobil mewah jln di jln lumpur🤣🤣 5-6,https://www.tiktok.com/@jollyroger.strawhat/video/7614678060616404245,https://www.tiktok.com/@jollyroger.strawhat/video/7614678060616404245,Efektivitas & Efisiensi,Efektivitas & Efisiensi,Efektivitas & Efisiensi,Efektivitas & Efisiensi,Negatif,Negatif,Negatif,Negatif,Efektivitas & Efisiensi_Negatif,
409,@feridios,terlalu gengsi 3-20,https://www.tiktok.com/@wargawargi2025/video/7619281381293755669,https://www.tiktok.com/@wargawargi2025/video/7619281381293755669,Akuntabilitas,Akuntabilitas,Akuntabilitas,Akuntabilitas,Negatif,Negatif,Negatif,Negatif,Akuntabilitas_Negatif,
410,@penemu_rengginang0,"bagus lah, mumpung jadi pejabat, kapan lagi , kesempatan gak datang dua kali😂😂😂 3-2",https://www.tiktok.com/@f.405_/video/7612591026666048789,https://www.tiktok.com/@f.405_/video/7612591026666048789,Akuntabilitas,Akuntabilitas,Akuntabilitas,Akuntabilitas,Negatif,Negatif,Negatif,Negatif,Akuntabilitas_Negatif,
411,@papihicamadek,gak layak dua periode 2-25,https://www.tiktok.com/@wglobalmedia/video/7610699657475329298,https://www.tiktok.com/@wglobalmedia/video/7610699657475329298,Akuntabilitas,Akuntabilitas,Akuntabilitas,Akuntabilitas,Negatif,Negatif,Negatif,Negatif,Akuntabilitas_Negatif,
412,@caddd18,"masa rakyatnya di kasih jalan ala kadarnya, jgn dongggg 2-25 150.2K",https://www.tiktok.com/@metropolitan.id/video/7610646870599175445,https://www.tiktok.com/@metropolitan.id/video/7610646870599175445,Efektivitas & Efisiensi,Efektivitas & Efisiensi,Efektivitas & Efisiensi,Efektivitas & Efisiensi,Negatif,Negatif,Negatif,Negatif,Efektivitas & Efisiensi_Negatif,
413,@joddy354,si gubernur cukup pake innova dan sisanya buat perbaikan jalan 2-26,https://www.tiktok.com/@morrodin88/video/7611104729929747733,https://www.tiktok.com/@morrodin88/video/7611104729929747733,Efektivitas & Efisiensi,Efektivitas & Efisiensi,Efektivitas & Efisiensi,Efektivitas & Efisiensi,Negatif,Negatif,Negatif,Negatif,Efektivitas & Efisiensi_Negatif,
414,@chikichubaaa,yang pilih dia nyesel si 3-21,https://www.tiktok.com/@wargawargi2025/video/7619281381293755669,https://www.tiktok.com/@wargawargi2025/video/7619281381293755669,Akuntabilitas,Akuntabilitas,Akuntabilitas,Akuntabilitas,Negatif,Negatif,Negatif,Negatif,Akuntabilitas_Negatif,
415,@achiang.abie,"Marwah pemimpin tidak ditentukan oleh seberapa mahal harga mobil yg di tumpanginya yg notabene nya dari uang rakyat, marwah seorang pemimpin di tentukan oleh seberapa berhasilnya beliau memimpin mensejahterakan dan menegakkan keadilan sosial rakyatnya. 2-28",https://www.tiktok.com/@morrodin88/video/7611104729929747733,https://www.tiktok.com/@morrodin88/video/7611104729929747733,Akuntabilitas,Efektivitas & Efisiensi,Akuntabilitas,Akuntabilitas,Negatif,Negatif,Negatif,Negatif,Akuntabilitas_Negatif,
416,@mr.uloli,8 miliar untuk aspal berapa kilo..? 3-1,https://www.tiktok.com/@detik.lebak/video/7612096372824608008,https://www.tiktok.com/@detik.lebak/video/7612096372824608008,Efektivitas & Efisiensi,Efektivitas & Efisiensi,Efektivitas & Efisiensi,Efektivitas & Efisiensi,Negatif,Negatif,Negatif,Negatif,Efektivitas & Efisiensi_Negatif,
417,@jawad666999,"ngapain range rover autobiography anjir, ya hilux aja atau ford predator 2-26",https://www.tiktok.com/@metropolitan.id/video/7610646870599175445,https://www.tiktok.com/@metropolitan.id/video/7610646870599175445,Efektivitas & Efisiensi,Efektivitas & Efisiensi,Efektivitas & Efisiensi,Efektivitas & Efisiensi,Negatif,Negatif,Negatif,Negatif,Efektivitas & Efisiensi_Negatif,
418,@tatolor,Pajero kan bisa tuh🤣 3-6,https://www.tiktok.com/@lensanalarcom/video/7610698043981090068,https://www.tiktok.com/@lensanalarcom/video/7610698043981090068,Efektivitas & Efisiensi,Efektivitas & Efisiensi,Efektivitas & Efisiensi,Efektivitas & Efisiensi,Negatif,Negatif,Negatif,Negatif,Efektivitas & Efisiensi_Negatif,
419,@mandra7799_,Salah pilih Kawal ku🤣🤣🤣 2-27,https://www.tiktok.com/@aditya.yudono/video/7611491873559039252,https://www.tiktok.com/@aditya.yudono/video/7611491873559039252,Akuntabilitas,Akuntabilitas,Akuntabilitas,Akuntabilitas,Negatif,Negatif,Negatif,Negatif,Akuntabilitas_Negatif,
420,@permenj4he,mas gibran pke zenix pak 😂😂 2-25,https://www.tiktok.com/@metropolitan.id/video/7610646870599175445,https://www.tiktok.com/@metropolitan.id/video/7610646870599175445,Efektivitas & Efisiensi,Akuntabilitas,Efektivitas & Efisiensi,Efektivitas & Efisiensi,Negatif,Negatif,Negatif,Negatif,Efektivitas & Efisiensi_Negatif,
421,@paul07116,punya harta 166M dari mana aja tuh? 😅 4-23,https://www.tiktok.com/@prabsri1/video/7631102459582336277,https://www.tiktok.com/@prabsri1/video/7631102459582336277,Akuntabilitas,Transparansi,Akuntabilitas,Akuntabilitas,Negatif,Negatif,Negatif,Negatif,Akuntabilitas_Negatif,
422,@ridho.mulyono.001,percuma mobil harga 8.5m kalau jalan nya lumpur 3-22,https://www.tiktok.com/@sahambijak0/video/7611953329421421845,https://www.tiktok.com/@sahambijak0/video/7611953329421421845,Efektivitas & Efisiensi,Efektivitas & Efisiensi,Efektivitas & Efisiensi,Efektivitas & Efisiensi,Negatif,Negatif,Negatif,Negatif,Efektivitas & Efisiensi_Negatif,
423,@bunbunfina,Moral pejabat indo begini amaat 2-27,https://www.tiktok.com/@libra.pahing1/video/7611302313097153813,https://www.tiktok.com/@libra.pahing1/video/7611302313097153813,Akuntabilitas,Akuntabilitas,Akuntabilitas,Akuntabilitas,Negatif,Negatif,Negatif,Negatif,Akuntabilitas_Negatif,
424,@carlo_haris_cepy,SATU KATA KALTIM KALBAR KORUPS 😂😂😂 5-15,https://www.tiktok.com/@prapancas/video/7631918131128061191,https://www.tiktok.com/@prapancas/video/7631918131128061191,Akuntabilitas,Akuntabilitas,Akuntabilitas,Akuntabilitas,Negatif,Negatif,Negatif,Negatif,Akuntabilitas_Negatif,
425,@lidiayolanda24,aku yg org samarinda aja kekk malu 2-27,https://www.tiktok.com/@media_indonesia/video/7611183349964524821,https://www.tiktok.com/@media_indonesia/video/7611183349964524821,Akuntabilitas,Akuntabilitas,Akuntabilitas,Akuntabilitas,Negatif,Negatif,Negatif,Negatif,Akuntabilitas_Negatif,
426,@qrontll,JANGAN SURUH SAYA PAKAI KIJANG DEK 🤣 2-27,https://www.tiktok.com/@robi.plur/video/7611168030877322514,https://www.tiktok.com/@robi.plur/video/7611168030877322514,Akuntabilitas,Efektivitas & Efisiensi,Akuntabilitas,Akuntabilitas,Negatif,Negatif,Negatif,Negatif,Akuntabilitas_Negatif,
427,@ajo.tarigan,"bukan kau saja gubenur, lihatlah mobil dinas gubenur lain 3-27",https://www.tiktok.com/@keadilanfiktif/video/7615447599402798357,https://www.tiktok.com/@keadilanfiktif/video/7615447599402798357,Efektivitas & Efisiensi,Akuntabilitas,Efektivitas & Efisiensi,Efektivitas & Efisiensi,Negatif,Negatif,Negatif,Negatif,Efektivitas & Efisiensi_Negatif,
428,@6tripel5,kalau menurutku yg penting dia baik sih... mau dia pakai apa itu hak dia...yg pnting trttp ngk pakai baju renang trs turut dalan ... aku aja kl pakai baju suka2 aku penting terttp aku nymn dan seneng ...,https://www.tiktok.com/@sindonews/video/7611810371535375633,https://www.tiktok.com/@sindonews/video/7611810371535375633,Akuntabilitas,Akuntabilitas,Akuntabilitas,Akuntabilitas,Positif,Positif,Positif,Positif,Akuntabilitas_Positif,
429,@enipp70,"8,5 milyar bs utk perbaikan jln pak 3-25",https://www.tiktok.com/@f.405_/video/7612591026666048789,https://www.tiktok.com/@f.405_/video/7612591026666048789,Efektivitas & Efisiensi,Efektivitas & Efisiensi,Efektivitas & Efisiensi,Efektivitas & Efisiensi,Negatif,Negatif,Negatif,Negatif,Efektivitas & Efisiensi_Negatif,
430,@irahazka,gubernur kaltim baningan 4-23,https://www.tiktok.com/@aditya.yudono/video/7631554392633675028,https://www.tiktok.com/@aditya.yudono/video/7631554392633675028,Akuntabilitas,Akuntabilitas,Akuntabilitas,Akuntabilitas,Negatif,Negatif,Negatif,Negatif,Akuntabilitas_Negatif,
431,@tgs_artha89,kenapa gak perbaiki jalannya aja ya?? 4-22,https://www.tiktok.com/@apasaja2825/video/7620377571229781269,https://www.tiktok.com/@apasaja2825/video/7620377571229781269,Efektivitas & Efisiensi,Efektivitas & Efisiensi,Efektivitas & Efisiensi,Efektivitas & Efisiensi,Negatif,Negatif,Negatif,Negatif,Efektivitas & Efisiensi_Negatif,
432,@jangan.perna.bosan,iya btul itu pak masa gubernur Kaltim mobil ya jelek jaaaaangan dooong lebih baik jalan2 di Kaltim aja yang jelak dan rusak kalo mobil harus bagus 2-25,https://www.tiktok.com/@metropolitan.id/video/7610646870599175445,https://www.tiktok.com/@metropolitan.id/video/7610646870599175445,Efektivitas & Efisiensi,Efektivitas & Efisiensi,Efektivitas & Efisiensi,Efektivitas & Efisiensi,Negatif,Negatif,Negatif,Negatif,Efektivitas & Efisiensi_Negatif,
433,@riwifitriadi2,"Andai mobilnya bisa bicara, GUA INI MOBIL MEWAH LOOO BUKAN TRAKTOR, kok di bawak ke lumpur 😅😅😅 3-6",https://www.tiktok.com/@politikdotin/video/7612142044219231508,https://www.tiktok.com/@politikdotin/video/7612142044219231508,Efektivitas & Efisiensi,Efektivitas & Efisiensi,Efektivitas & Efisiensi,Efektivitas & Efisiensi,Negatif,Negatif,Negatif,Negatif,Efektivitas & Efisiensi_Negatif,
434,@yakob_djeliran25,Tv nasional mana ? 4-23,https://www.tiktok.com/@prabsri1/video/7631102459582336277,https://www.tiktok.com/@prabsri1/video/7631102459582336277,Transparansi,Transparansi,Transparansi,Transparansi,Negatif,Negatif,Negatif,Negatif,Transparansi_Negatif,
435,@gendut_85,"mobil pribadi, paham kan 3-4",https://www.tiktok.com/@f.405_/video/7612591026666048789,https://www.tiktok.com/@f.405_/video/7612591026666048789,Transparansi,Transparansi,Transparansi,Transparansi,Negatif,Negatif,Negatif,Negatif,Transparansi_Negatif,
436,@hermansaja976,usut 3-9,https://www.tiktok.com/@ompro_autocaree/video/7614061884127317266,https://www.tiktok.com/@ompro_autocaree/video/7614061884127317266,Akuntabilitas,Akuntabilitas,Akuntabilitas,Akuntabilitas,Negatif,Negatif,Negatif,Negatif,Akuntabilitas_Negatif,
437,@ham0724,"lamis...lamis... menjaga marwah itu, bgmn mensejahterakan rakyatnya, memperbaiki infrastruktur yang baik. 😡😡 3-1",https://www.tiktok.com/@beritaenamdua/video/7612139610507873557,https://www.tiktok.com/@beritaenamdua/video/7612139610507873557,Akuntabilitas,Efektivitas & Efisiensi,Akuntabilitas,Akuntabilitas,Negatif,Negatif,Negatif,Negatif,Akuntabilitas_Negatif,
438,@idazah200882,"masa iya mobilnya mewah yg naik jelek, jgn doong 3-1",https://www.tiktok.com/@metropolitan.id/video/7610646870599175445,https://www.tiktok.com/@metropolitan.id/video/7610646870599175445,Akuntabilitas,Akuntabilitas,Akuntabilitas,Akuntabilitas,Negatif,Negatif,Negatif,Negatif,Akuntabilitas_Negatif,
439,@mas_syailen,"yang di krmbalikan warna item, yang lalu lalang warna putih 😭😭 3-4",https://www.tiktok.com/@beritakukar/video/7613011166838738196,https://www.tiktok.com/@beritakukar/video/7613011166838738196,Transparansi,Transparansi,Transparansi,Transparansi,Negatif,Negatif,Negatif,Negatif,Transparansi_Negatif,
440,@baru2596,bnyak omng kinerja zonk 4-16,https://www.tiktok.com/@ip.alphawolf/video/7629140462753926420,https://www.tiktok.com/@ip.alphawolf/video/7629140462753926420,Responsivitas,Efektivitas & Efisiensi,Responsivitas,Responsivitas,Negatif,Negatif,Negatif,Negatif,Responsivitas_Negatif,
441,@mas.langgg,gubernur Kaltim kok di sandingin sama gubernur Jabar beda kelas jir🤣 3-1,https://www.tiktok.com/@detik.lebak/video/7612096372824608008,https://www.tiktok.com/@detik.lebak/video/7612096372824608008,Akuntabilitas,Efektivitas & Efisiensi,Akuntabilitas,Akuntabilitas,Negatif,Negatif,Negatif,Negatif,Akuntabilitas_Negatif,
442,@outofthebox404,"sibuk jaga marwah, rakyatnya hampir jadi arwah 3-3",https://www.tiktok.com/@ae_affiliat/video/7612919691111107848,https://www.tiktok.com/@ae_affiliat/video/7612919691111107848,Akuntabilitas,Efektivitas & Efisiensi,Akuntabilitas,Akuntabilitas,Negatif,Negatif,Negatif,Negatif,Akuntabilitas_Negatif,
443,@orb_dark,"8.5 m bisa buat perbaiki jalan dulu pak bukan mobilnya yg sesuaikan jalannya, pakai mobil dinas yg lama dulu kalau memang betul2 mau mengabdi untuk masyarakat utamakan kepentingan rakyat apa yg dibutuhkan untuk bisa meningkatkan daerah & kemampuan ekonomi masyarakat. 2-26",https://www.tiktok.com/@lensanalarcom/video/7610698043981090068,https://www.tiktok.com/@lensanalarcom/video/7610698043981090068,Efektivitas & Efisiensi,Efektivitas & Efisiensi,Efektivitas & Efisiensi,Efektivitas & Efisiensi,Negatif,Negatif,Negatif,Negatif,Efektivitas & Efisiensi_Negatif,
444,@embohdopo02,"what,137 miliar,sedangkan yang di tulis 127 miliar, 10 miliarnya kemana.😳 2-28",https://www.tiktok.com/@aimambandung/video/7611327878239620372,https://www.tiktok.com/@aimambandung/video/7611327878239620372,Transparansi,Transparansi,Transparansi,Transparansi,Negatif,Negatif,Negatif,Negatif,Transparansi_Negatif,
445,@myusuf740,betol.... pak terlalu mewah mobil nya 2-28,https://www.tiktok.com/@harianda19/video/7611777664621350164,https://www.tiktok.com/@harianda19/video/7611777664621350164,Efektivitas & Efisiensi,Efektivitas & Efisiensi,Efektivitas & Efisiensi,Efektivitas & Efisiensi,Negatif,Negatif,Negatif,Negatif,Efektivitas & Efisiensi_Negatif,
446,@rival.ristiawan,ga logis dong rumah dinasnya cakep yg nempatin jelek 4-7 27.4K,https://www.tiktok.com/@kumparan/video/7626011966401694997,https://www.tiktok.com/@kumparan/video/7626011966401694997,Akuntabilitas,Efektivitas & Efisiensi,Akuntabilitas,Akuntabilitas,Negatif,Negatif,Negatif,Negatif,Akuntabilitas_Negatif,
447,@bebensubandi723,wajar si jadinya kota ofrod 3-23,https://www.tiktok.com/@suka.otom0tif/video/7612478466214104328,https://www.tiktok.com/@suka.otom0tif/video/7612478466214104328,Efektivitas & Efisiensi,Efektivitas & Efisiensi,Efektivitas & Efisiensi,Efektivitas & Efisiensi,Negatif,Positif,Negatif,Negatif,Efektivitas & Efisiensi_Negatif,
448,@sahidmridwan11,"jgn di coblos lagi, cukup 1 periode 2-28",https://www.tiktok.com/@arteranews.id/video/7611460664074390804,https://www.tiktok.com/@arteranews.id/video/7611460664074390804,Akuntabilitas,Akuntabilitas,Akuntabilitas,Akuntabilitas,Negatif,Negatif,Negatif,Negatif,Akuntabilitas_Negatif,
449,@reskiyantofajar,"apa iya...???🤣🤣🤣 aneh...🤣🤣🤣 mobil baru atau bekas...bisa dibalikin dan uangnya dikembalikan 8,5 M...100% ga percaya🤣🤣🤣 3-5",https://www.tiktok.com/@kompastv_jateng/video/7613321888445615381,https://www.tiktok.com/@kompastv_jateng/video/7613321888445615381,Transparansi,Transparansi,Transparansi,Transparansi,Negatif,Negatif,Negatif,Negatif,Transparansi_Negatif,
450,@susi.afifah5,jalannya pak benerin bukan mobil mu tuh yg mahal jalannya amburadul 2-26,https://www.tiktok.com/@lensanalarcom/video/7610698043981090068,https://www.tiktok.com/@lensanalarcom/video/7610698043981090068,Efektivitas & Efisiensi,Efektivitas & Efisiensi,Efektivitas & Efisiensi,Efektivitas & Efisiensi,Negatif,Negatif,Negatif,Negatif,Efektivitas & Efisiensi_Negatif,
451,@jumatia.sirampe,presiden saja pakai mobil 7 rts jt 5-2,https://www.tiktok.com/@balikpapantv_official/video/7612479352479026453,https://www.tiktok.com/@balikpapantv_official/video/7612479352479026453,Efektivitas & Efisiensi,Akuntabilitas,Efektivitas & Efisiensi,Efektivitas & Efisiensi,Negatif,Negatif,Negatif,Negatif,Efektivitas & Efisiensi_Negatif,
452,@anglerboy009,yg penting jalan di perbaiki kocak 🤣 3-11,https://www.tiktok.com/@detik.lebak/video/7612096372824608008,https://www.tiktok.com/@detik.lebak/video/7612096372824608008,Efektivitas & Efisiensi,Efektivitas & Efisiensi,Efektivitas & Efisiensi,Efektivitas & Efisiensi,Negatif,Negatif,Negatif,Negatif,Efektivitas & Efisiensi_Negatif,
453,@amai_882,Tolong KPK kemana 2-27,https://www.tiktok.com/@aimambandung/video/7611327878239620372,https://www.tiktok.com/@aimambandung/video/7611327878239620372,Akuntabilitas,Akuntabilitas,Akuntabilitas,Akuntabilitas,Negatif,Negatif,Negatif,Negatif,Akuntabilitas_Negatif,
454,@shanapuri,lagi maen ratu ratuan 🙈 2-27 16.1K,https://www.tiktok.com/@media_indonesia/video/7611183349964524821,https://www.tiktok.com/@media_indonesia/video/7611183349964524821,Akuntabilitas,Akuntabilitas,Akuntabilitas,Akuntabilitas,Negatif,Negatif,Negatif,Negatif,Akuntabilitas_Negatif,
455,@kang_yanto1981,jangan cuma dipantau segera sidak pasti terbukti 3-21,https://www.tiktok.com/@relung.id/video/7611814381126520065,https://www.tiktok.com/@relung.id/video/7611814381126520065,Akuntabilitas,Responsivitas,Akuntabilitas,Akuntabilitas,Negatif,Negatif,Negatif,Negatif,Akuntabilitas_Negatif,
456,@delott62,kayak kerja aja 3-2,https://www.tiktok.com/@beritaenamdua/video/7612139610507873557,https://www.tiktok.com/@beritaenamdua/video/7612139610507873557,Responsivitas,Efektivitas & Efisiensi,Responsivitas,Responsivitas,Negatif,Negatif,Negatif,Negatif,Responsivitas_Negatif,
457,@banyak.angkrem_,gubernur ga bener nih 4-17,https://www.tiktok.com/@ip.alphawolf/video/7629140462753926420,https://www.tiktok.com/@ip.alphawolf/video/7629140462753926420,Akuntabilitas,Akuntabilitas,Akuntabilitas,Akuntabilitas,Negatif,Negatif,Negatif,Negatif,Akuntabilitas_Negatif,
458,@just_handoko,termasuk pinter omong 2-27,https://www.tiktok.com/@robi.plur/video/7611168030877322514,https://www.tiktok.com/@robi.plur/video/7611168030877322514,Responsivitas,Transparansi,Responsivitas,Responsivitas,Negatif,Negatif,Negatif,Negatif,Responsivitas_Negatif,
459,@wayan.suartika63,"marwah kaltim hrs nya rakyt nya sejahtera dan infrastruktur nya bagus ,,itu baru good job 3-1",https://www.tiktok.com/@arnews91/video/7612104540015414548,https://www.tiktok.com/@arnews91/video/7612104540015414548,Akuntabilitas,Efektivitas & Efisiensi,Akuntabilitas,Akuntabilitas,Negatif,Negatif,Negatif,Negatif,Akuntabilitas_Negatif,
460,@myst_xr,mmg terlalu berlebihan pembelian mobil yg mahal mengingat infrastruktur msh amboradul 3-12,https://www.tiktok.com/@keadilanfiktif/video/7615447599402798357,https://www.tiktok.com/@keadilanfiktif/video/7615447599402798357,Efektivitas & Efisiensi,Efektivitas & Efisiensi,Efektivitas & Efisiensi,Efektivitas & Efisiensi,Negatif,Negatif,Negatif,Negatif,Efektivitas & Efisiensi_Negatif,
461,@lacthedemond,sudah terbiasa liat mobil dinas di ganti plat biasa karna tetangga gua juga gitu udh di tegor juga ya percuma ga di denger alesannya pergi Dinas luar kota 3-4,https://www.tiktok.com/@beritakukar/video/7613011166838738196,https://www.tiktok.com/@beritakukar/video/7613011166838738196,Transparansi,Transparansi,Transparansi,Transparansi,Negatif,Negatif,Negatif,Negatif,Transparansi_Negatif,
462,@thomo.thomo5,"KPK cumah pantau aja , ko bisa yah.... 3-9",https://www.tiktok.com/@relung.id/video/7611814381126520065,https://www.tiktok.com/@relung.id/video/7611814381126520065,Akuntabilitas,Akuntabilitas,Akuntabilitas,Akuntabilitas,Negatif,Negatif,Negatif,Negatif,Akuntabilitas_Negatif,
463,@qiyu_qiyu_86,si paling Marwah 😩😩😩😩 2-27,https://www.tiktok.com/@balikpapan.aerial/video/7611418293752253703,https://www.tiktok.com/@balikpapan.aerial/video/7611418293752253703,Akuntabilitas,Akuntabilitas,Akuntabilitas,Akuntabilitas,Negatif,Negatif,Negatif,Negatif,Akuntabilitas_Negatif,
464,@edyjunedi97,kpk ko diem🤣🤣 2-26,https://www.tiktok.com/@wglobalmedia/video/7610699657475329298,https://www.tiktok.com/@wglobalmedia/video/7610699657475329298,Akuntabilitas,Akuntabilitas,Akuntabilitas,Akuntabilitas,Negatif,Negatif,Negatif,Negatif,Akuntabilitas_Negatif,
465,@rusmanboding,"solusi yg paling bener, gubernur kaltim ganti 5-2",https://www.tiktok.com/@aditya.yudono/video/7631554392633675028,https://www.tiktok.com/@aditya.yudono/video/7631554392633675028,Akuntabilitas,Akuntabilitas,Akuntabilitas,Akuntabilitas,Negatif,Negatif,Negatif,Negatif,Akuntabilitas_Negatif,
466,@tiktokerkece7,medannya berat karena ga bangun jalannya makanya makin banyak lumpur 4-12,https://www.tiktok.com/@beritakukar/video/7612310183590530324,https://www.tiktok.com/@beritakukar/video/7612310183590530324,Efektivitas & Efisiensi,Efektivitas & Efisiensi,Efektivitas & Efisiensi,Efektivitas & Efisiensi,Negatif,Negatif,Negatif,Negatif,Efektivitas & Efisiensi_Negatif,
467,@travellagenggong,seandainya dana 8.5 M untuk perbaiki jalan pasti tercukupi itu 2-21,https://www.tiktok.com/@mata_publik_/video/7608632050790239495,https://www.tiktok.com/@mata_publik_/video/7608632050790239495,Efektivitas & Efisiensi,Efektivitas & Efisiensi,Efektivitas & Efisiensi,Efektivitas & Efisiensi,Negatif,Negatif,Negatif,Negatif,Efektivitas & Efisiensi_Negatif,
468,@dominicus.vita,masa iya dealer mau di kembalikan gitu saja mobil.... semua org pasti tau itu gk mungkin di kembalikan 4-17,https://www.tiktok.com/@ip.alphawolf/video/7629140462753926420,https://www.tiktok.com/@ip.alphawolf/video/7629140462753926420,Transparansi,Transparansi,Transparansi,Transparansi,Negatif,Negatif,Negatif,Negatif,Transparansi_Negatif,
469,@daenganto_738,yang penting jaga maruwa 2-28,https://www.tiktok.com/@harianda19/video/7611777664621350164,https://www.tiktok.com/@harianda19/video/7611777664621350164,Akuntabilitas,Akuntabilitas,Akuntabilitas,Akuntabilitas,Negatif,Negatif,Negatif,Negatif,Akuntabilitas_Negatif,
470,@lutzs1_0,"500 nya beli Triton,,,,8 nya benerin jalan tuh jalan 3-10",https://www.tiktok.com/@botakteras/video/7613416347250314517,https://www.tiktok.com/@botakteras/video/7613416347250314517,Efektivitas & Efisiensi,Efektivitas & Efisiensi,Efektivitas & Efisiensi,Efektivitas & Efisiensi,Negatif,Negatif,Negatif,Negatif,Efektivitas & Efisiensi_Negatif,
471,@dede.m46,tolong KPK ke kaltim usut dulu dinastinya 3-2,https://www.tiktok.com/@relung.id/video/7611814381126520065,https://www.tiktok.com/@relung.id/video/7611814381126520065,Akuntabilitas,Akuntabilitas,Akuntabilitas,Akuntabilitas,Negatif,Negatif,Negatif,Negatif,Akuntabilitas_Negatif,
472,@zakariazakra,serakah. 3-16,https://www.tiktok.com/@relung.id/video/7611773381997890833,https://www.tiktok.com/@relung.id/video/7611773381997890833,Akuntabilitas,Akuntabilitas,Akuntabilitas,Akuntabilitas,Negatif,Negatif,Negatif,Negatif,Akuntabilitas_Negatif,
473,@blokirr_7,"asyik2 saja busana, yg penting orgnya ramah dan baik",https://www.tiktok.com/@sindonews/video/7611810371535375633,https://www.tiktok.com/@sindonews/video/7611810371535375633,Akuntabilitas,Akuntabilitas,Akuntabilitas,Akuntabilitas,Positif,Positif,Positif,Positif,Akuntabilitas_Positif,
474,@user_nada.a.s_17,mobil 8.5 gak mampu liwatin jalan berlumpur 3-8,https://www.tiktok.com/@politikdotin/video/7612142044219231508,https://www.tiktok.com/@politikdotin/video/7612142044219231508,Efektivitas & Efisiensi,Efektivitas & Efisiensi,Efektivitas & Efisiensi,Efektivitas & Efisiensi,Negatif,Negatif,Negatif,Negatif,Efektivitas & Efisiensi_Negatif,
475,@dani_wijaya22,gaya elit kinerja sulit 3-5,https://www.tiktok.com/@ummu.3.anak/video/7613157935157464340,https://www.tiktok.com/@ummu.3.anak/video/7613157935157464340,Akuntabilitas,Efektivitas & Efisiensi,Akuntabilitas,Akuntabilitas,Negatif,Negatif,Negatif,Negatif,Akuntabilitas_Negatif,
476,@paman.sam38,"salah pilih gubernur, logika nya dmna ya, jalan rusak malah beli mobil mewah, bukan jalan nya yg di betulin 3-7",https://www.tiktok.com/@tikuskokberdasi/video/7613343929244618005,https://www.tiktok.com/@tikuskokberdasi/video/7613343929244618005,Efektivitas & Efisiensi,Efektivitas & Efisiensi,Efektivitas & Efisiensi,Efektivitas & Efisiensi,Negatif,Negatif,Negatif,Negatif,Efektivitas & Efisiensi_Negatif,
477,@hengkyloem,takut di periksa kpk 3-5,https://www.tiktok.com/@kompastv_jateng/video/7613321888445615381,https://www.tiktok.com/@kompastv_jateng/video/7613321888445615381,Akuntabilitas,Akuntabilitas,Akuntabilitas,Akuntabilitas,Negatif,Negatif,Negatif,Negatif,Akuntabilitas_Negatif,
478,@elssaryn_,Cuma ditegur???? 3-21,https://www.tiktok.com/@wargawargi2025/video/7619281381293755669,https://www.tiktok.com/@wargawargi2025/video/7619281381293755669,Responsivitas,Responsivitas,Responsivitas,Responsivitas,Negatif,Negatif,Negatif,Negatif,Responsivitas_Negatif,
479,@sitirahmah4376,parah,https://www.tiktok.com/@prapancas/video/7631918131128061191,https://www.tiktok.com/@prapancas/video/7631918131128061191,Akuntabilitas,Akuntabilitas,Akuntabilitas,Akuntabilitas,Negatif,Negatif,Negatif,Negatif,Akuntabilitas_Negatif,
480,@cucu.kurniawati51,tamu global lewat mana pak jlnnya lumpur semua😳 3-6,https://www.tiktok.com/@sentilin_indonesia/video/7613820353550306581,https://www.tiktok.com/@sentilin_indonesia/video/7613820353550306581,Efektivitas & Efisiensi,Efektivitas & Efisiensi,Efektivitas & Efisiensi,Efektivitas & Efisiensi,Negatif,Negatif,Negatif,Negatif,Efektivitas & Efisiensi_Negatif,
481,@dhenokk06,lha kalau kepala daerah nya seperti inii.. ya rakyat miskin sengsara pak😭 2-25,https://www.tiktok.com/@the_amor70/video/7610666343985138951,https://www.tiktok.com/@the_amor70/video/7610666343985138951,Akuntabilitas,Efektivitas & Efisiensi,Akuntabilitas,Akuntabilitas,Negatif,Negatif,Negatif,Negatif,Akuntabilitas_Negatif,
482,@triwahyu0678,4000cc.pakai truk aja 4x4 lebih cocok 3-1,https://www.tiktok.com/@beritaenamdua/video/7612139610507873557,https://www.tiktok.com/@beritaenamdua/video/7612139610507873557,Efektivitas & Efisiensi,Efektivitas & Efisiensi,Efektivitas & Efisiensi,Efektivitas & Efisiensi,Negatif,Negatif,Negatif,Negatif,Efektivitas & Efisiensi_Negatif,
483,@endik580,"sudahlah pak, orang sudah tahu. gak perlu bicara panjang lebar 2-27",https://www.tiktok.com/@robi.plur/video/7611168030877322514,https://www.tiktok.com/@robi.plur/video/7611168030877322514,Responsivitas,Transparansi,Responsivitas,Responsivitas,Negatif,Negatif,Negatif,Negatif,Responsivitas_Negatif,
484,@cappucinomilktea22,mikirin diri sendiri dongg jatohnya😭🤣 3-5,https://www.tiktok.com/@the_amor70/video/7610666343985138951,https://www.tiktok.com/@the_amor70/video/7610666343985138951,Akuntabilitas,Responsivitas,Akuntabilitas,Akuntabilitas,Negatif,Negatif,Negatif,Negatif,Akuntabilitas_Negatif,
485,@budiy316,mobil elit jalan sulit 3-8,https://www.tiktok.com/@politikdotin/video/7612142044219231508,https://www.tiktok.com/@politikdotin/video/7612142044219231508,Efektivitas & Efisiensi,Efektivitas & Efisiensi,Efektivitas & Efisiensi,Efektivitas & Efisiensi,Negatif,Negatif,Negatif,Negatif,Efektivitas & Efisiensi_Negatif,
486,@nunuk.nurmawati,betul pak mumpung masih menjabat .kpan LG minta ke rakyat kalau pas nggk menjabat 🤭 3-6,https://www.tiktok.com/@f.405_/video/7612591026666048789,https://www.tiktok.com/@f.405_/video/7612591026666048789,Akuntabilitas,Akuntabilitas,Akuntabilitas,Akuntabilitas,Negatif,Negatif,Negatif,Negatif,Akuntabilitas_Negatif,
487,@libraa_93.0,JALAN KALTIM KAPAN DI BAIKIN PAK 4-17,https://www.tiktok.com/@ip.alphawolf/video/7629140462753926420,https://www.tiktok.com/@ip.alphawolf/video/7629140462753926420,Efektivitas & Efisiensi,Efektivitas & Efisiensi,Efektivitas & Efisiensi,Efektivitas & Efisiensi,Negatif,Negatif,Negatif,Negatif,Efektivitas & Efisiensi_Negatif,
488,@bayiik13,plat putih??? 3-1,https://www.tiktok.com/@arteranews.id/video/7611460664074390804,https://www.tiktok.com/@arteranews.id/video/7611460664074390804,Transparansi,Transparansi,Transparansi,Transparansi,Negatif,Negatif,Negatif,Negatif,Transparansi_Negatif,
489,@dewivirgo4233,baru 1 tahun jadi gub petatang peteteng hadeeh nyenggol KDM lagi 4-21,https://www.tiktok.com/@prabsri1/video/7631102459582336277,https://www.tiktok.com/@prabsri1/video/7631102459582336277,Akuntabilitas,Efektivitas & Efisiensi,Akuntabilitas,Akuntabilitas,Negatif,Negatif,Negatif,Negatif,Akuntabilitas_Negatif,
490,@mahfudinabe,LEBIH KOPLAK NYA...TERPILIH😁😁😁 3-3,https://www.tiktok.com/@detik.lebak/video/7612096372824608008,https://www.tiktok.com/@detik.lebak/video/7612096372824608008,Akuntabilitas,Akuntabilitas,Akuntabilitas,Akuntabilitas,Negatif,Negatif,Negatif,Negatif,Akuntabilitas_Negatif,
491,@rom82761,tetap amanah pak gubernur,https://www.tiktok.com/@tripol.co/video/7642126377168293141,https://www.tiktok.com/@tripol.co/video/7642126377168293141,Akuntabilitas,Akuntabilitas,Akuntabilitas,Akuntabilitas,Positif,Positif,Positif,Positif,Akuntabilitas_Positif,
492,@sih.08_,kepala daerah kerjaanya apa mau tanyak . 3-26,https://www.tiktok.com/@fans_pak_prabowo/video/7621100320243928341,https://www.tiktok.com/@fans_pak_prabowo/video/7621100320243928341,Akuntabilitas,Efektivitas & Efisiensi,Akuntabilitas,Akuntabilitas,Negatif,Negatif,Negatif,Negatif,Akuntabilitas_Negatif,
493,@lindaibrahim06,jln yg rusak parah itu hrs cpt di perbaiki itu yg penting 4-16,https://www.tiktok.com/@ip.alphawolf/video/7629140462753926420,https://www.tiktok.com/@ip.alphawolf/video/7629140462753926420,Efektivitas & Efisiensi,Efektivitas & Efisiensi,Akuntabilitas,Efektivitas & Efisiensi,Negatif,Negatif,Negatif,Negatif,Efektivitas & Efisiensi_Negatif,
494,@nando_pleengerr,kalo jalan ancur ya di baikin bukan beli mobil 4-23,https://www.tiktok.com/@ibarat_azra/video/7631776481781271826,https://www.tiktok.com/@ibarat_azra/video/7631776481781271826,Efektivitas & Efisiensi,Efektivitas & Efisiensi,Akuntabilitas,Efektivitas & Efisiensi,Negatif,Negatif,Negatif,Negatif,Efektivitas & Efisiensi_Negatif,
495,@m.ilham.entong,itu kata saya buyan percuma itu kan jalan yah yang rusak jadi di perbaikin lah 3-25,https://www.tiktok.com/@3halll/video/7611863206281137428,https://www.tiktok.com/@3halll/video/7611863206281137428,Efektivitas & Efisiensi,Efektivitas & Efisiensi,Akuntabilitas,Efektivitas & Efisiensi,Negatif,Negatif,Negatif,Negatif,Efektivitas & Efisiensi_Negatif,
496,@solih_nigam,sipaling Marwah😆 5-22,https://www.tiktok.com/@suka.otom0tif/video/7612478466214104328,https://www.tiktok.com/@suka.otom0tif/video/7612478466214104328,Akuntabilitas,Akuntabilitas,Akuntabilitas,Akuntabilitas,Negatif,Negatif,Negatif,Negatif,Akuntabilitas_Negatif,
497,@black_sizzy,@KPK RI 2-25,https://www.tiktok.com/@wglobalmedia/video/7610699657475329298,https://www.tiktok.com/@wglobalmedia/video/7610699657475329298,Akuntabilitas,Akuntabilitas,Akuntabilitas,Akuntabilitas,Negatif,Negatif,Negatif,Negatif,Akuntabilitas_Negatif,
498,@ajshdh128,"semoga uang pribadinya bisa di gunakan untuk halnyg lebih bermanfaat buat rakyatnya,,klo ga bisa apa gunanya jadi pemimpin 2-18",https://www.tiktok.com/@ashepsayfullq/video/7608021220088433936,https://www.tiktok.com/@ashepsayfullq/video/7608021220088433936,Akuntabilitas,Efektivitas & Efisiensi,Akuntabilitas,Akuntabilitas,Negatif,Negatif,Negatif,Negatif,Akuntabilitas_Negatif,
499,@elbaf_loki,emg jalan rusak gamalu? 4-17,https://www.tiktok.com/@ip.alphawolf/video/7629140462753926420,https://www.tiktok.com/@ip.alphawolf/video/7629140462753926420,Efektivitas & Efisiensi,Efektivitas & Efisiensi,Efektivitas & Efisiensi,Efektivitas & Efisiensi,Negatif,Negatif,Negatif,Negatif,Efektivitas & Efisiensi_Negatif,
500,@rendra.pratama491,klu d bagus terpilih jgn mundur 4-23,https://www.tiktok.com/@damarmart/video/7631483584649481479,https://www.tiktok.com/@damarmart/video/7631483584649481479,Akuntabilitas,Akuntabilitas,Akuntabilitas,Akuntabilitas,Positif,Positif,Positif,Positif,Akuntabilitas_Positif,
501,@irfanudin217,cukup satu kali saja 3-1,https://www.tiktok.com/@arnews91/video/7612104540015414548,https://www.tiktok.com/@arnews91/video/7612104540015414548,Akuntabilitas,Akuntabilitas,Akuntabilitas,Akuntabilitas,Negatif,Negatif,Negatif,Negatif,Akuntabilitas_Negatif,
502,@yoandi.to,kesel bgt liat dia ngomong 4-7,https://www.tiktok.com/@kumparan/video/7626011966401694997,https://www.tiktok.com/@kumparan/video/7626011966401694997,Responsivitas,Responsivitas,Efektivitas & Efisiensi,Responsivitas,Negatif,Negatif,Negatif,Negatif,Responsivitas_Negatif,
503,@ernawita85,"𝙹𝚕𝚗 𝚁𝚞𝚜𝚊𝚔 𝙶𝚔 𝙼𝚊𝚜𝚊𝚕𝚊𝚑,𝚈𝚐 𝚙𝚗𝚝𝚒𝚗𝚐 𝚋𝚒𝚗𝚒 𝚙𝚊𝚔𝚊𝚒 𝚖𝚊𝚑𝚔𝚘𝚝𝚊😂😂😂 3-4",https://www.tiktok.com/@ae_affiliat/video/7612919691111107848,https://www.tiktok.com/@ae_affiliat/video/7612919691111107848,Akuntabilitas,Efektivitas & Efisiensi,Akuntabilitas,Akuntabilitas,Negatif,Negatif,Negatif,Negatif,Akuntabilitas_Negatif,
504,@aski.slto2,malu sama Jawa barat jalan dah di benerin walaupun belum 100% 3-6,https://www.tiktok.com/@tikuskokberdasi/video/7613343929244618005,https://www.tiktok.com/@tikuskokberdasi/video/7613343929244618005,Efektivitas & Efisiensi,Efektivitas & Efisiensi,Efektivitas & Efisiensi,Efektivitas & Efisiensi,Negatif,Negatif,Negatif,Negatif,Efektivitas & Efisiensi_Negatif,
505,@azzam.pratama091,tinggal di bagusin jalannya dan beli mobil yang lebih murah apa susah nya 4-9,https://www.tiktok.com/@3halll/video/7611863206281137428,https://www.tiktok.com/@3halll/video/7611863206281137428,Efektivitas & Efisiensi,Efektivitas & Efisiensi,Efektivitas & Efisiensi,Efektivitas & Efisiensi,Negatif,Negatif,Negatif,Negatif,Efektivitas & Efisiensi_Negatif,
506,@aida61281,rendah hatinya pak Gubernur mau mendengar aspirasi masyarakat,https://www.tiktok.com/@kaltimtoday.co/video/7619557752192683271?is_from_webapp=1&sender_device=pc,https://www.tiktok.com/@kaltimtoday.co/video/7619557752192683271?is_from_webapp=1&sender_device=pc,Responsivitas,Responsivitas,Responsivitas,Responsivitas,Positif,Positif,Positif,Positif,Responsivitas_Positif,
507,@daydayat093,Mana bisa mobil yg sdh dibeli dikembalikan😅😅😅,https://www.tiktok.com/@kaltimtoday.co/video/7619557752192683271?is_from_webapp=1&sender_device=pc,https://www.tiktok.com/@kaltimtoday.co/video/7619557752192683271?is_from_webapp=1&sender_device=pc,Transparansi,Transparansi,Transparansi,Transparansi,Negatif,Negatif,Negatif,Negatif,Transparansi_Negatif,
508,@zhagie06,"kok baru sekang mendengarkan aspirasi masyarakat, jangan donggg",https://www.tiktok.com/@kaltimtoday.co/video/7619557752192683271?is_from_webapp=1&sender_device=pc,https://www.tiktok.com/@kaltimtoday.co/video/7619557752192683271?is_from_webapp=1&sender_device=pc,Transparansi,Responsivitas,Transparansi,Transparansi,Negatif,Negatif,Negatif,Negatif,Transparansi_Negatif,
509,@umamzxlena,"jawaban yang kurang bermutu,justru saya rasa soal mobil ini pasti masyarakat bertanya ""kenapa harus beli mobil mewah seharga 8m?""",https://www.tiktok.com/@kaltimtoday.co/video/7619557752192683271?is_from_webapp=1&sender_device=pc,https://www.tiktok.com/@kaltimtoday.co/video/7619557752192683271?is_from_webapp=1&sender_device=pc,Responsivitas,Transparansi,Responsivitas,Responsivitas,Negatif,Negatif,Negatif,Negatif,Responsivitas_Negatif,
510,@hartono.lee3,pliiis jangan di-bully... setidaknya kita wajib hargai beliau yang sudah mau mendengarkan aspirasi masyarakat nya🙏,https://www.tiktok.com/@kaltimtoday.co/video/7619557752192683271?is_from_webapp=1&sender_device=pc,https://www.tiktok.com/@kaltimtoday.co/video/7619557752192683271?is_from_webapp=1&sender_device=pc,Responsivitas,Responsivitas,Responsivitas,Responsivitas,Positif,Positif,Positif,Positif,Responsivitas_Positif,
511,@pagopaghia,bagusnya zaman skrg tuh teknologi udh canggih jd informasinya cepet banget. Kalo dia ga viral pasti udah kemana2 pake mobil 8.5 M ituhhh,https://www.tiktok.com/@kaltimtoday.co/video/7619557752192683271?is_from_webapp=1&sender_device=pc,https://www.tiktok.com/@kaltimtoday.co/video/7619557752192683271?is_from_webapp=1&sender_device=pc,Responsivitas,Transparansi,Responsivitas,Responsivitas,Negatif,Positif,Negatif,Negatif,Responsivitas_Negatif,
512,@hatiyankterluka7,iya atuh kembalikan... jalannya yg dibenerin malu...,https://www.tiktok.com/@kaltimtoday.co/video/7619557752192683271?is_from_webapp=1&sender_device=pc,https://www.tiktok.com/@kaltimtoday.co/video/7619557752192683271?is_from_webapp=1&sender_device=pc,Efektivitas & Efisiensi,Efektivitas & Efisiensi,Efektivitas & Efisiensi,Efektivitas & Efisiensi,Negatif,Negatif,Negatif,Negatif,Efektivitas & Efisiensi_Negatif,
513,@queenridzka16,"masa harus di komplain presiden dulu, baru sadar.",https://www.tiktok.com/@kaltimtoday.co/video/7619557752192683271?is_from_webapp=1&sender_device=pc,https://www.tiktok.com/@kaltimtoday.co/video/7619557752192683271?is_from_webapp=1&sender_device=pc,Responsivitas,Responsivitas,Responsivitas,Responsivitas,Negatif,Negatif,Negatif,Negatif,Responsivitas_Negatif,
514,@dennn_1506,minta maaf bang bukan ngeles 😅,https://www.tiktok.com/@kaltimtoday.co/video/7619557752192683271?is_from_webapp=1&sender_device=pc,https://www.tiktok.com/@kaltimtoday.co/video/7619557752192683271?is_from_webapp=1&sender_device=pc,Responsivitas,Transparansi,Responsivitas,Responsivitas,Negatif,Negatif,Negatif,Negatif,Responsivitas_Negatif,
515,@idaites,cara jadi pejabat salah satunya adalah harus pandai ngeles,https://www.tiktok.com/@kaltimtoday.co/video/7619557752192683271?is_from_webapp=1&sender_device=pc,https://www.tiktok.com/@kaltimtoday.co/video/7619557752192683271?is_from_webapp=1&sender_device=pc,Responsivitas,Transparansi,Responsivitas,Responsivitas,Negatif,Negatif,Negatif,Negatif,Responsivitas_Negatif,
516,@jeer145,mobil nya masih ada kok ga mustahil dibalikan kan Marwah nya kemana,https://www.tiktok.com/@kaltimtoday.co/video/7619557752192683271?is_from_webapp=1&sender_device=pc,https://www.tiktok.com/@kaltimtoday.co/video/7619557752192683271?is_from_webapp=1&sender_device=pc,Transparansi,Transparansi,Transparansi,Transparansi,Negatif,Negatif,Negatif,Negatif,Transparansi_Negatif,
517,@percikan.apiooo,yang dibilang tentang mobil yang dia omong antah apa,https://www.tiktok.com/@kaltimtoday.co/video/7619557752192683271?is_from_webapp=1&sender_device=pc,https://www.tiktok.com/@kaltimtoday.co/video/7619557752192683271?is_from_webapp=1&sender_device=pc,Responsivitas,Transparansi,Responsivitas,Responsivitas,Negatif,Negatif,Negatif,Negatif,Responsivitas_Negatif,
518,@rivaldi7690,pas udah kena sindir presiden baru berubah😄,https://www.tiktok.com/@kaltimtoday.co/video/7619557752192683271?is_from_webapp=1&sender_device=pc,https://www.tiktok.com/@kaltimtoday.co/video/7619557752192683271?is_from_webapp=1&sender_device=pc,Responsivitas,Responsivitas,Responsivitas,Responsivitas,Negatif,Negatif,Negatif,Negatif,Responsivitas_Negatif,
519,@samsudinarif21,ini sistemnya gimna emang bisa mobil uda di beli dikembalikan,https://www.tiktok.com/@kaltimtoday.co/video/7619557752192683271?is_from_webapp=1&sender_device=pc,https://www.tiktok.com/@kaltimtoday.co/video/7619557752192683271?is_from_webapp=1&sender_device=pc,Transparansi,Transparansi,Transparansi,Transparansi,Negatif,Negatif,Negatif,Negatif,Transparansi_Negatif,
520,@phikrhighantheng,cuma di indo gubernur sama presiden saling sindir,https://www.tiktok.com/@kaltimtoday.co/video/7619557752192683271?is_from_webapp=1&sender_device=pc,https://www.tiktok.com/@kaltimtoday.co/video/7619557752192683271?is_from_webapp=1&sender_device=pc,Responsivitas,Transparansi,Responsivitas,Responsivitas,Negatif,Negatif,Negatif,Negatif,Responsivitas_Negatif,
521,@kinanditaamora,"Respon gubernurnya dinanti nih, semoga sentilan dari pusat ini bikin anggaran daerah jadi lebih efisien dan tepat sasaran.""",https://www.tiktok.com/@kaltimtoday.co/video/7619557752192683271?is_from_webapp=1&sender_device=pc,https://www.tiktok.com/@kaltimtoday.co/video/7619557752192683271?is_from_webapp=1&sender_device=pc,Efektivitas & Efisiensi,Responsivitas,Efektivitas & Efisiensi,Efektivitas & Efisiensi,Positif,Positif,Positif,Positif,Efektivitas & Efisiensi_Positif,
522,@ym_aprl,"Setelah teguran soal gaya hidup mewah di tengah lingkungan yang memprihatinkan, ia akhirnya memulangkan mobil seharga 8 miliar itu demi pembangunan masyarakat. Langkah yang terlihat bijak, namun pertanyaannya: apakah ini murni kesadaran nurani, atau sekadar strategi penyelamatan citra?",https://www.tiktok.com/@kaltimtoday.co/video/7619557752192683271?is_from_webapp=1&sender_device=pc,https://www.tiktok.com/@kaltimtoday.co/video/7619557752192683271?is_from_webapp=1&sender_device=pc,Akuntabilitas,Akuntabilitas,Akuntabilitas,Akuntabilitas,Negatif,Negatif,Negatif,Negatif,Akuntabilitas_Negatif,
523,@remon.clipper,"Bahasa pejabat tuh tamplate yak klo udh viral, pasti dalihnya saya akan membangun infrastruktur, pendidikan, kesehatan pdhl itu bahasa untuk menenangkan rakyat aja dan blm tentu dia lakukan jg🗿",https://www.tiktok.com/@kaltimtoday.co/video/7619557752192683271?is_from_webapp=1&sender_device=pc,https://www.tiktok.com/@kaltimtoday.co/video/7619557752192683271?is_from_webapp=1&sender_device=pc,Akuntabilitas,Transparansi,Akuntabilitas,Akuntabilitas,Negatif,Negatif,Negatif,Negatif,Akuntabilitas_Negatif,
524,@gooel337,Emang bisa dikembalikan gitu ya enak banget beli mobil di kaltim yakkk,https://www.tiktok.com/@kaltimtoday.co/video/7619557752192683271?is_from_webapp=1&sender_device=pc,https://www.tiktok.com/@kaltimtoday.co/video/7619557752192683271?is_from_webapp=1&sender_device=pc,Transparansi,Transparansi,Transparansi,Transparansi,Negatif,Negatif,Negatif,Negatif,Transparansi_Negatif,
525,@kangno763,mobil Sudah dibeli dan sudah dipakai. dibuktikan dengan sudah disaksikan oleh banyak masyarakat dan media lalu dikembalikan. emang semudah itu urusannya. boleh kan kami tidak percaya?,https://www.tiktok.com/@kaltimtoday.co/video/7619557752192683271?is_from_webapp=1&sender_device=pc,https://www.tiktok.com/@kaltimtoday.co/video/7619557752192683271?is_from_webapp=1&sender_device=pc,Transparansi,Transparansi,Transparansi,Transparansi,Negatif,Negatif,Negatif,Negatif,Transparansi_Negatif,
526,@ridho.14939,Klo sdh di beli kok di kembalikan.... syg pak... emang bisa dikembalikan uang nya pak... maaf klo salah.. 🙏,https://www.tiktok.com/@kaltimtoday.co/video/7619557752192683271?is_from_webapp=1&sender_device=pc,https://www.tiktok.com/@kaltimtoday.co/video/7619557752192683271?is_from_webapp=1&sender_device=pc,Transparansi,Transparansi,Responsivitas,Transparansi,Negatif,Negatif,Negatif,Negatif,Transparansi_Negatif,
527,@ailapyu_5,"masa harus viral dulu, baru klarifikasi wkwk",https://www.tiktok.com/@kaltimtoday.co/video/7619557752192683271?is_from_webapp=1&sender_device=pc,https://www.tiktok.com/@kaltimtoday.co/video/7619557752192683271?is_from_webapp=1&sender_device=pc,Responsivitas,Responsivitas,Responsivitas,Responsivitas,Negatif,Negatif,Negatif,Negatif,Responsivitas_Negatif,
528,@fahrriiii_,Mendengar aspirasi masyarakat apa aspirasi presiden 😂😂,https://www.tiktok.com/@kaltimtoday.co/video/7619557752192683271?is_from_webapp=1&sender_device=pc,https://www.tiktok.com/@kaltimtoday.co/video/7619557752192683271?is_from_webapp=1&sender_device=pc,Responsivitas,Responsivitas,Responsivitas,Responsivitas,Negatif,Negatif,Negatif,Negatif,Responsivitas_Negatif,
529,@riumasan,"hah ""kendaraan itu digunakan untuk membangun infrastruktur"" hah wtf? itu kendaraan apa dewa apa jangan optimus",https://www.tiktok.com/@kaltimtoday.co/video/7619557752192683271?is_from_webapp=1&sender_device=pc,https://www.tiktok.com/@kaltimtoday.co/video/7619557752192683271?is_from_webapp=1&sender_device=pc,Responsivitas,Transparansi,Responsivitas,Responsivitas,Negatif,Negatif,Negatif,Negatif,Responsivitas_Negatif,
530,@bintangg235,heleh... sudah seperti itu karena lu sudah dikritik sama pak prabowo,https://www.tiktok.com/@kaltimtoday.co/video/7619557752192683271?is_from_webapp=1&sender_device=pc,https://www.tiktok.com/@kaltimtoday.co/video/7619557752192683271?is_from_webapp=1&sender_device=pc,Responsivitas,Responsivitas,Responsivitas,Responsivitas,Negatif,Negatif,Negatif,Negatif,Responsivitas_Negatif,
531,@sembiring_360,"sebelum di kritik? kalau tidak dikritik? lanjut part tu , 🤣 💃",https://www.tiktok.com/@kaltimtoday.co/video/7619557752192683271?is_from_webapp=1&sender_device=pc,https://www.tiktok.com/@kaltimtoday.co/video/7619557752192683271?is_from_webapp=1&sender_device=pc,Responsivitas,Responsivitas,Responsivitas,Responsivitas,Negatif,Negatif,Negatif,Negatif,Responsivitas_Negatif,
532,@suantoanto6,betul sy pendukungnya pak gubernur mudah mudahan sehat2 selalu dan jgn mau terpancing akan sosmed yg membenci dan iri kepada pak gubernur dan keluarga besarnya,https://www.tiktok.com/@kaltimtoday.co/video/7619557752192683271?is_from_webapp=1&sender_device=pc,https://www.tiktok.com/@kaltimtoday.co/video/7619557752192683271?is_from_webapp=1&sender_device=pc,Akuntabilitas,Akuntabilitas,Akuntabilitas,Akuntabilitas,Positif,Positif,Positif,Positif,Akuntabilitas_Positif,
533,@izzazul2010,"sdh dibeli berarti, mau dikembalikan kemana gaes?",https://www.tiktok.com/@kaltimtoday.co/video/7619557752192683271?is_from_webapp=1&sender_device=pc,https://www.tiktok.com/@kaltimtoday.co/video/7619557752192683271?is_from_webapp=1&sender_device=pc,Transparansi,Transparansi,Transparansi,Transparansi,Negatif,Negatif,Negatif,Negatif,Transparansi_Negatif,
534,@lissetya0,trus kalau dibalikin gimana uangnya? bida balik brp? kalau dijual jd mobil second...siapa yg mau beli 8.5M..kok gk oake ota. wkt mengajuakannya,https://www.tiktok.com/@kaltimtoday.co/video/7619557752192683271?is_from_webapp=1&sender_device=pc,https://www.tiktok.com/@kaltimtoday.co/video/7619557752192683271?is_from_webapp=1&sender_device=pc,Transparansi,Transparansi,Transparansi,Transparansi,Negatif,Negatif,Negatif,Negatif,Transparansi_Negatif,
535,@qyuqyuma,Dikembaliin doang ? Berarti idah dibeli ???,https://www.tiktok.com/@kaltimtoday.co/video/7619557752192683271?is_from_webapp=1&sender_device=pc,https://www.tiktok.com/@kaltimtoday.co/video/7619557752192683271?is_from_webapp=1&sender_device=pc,Transparansi,Transparansi,Transparansi,Transparansi,Negatif,Negatif,Negatif,Negatif,Transparansi_Negatif,
536,@mcoudrey,Biar tidak seenaknya Pengadaan mobil pejabat harus di atur melalui peraturan menteri atau peraturan presiden,https://www.tiktok.com/@kaltimtoday.co/video/7619557752192683271?is_from_webapp=1&sender_device=pc,https://www.tiktok.com/@kaltimtoday.co/video/7619557752192683271?is_from_webapp=1&sender_device=pc,Efektivitas & Efisiensi,Transparansi,Efektivitas & Efisiensi,Efektivitas & Efisiensi,Negatif,Positif,Negatif,Negatif,Efektivitas & Efisiensi_Negatif,
537,@cat_biyen,"pejabat² sekarang modelnya tu TES OMBAK kalau ombaknya GK ada, dilanjutkan, kalau ombaknya besar, berhenti",https://www.tiktok.com/@kupaskaltim/video/7612447205139549460?is_from_webapp=1&sender_device=pc,https://www.tiktok.com/@kupaskaltim/video/7612447205139549460?is_from_webapp=1&sender_device=pc,Responsivitas,Responsivitas,Responsivitas,Responsivitas,Negatif,Negatif,Negatif,Negatif,Responsivitas_Negatif,
538,@hengky_tjong,MOBIL NYA UDH DIBELI DAN SDH ADA DIJAKRTA? TRS GMN CARA BATALKAN NYA PAK???,https://www.tiktok.com/@kupaskaltim/video/7612447205139549460?is_from_webapp=1&sender_device=pc,https://www.tiktok.com/@kupaskaltim/video/7612447205139549460?is_from_webapp=1&sender_device=pc,Transparansi,Transparansi,Transparansi,Transparansi,Negatif,Negatif,Negatif,Negatif,Transparansi_Negatif,
539,viedjbozque,Kan di batalkan lewat lisan toh media doang gampang 😁kenyataannya ya tetep d antar ke Kaltim mobilnya 🤭,https://www.tiktok.com/@kupaskaltim/video/7612447205139549460?is_from_webapp=1&sender_device=pc,https://www.tiktok.com/@kupaskaltim/video/7612447205139549460?is_from_webapp=1&sender_device=pc,Transparansi,Transparansi,Transparansi,Transparansi,Negatif,Negatif,Negatif,Negatif,Transparansi_Negatif,
540,da65914,klo gk di telpon kemendagri mngkn lolos itu barang🤣🤣...dpr sebagai wakil rakyat nyaris gk berfungsi...😂😂,https://www.tiktok.com/@kupaskaltim/video/7612447205139549460?is_from_webapp=1&sender_device=pc,https://www.tiktok.com/@kupaskaltim/video/7612447205139549460?is_from_webapp=1&sender_device=pc,Responsivitas,Responsivitas,Responsivitas,Responsivitas,Negatif,Negatif,Negatif,Negatif,Responsivitas_Negatif,
541,ikhsaninha2017,wah mantap kalau bgitu sekarang kalau ada pejabat yg neko-neko memang harus d viralin,https://www.tiktok.com/@kupaskaltim/video/7612447205139549460?is_from_webapp=1&sender_device=pc,https://www.tiktok.com/@kupaskaltim/video/7612447205139549460?is_from_webapp=1&sender_device=pc,Responsivitas,Responsivitas,Responsivitas,Responsivitas,Negatif,Positif,Negatif,Negatif,Responsivitas_Negatif,
542,lostqjuhk,"ini ma takut karena Sekjend partai meminta, kemarin2 suara rakyat kaltim katanya demi marwah kaltim, apa Gubernur hanya mau dengar suara partainya atau suara masyarakatnya sendiri😏",https://www.tiktok.com/@kupaskaltim/video/7612447205139549460?is_from_webapp=1&sender_device=pc,https://www.tiktok.com/@kupaskaltim/video/7612447205139549460?is_from_webapp=1&sender_device=pc,Responsivitas,Responsivitas,Akuntabilitas,Responsivitas,Negatif,Negatif,Negatif,Negatif,Responsivitas_Negatif,
543,juhaedi_suwardi,Na ini baru betul kami warga kaltim pribumi bukan mmbenci pejabat tapi sangat d sayangkan klu lbh mngutamakan kpentingan petinggi dripada kpntingan masyarakat 🙏🏻,https://www.tiktok.com/@kupaskaltim/video/7612447205139549460?is_from_webapp=1&sender_device=pc,https://www.tiktok.com/@kupaskaltim/video/7612447205139549460?is_from_webapp=1&sender_device=pc,Responsivitas,Responsivitas,Responsivitas,Responsivitas,Negatif,Positif,Negatif,Negatif,Responsivitas_Negatif,
544,asmiahachmad,Alhamdulillah bisa mendengar kritikan dari masyarakat dan mengambil keputusan yg bijak.,https://www.tiktok.com/@kupaskaltim/video/7612447205139549460?is_from_webapp=1&sender_device=pc,https://www.tiktok.com/@kupaskaltim/video/7612447205139549460?is_from_webapp=1&sender_device=pc,Responsivitas,Responsivitas,Responsivitas,Responsivitas,Positif,Positif,Positif,Positif,Responsivitas_Positif,
545,brigade902,"Ciiiieeeeee.... , setelah terjadi kegaduhan mobilnya dikembalikan.....😁😁😁😁😁",https://www.tiktok.com/@kupaskaltim/video/7612447205139549460?is_from_webapp=1&sender_device=pc,https://www.tiktok.com/@kupaskaltim/video/7612447205139549460?is_from_webapp=1&sender_device=pc,Responsivitas,Responsivitas,Responsivitas,Responsivitas,Negatif,Negatif,Negatif,Negatif,Responsivitas_Negatif,
546,basoacifitriv1,kalo ndak heboh dan viral pasti ente tetap jalan bro,https://www.tiktok.com/@kupaskaltim/video/7612447205139549460?is_from_webapp=1&sender_device=pc,https://www.tiktok.com/@kupaskaltim/video/7612447205139549460?is_from_webapp=1&sender_device=pc,Responsivitas,Responsivitas,Responsivitas,Responsivitas,Negatif,Negatif,Negatif,Negatif,Responsivitas_Negatif,
547,moeljikoen,siap pak gubernur..terima kasih atas semua kesadaran..kita hanya manusia biasa yang tak pernah luput dari kesalahan..lanjutkan 2 priode..kami tetap mendukungmu..,https://www.tiktok.com/@kupaskaltim/video/7612447205139549460?is_from_webapp=1&sender_device=pc,https://www.tiktok.com/@kupaskaltim/video/7612447205139549460?is_from_webapp=1&sender_device=pc,Responsivitas,Akuntabilitas,Responsivitas,Responsivitas,Positif,Positif,Positif,Positif,Responsivitas_Positif,
548,fransumbas7,klu uda ribut dan ketahuan baru membatalkan dan minta maaf. sebelumnya harus pikir dulu pak,https://www.tiktok.com/@kupaskaltim/video/7612447205139549460?is_from_webapp=1&sender_device=pc,https://www.tiktok.com/@kupaskaltim/video/7612447205139549460?is_from_webapp=1&sender_device=pc,Responsivitas,Responsivitas,Responsivitas,Responsivitas,Negatif,Negatif,Negatif,Negatif,Responsivitas_Negatif,
549,kang.suwun.2,knpa sih harus di kritik dulu baru berfikir.....,https://www.tiktok.com/@kupaskaltim/video/7612447205139549460?is_from_webapp=1&sender_device=pc,https://www.tiktok.com/@kupaskaltim/video/7612447205139549460?is_from_webapp=1&sender_device=pc,Responsivitas,Responsivitas,Responsivitas,Responsivitas,Negatif,Negatif,Negatif,Negatif,Responsivitas_Negatif,
550,elishaaa04,kalau g viral g batal,https://www.tiktok.com/@kupaskaltim/video/7612447205139549460?is_from_webapp=1&sender_device=pc,https://www.tiktok.com/@kupaskaltim/video/7612447205139549460?is_from_webapp=1&sender_device=pc,Responsivitas,Responsivitas,Responsivitas,Responsivitas,Negatif,Negatif,Negatif,Negatif,Responsivitas_Negatif,
551,tauhidhizam,"lahhh nnti di viral in kah pak, Bru sadar keresahan masyarakat di bwh",https://www.tiktok.com/@kupaskaltim/video/7612447205139549460?is_from_webapp=1&sender_device=pc,https://www.tiktok.com/@kupaskaltim/video/7612447205139549460?is_from_webapp=1&sender_device=pc,Responsivitas,Responsivitas,Responsivitas,Responsivitas,Negatif,Negatif,Negatif,Negatif,Responsivitas_Negatif,
552,burhan.riordan,SDH PIRAL BARU DI BATALKAN HEDEE.,https://www.tiktok.com/@kupaskaltim/video/7612447205139549460?is_from_webapp=1&sender_device=pc,https://www.tiktok.com/@kupaskaltim/video/7612447205139549460?is_from_webapp=1&sender_device=pc,Responsivitas,Responsivitas,Responsivitas,Responsivitas,Negatif,Negatif,Negatif,Negatif,Responsivitas_Negatif,
553,bari6820,gitu aja kalau rakyat gk teriak2 gk mikir,https://www.tiktok.com/@kupaskaltim/video/7612447205139549460?is_from_webapp=1&sender_device=pc,https://www.tiktok.com/@kupaskaltim/video/7612447205139549460?is_from_webapp=1&sender_device=pc,Responsivitas,Responsivitas,Responsivitas,Responsivitas,Negatif,Negatif,Negatif,Negatif,Responsivitas_Negatif,
554,campione37,"viral dulu baru ada pernyataan membatalkan mobil dinas 8,5 M🤣🤣🤣🤣",https://www.tiktok.com/@kupaskaltim/video/7612447205139549460?is_from_webapp=1&sender_device=pc,https://www.tiktok.com/@kupaskaltim/video/7612447205139549460?is_from_webapp=1&sender_device=pc,Responsivitas,Responsivitas,Responsivitas,Responsivitas,Negatif,Negatif,Negatif,Negatif,Responsivitas_Negatif,
555,cellae77,giliran ga jadi beli mobil berita di up... kemaren2 pas mau beli mobil pake dana APBD beritanya nda ad yg mau up🤦🤦,https://www.tiktok.com/@kupaskaltim/video/7612447205139549460?is_from_webapp=1&sender_device=pc,https://www.tiktok.com/@kupaskaltim/video/7612447205139549460?is_from_webapp=1&sender_device=pc,Transparansi,Transparansi,Transparansi,Transparansi,Negatif,Negatif,Negatif,Negatif,Transparansi_Negatif,
556,katarinawidodo,"Klo dah di beli,mobilnya untuk apa dan utk siapa pak, klo di jual ya rugi dong, trs kerugiannya siapa yg nanggung",https://www.tiktok.com/@kupaskaltim/video/7612447205139549460?is_from_webapp=1&sender_device=pc,https://www.tiktok.com/@kupaskaltim/video/7612447205139549460?is_from_webapp=1&sender_device=pc,Transparansi,Transparansi,Transparansi,Transparansi,Negatif,Negatif,Negatif,Negatif,Transparansi_Negatif,
557,leobanyuwangi72,"emang bisa di balikin kalau udah di beli,di balikin dengan harga 2,3m,rugi dong",https://www.tiktok.com/@kupaskaltim/video/7612447205139549460?is_from_webapp=1&sender_device=pc,https://www.tiktok.com/@kupaskaltim/video/7612447205139549460?is_from_webapp=1&sender_device=pc,Transparansi,Transparansi,Transparansi,Transparansi,Negatif,Negatif,Negatif,Negatif,Transparansi_Negatif,
558,petot7360,"gitu dong, kalo ga ada kritik akan ttp dilanjutin... 🤣",https://www.tiktok.com/@kupaskaltim/video/7612447205139549460?is_from_webapp=1&sender_device=pc,https://www.tiktok.com/@kupaskaltim/video/7612447205139549460?is_from_webapp=1&sender_device=pc,Responsivitas,Responsivitas,Responsivitas,Responsivitas,Negatif,Negatif,Negatif,Negatif,Responsivitas_Negatif,
559,reskiyantofajar,"apa iya...???🤣🤣🤣 aneh...🤣🤣🤣 mobil baru atau bekas...bisa dibalikin dan uangnya dikembalikan 8,5 M...100% ga percaya🤣🤣🤣",https://www.tiktok.com/@kompastv_jateng/video/7613321888445615381?q=pengembalian%20mobil%20dinas%20gubernur%20kaltim&t=1782020326231,https://www.tiktok.com/@kompastv_jateng/video/7613321888445615381?q=pengembalian%20mobil%20dinas%20gubernur%20kaltim&t=1782020326231,Transparansi,Transparansi,Transparansi,Transparansi,Negatif,Negatif,Negatif,Negatif,Transparansi_Negatif,
560,daydayat093,MANA BISA DIKEMBALIKAN. ITU SDH JADI BARANG SEKEN.,https://www.tiktok.com/@kompastv_jateng/video/7613321888445615381?q=pengembalian%20mobil%20dinas%20gubernur%20kaltim&t=1782020326232,https://www.tiktok.com/@kompastv_jateng/video/7613321888445615381?q=pengembalian%20mobil%20dinas%20gubernur%20kaltim&t=1782020326232,Transparansi,Transparansi,Transparansi,Transparansi,Negatif,Negatif,Negatif,Negatif,Transparansi_Negatif,
561,darto.juragan.som,"mobil udh terlanjur di beli, klopun dikembalikan ke dealer nya pasti hrg nya tinggal 5 M an 🤣",https://www.tiktok.com/@kompastv_jateng/video/7613321888445615381?q=pengembalian%20mobil%20dinas%20gubernur%20kaltim&t=1782020326233,https://www.tiktok.com/@kompastv_jateng/video/7613321888445615381?q=pengembalian%20mobil%20dinas%20gubernur%20kaltim&t=1782020326233,Transparansi,Transparansi,Transparansi,Transparansi,Negatif,Negatif,Negatif,Negatif,Transparansi_Negatif,
562,fitriwahyuni029,mobil dikembalikan uang full .berrti uangnya ada.kalo sampe jalannya GK diperbaiki harus dipertanyakan buat apa dan kemna uangnya,https://www.tiktok.com/@kompastv_jateng/video/7613321888445615381?q=pengembalian%20mobil%20dinas%20gubernur%20kaltim&t=1782020326234,https://www.tiktok.com/@kompastv_jateng/video/7613321888445615381?q=pengembalian%20mobil%20dinas%20gubernur%20kaltim&t=1782020326234,Transparansi,Transparansi,Transparansi,Transparansi,Negatif,Negatif,Negatif,Negatif,Transparansi_Negatif,
563,yong.ik,jd sdh dikembalikan mobil 8.5M... mobil itu mau diapain? ga jadi duit juga... tetap rugi lah,https://www.tiktok.com/@kompastv_jateng/video/7613321888445615381?q=pengembalian%20mobil%20dinas%20gubernur%20kaltim&t=1782020326235,https://www.tiktok.com/@kompastv_jateng/video/7613321888445615381?q=pengembalian%20mobil%20dinas%20gubernur%20kaltim&t=1782020326235,Transparansi,Transparansi,Transparansi,Transparansi,Negatif,Negatif,Negatif,Negatif,Transparansi_Negatif,
564,ucup_curut02,"kira² penyedia jasa ngembaliin utuh apa di kurangi, klo utuh apa ngk rugi??",https://www.tiktok.com/@kompastv_jateng/video/7613321888445615381?q=pengembalian%20mobil%20dinas%20gubernur%20kaltim&t=1782020326236,https://www.tiktok.com/@kompastv_jateng/video/7613321888445615381?q=pengembalian%20mobil%20dinas%20gubernur%20kaltim&t=1782020326236,Transparansi,Transparansi,Transparansi,Transparansi,Negatif,Negatif,Negatif,Negatif,Transparansi_Negatif,
565,zefanonathan,sesudah pengembalian langsung di cek aja pemasukannya,https://www.tiktok.com/@kompastv_jateng/video/7613321888445615381?q=pengembalian%20mobil%20dinas%20gubernur%20kaltim&t=1782020326237,https://www.tiktok.com/@kompastv_jateng/video/7613321888445615381?q=pengembalian%20mobil%20dinas%20gubernur%20kaltim&t=1782020326237,Transparansi,Transparansi,Transparansi,Transparansi,Negatif,Negatif,Negatif,Negatif,Transparansi_Negatif,
566,ormajem,gak mungkin duitnya dikembalikan 100% sudah pasti kerugian sudah,https://www.tiktok.com/@kompastv_jateng/video/7613321888445615381?q=pengembalian%20mobil%20dinas%20gubernur%20kaltim&t=1782020326238,https://www.tiktok.com/@kompastv_jateng/video/7613321888445615381?q=pengembalian%20mobil%20dinas%20gubernur%20kaltim&t=1782020326238,Transparansi,Transparansi,Transparansi,Transparansi,Negatif,Negatif,Negatif,Negatif,Transparansi_Negatif,
567,luisstevan,pantau trus msarakat kaltim...apa betul di kembalian👍👍👍😅😅😅😅,https://www.tiktok.com/@kompastv_jateng/video/7613321888445615381?q=pengembalian%20mobil%20dinas%20gubernur%20kaltim&t=1782020326239,https://www.tiktok.com/@kompastv_jateng/video/7613321888445615381?q=pengembalian%20mobil%20dinas%20gubernur%20kaltim&t=1782020326239,Transparansi,Responsivitas,Transparansi,Transparansi,Negatif,Negatif,Negatif,Negatif,Transparansi_Negatif,
568,dedeilham3236,giliran dh viral baru di kembalikan kmren2 kmna aja masa hrs viral dlu,https://www.tiktok.com/@kompastv_jateng/video/7613321888445615381?q=pengembalian%20mobil%20dinas%20gubernur%20kaltim&t=1782020326240,https://www.tiktok.com/@kompastv_jateng/video/7613321888445615381?q=pengembalian%20mobil%20dinas%20gubernur%20kaltim&t=1782020326240,Responsivitas,Responsivitas,Responsivitas,Responsivitas,Negatif,Negatif,Negatif,Negatif,Responsivitas_Negatif,
569,mas_syailen,"yang di krmbalikan warna item, yang lalu lalang warna putih 😭😭",https://www.tiktok.com/@beritakukar/video/7613011166838738196?q=respon%20mobil%20dinas%20gubernur%20kaltim&t=1782035858580,https://www.tiktok.com/@beritakukar/video/7613011166838738196?q=respon%20mobil%20dinas%20gubernur%20kaltim&t=1782035858580,Transparansi,Transparansi,Transparansi,Transparansi,Negatif,Negatif,Negatif,Negatif,Transparansi_Negatif,
570,intoniswan,"itu mobil sudah jadi aset daerah, kalau dikembalikan itu artinya penghapusan aset, menghapusnya haru minta persetujuan dprd kaltim dan kemendagri, untuk harganya ditaksir bpk.",https://www.tiktok.com/@media_kaltim/video/7614587024414264596?q=pengembalian%20mobil%20dinas%20gubernur%20kaltim&t=1782036551570,https://www.tiktok.com/@media_kaltim/video/7614587024414264596?q=pengembalian%20mobil%20dinas%20gubernur%20kaltim&t=1782036551570,Transparansi,Transparansi,Transparansi,Transparansi,Positif,Negatif,Positif,Positif,Transparansi_Positif,
571,julakuchup99,"Tau Kah Mekanisme Pengbalian Mobil Gimana? Mobil Udah Masuk Barang Second Jadi Harus Melalui Lelang Terbuka, Bukan Asal Main Balikin Aja Dikira Beli Baju Kah Bisa Dibalikin Semudah Itu",https://www.tiktok.com/@media_kaltim/video/7614587024414264596?q=pengembalian%20mobil%20dinas%20gubernur%20kaltim&t=1782036551570,https://www.tiktok.com/@media_kaltim/video/7614587024414264596?q=pengembalian%20mobil%20dinas%20gubernur%20kaltim&t=1782036551570,Transparansi,Transparansi,Transparansi,Transparansi,Negatif,Negatif,Negatif,Negatif,Transparansi_Negatif,
572,de_bogel86,Harus transparant tunjukan bukti pembatalan dan transparasi anggaran sebelum kepakai dan setelah kepakai itu sesuai nominalnya gk,https://www.tiktok.com/@media_kaltim/video/7614587024414264596?q=pengembalian%20mobil%20dinas%20gubernur%20kaltim&t=1782036551571,https://www.tiktok.com/@media_kaltim/video/7614587024414264596?q=pengembalian%20mobil%20dinas%20gubernur%20kaltim&t=1782036551571,Transparansi,Transparansi,Transparansi,Transparansi,Negatif,Negatif,Negatif,Negatif,Transparansi_Negatif,
573,irvan1984l,jangan cmn ngomong doang bu sekda kaltim kasi liat buktinya pengembalian k publik,https://www.tiktok.com/@media_kaltim/video/7614587024414264596?q=pengembalian%20mobil%20dinas%20gubernur%20kaltim&t=1782036551571,https://www.tiktok.com/@media_kaltim/video/7614587024414264596?q=pengembalian%20mobil%20dinas%20gubernur%20kaltim&t=1782036551571,Transparansi,Transparansi,Transparansi,Transparansi,Negatif,Negatif,Negatif,Negatif,Transparansi_Negatif,
574,h_71sty87,"di kembalikan kemana,, ke dialer,, itu yg harus di pertegas, atau di kembalikan ke pemda,,",https://www.tiktok.com/@ejen_randa92/photo/7613594360076274951?q=pengembalian%20mobil%20dinas%20gubernur%20kaltim&t=1782036551570,https://www.tiktok.com/@ejen_randa92/photo/7613594360076274951?q=pengembalian%20mobil%20dinas%20gubernur%20kaltim&t=1782036551570,Transparansi,Transparansi,Transparansi,Transparansi,Negatif,Negatif,Negatif,Negatif,Transparansi_Negatif,
575,agungunardiansya8,emang bisa mobil yg sudah dibeli bisa dikembalikan wkkwkwkw😂,https://www.tiktok.com/@ejen_randa92/photo/7613594360076274951?q=pengembalian%20mobil%20dinas%20gubernur%20kaltim&t=1782036551570,https://www.tiktok.com/@ejen_randa92/photo/7613594360076274951?q=pengembalian%20mobil%20dinas%20gubernur%20kaltim&t=1782036551570,Transparansi,Transparansi,Transparansi,Transparansi,Negatif,Negatif,Negatif,Negatif,Transparansi_Negatif,
576,putracakrawala731,"Ya walaupun bisa dikembalikan, harganya sdh anjlok banget,,🤣🤣 gk mungkin uang anggarannya bisa kembali 100%,,!!!😆😆🤣",https://www.tiktok.com/@infobenua/video/7612505722160549141?q=kembalikan%20mobil%20dinas%20kaltim&t=1782037779489,https://www.tiktok.com/@infobenua/video/7612505722160549141?q=kembalikan%20mobil%20dinas%20kaltim&t=1782037779489,Transparansi,Transparansi,Transparansi,Transparansi,Negatif,Negatif,Negatif,Negatif,Transparansi_Negatif,
577,uwenk74,nah kalo di kembalikan anggaran jd sisa berapa coba ngak mungkin donk barang sdh keluar dari penjual trus di kembalikan dengan harga yang sama,https://www.tiktok.com/@infobenua/video/7612505722160549141?q=kembalikan%20mobil%20dinas%20kaltim&t=1782037779489,https://www.tiktok.com/@infobenua/video/7612505722160549141?q=kembalikan%20mobil%20dinas%20kaltim&t=1782037779489,Transparansi,Transparansi,Transparansi,Transparansi,Negatif,Negatif,Negatif,Negatif,Transparansi_Negatif,
578,barikade007,no viral.. no action,https://www.tiktok.com/@infobenua/video/7612505722160549141?q=kembalikan%20mobil%20dinas%20kaltim&t=1782037779489,https://www.tiktok.com/@infobenua/video/7612505722160549141?q=kembalikan%20mobil%20dinas%20kaltim&t=1782037779489,Responsivitas,Responsivitas,Responsivitas,Responsivitas,Negatif,Negatif,Negatif,Negatif,Responsivitas_Negatif,
579,widodo.budi.santo67,"dikembalikan karena ditegur ditekan mendagri, bukan karena desakan dari masyarakat",https://www.tiktok.com/@infobenua/video/7612505722160549141?q=kembalikan%20mobil%20dinas%20kaltim&t=1782037779489,https://www.tiktok.com/@infobenua/video/7612505722160549141?q=kembalikan%20mobil%20dinas%20kaltim&t=1782037779489,Responsivitas,Responsivitas,Responsivitas,Responsivitas,Negatif,Negatif,Negatif,Negatif,Responsivitas_Negatif,
580,dayak_81,kalau tidak viral ga bakalan dikembalikan...,https://www.tiktok.com/@infobenua/video/7612505722160549141?q=kembalikan%20mobil%20dinas%20kaltim&t=1782037779489,https://www.tiktok.com/@infobenua/video/7612505722160549141?q=kembalikan%20mobil%20dinas%20kaltim&t=1782037779489,Responsivitas,Responsivitas,Responsivitas,Responsivitas,Negatif,Negatif,Negatif,Negatif,Responsivitas_Negatif,
581,lintang.t.y,"harus bngt nunggu rame dlu , baru di balikin😅🤣",https://www.tiktok.com/@infobenua/video/7612505722160549141?q=kembalikan%20mobil%20dinas%20kaltim&t=1782037779489,https://www.tiktok.com/@infobenua/video/7612505722160549141?q=kembalikan%20mobil%20dinas%20kaltim&t=1782037779489,Responsivitas,Responsivitas,Responsivitas,Responsivitas,Negatif,Negatif,Negatif,Negatif,Responsivitas_Negatif,
582,ade_ade89,percaya g mobil nya di kembalikan,https://www.tiktok.com/@infobenua/video/7612505722160549141?q=kembalikan%20mobil%20dinas%20kaltim&t=1782037779489,https://www.tiktok.com/@infobenua/video/7612505722160549141?q=kembalikan%20mobil%20dinas%20kaltim&t=1782037779489,Transparansi,Transparansi,Transparansi,Transparansi,Negatif,Negatif,Negatif,Negatif,Transparansi_Negatif,
583,vwxyz230,‘Mengembalikan’ nih maksudnya gimanee brook,https://www.tiktok.com/@infobenua/video/7612505722160549141?q=kembalikan%20mobil%20dinas%20kaltim&t=1782037779489,https://www.tiktok.com/@infobenua/video/7612505722160549141?q=kembalikan%20mobil%20dinas%20kaltim&t=1782037779489,Transparansi,Transparansi,Transparansi,Transparansi,Negatif,Negatif,Negatif,Negatif,Transparansi_Negatif,
584,aisyahfahra991,uangnya bisa utuh kembali g? jgn2 mobil nganggur dana terlanjur keluar,https://www.tiktok.com/@infobenua/video/7612505722160549141?q=kembalikan%20mobil%20dinas%20kaltim&t=1782037779489,https://www.tiktok.com/@infobenua/video/7612505722160549141?q=kembalikan%20mobil%20dinas%20kaltim&t=1782037779489,Transparansi,Transparansi,Transparansi,Transparansi,Negatif,Negatif,Negatif,Negatif,Transparansi_Negatif,
585,abdslm17,setelah rame br di kembalikan,https://www.tiktok.com/@infobenua/video/7612505722160549141?q=kembalikan%20mobil%20dinas%20kaltim&t=1782037779489,https://www.tiktok.com/@infobenua/video/7612505722160549141?q=kembalikan%20mobil%20dinas%20kaltim&t=1782037779489,Responsivitas,Responsivitas,Responsivitas,Responsivitas,Negatif,Negatif,Negatif,Negatif,Responsivitas_Negatif,
586,ferrisusanto1976,viral... jd dikembalikan.. 😂😂😂,https://www.tiktok.com/@infobenua/video/7612505722160549141?q=kembalikan%20mobil%20dinas%20kaltim&t=1782037779489,https://www.tiktok.com/@infobenua/video/7612505722160549141?q=kembalikan%20mobil%20dinas%20kaltim&t=1782037779489,Responsivitas,Responsivitas,Responsivitas,Responsivitas,Negatif,Negatif,Negatif,Negatif,Responsivitas_Negatif,
587,cahbagus_555,NUNGGU VIRAL!,https://www.tiktok.com/@infobenua/video/7612505722160549141?q=kembalikan%20mobil%20dinas%20kaltim&t=1782037779489,https://www.tiktok.com/@infobenua/video/7612505722160549141?q=kembalikan%20mobil%20dinas%20kaltim&t=1782037779489,Responsivitas,Responsivitas,Responsivitas,Responsivitas,Negatif,Negatif,Negatif,Negatif,Responsivitas_Negatif,
588,anisipa85,"yakin d kmblikn?? omong doang,g liat in dan g ada buktix klo mbilx d kmblikn",https://www.tiktok.com/@infobenua/video/7612505722160549141?q=kembalikan%20mobil%20dinas%20kaltim&t=1782037779489,https://www.tiktok.com/@infobenua/video/7612505722160549141?q=kembalikan%20mobil%20dinas%20kaltim&t=1782037779489,Transparansi,Transparansi,Transparansi,Transparansi,Negatif,Negatif,Negatif,Negatif,Transparansi_Negatif,
589,agust5758,"mobil sdh di beli dikembalikan?, pertanyaan-nya, apakah dealer mobil tsbt mau? kan terhitung 2nd?",https://www.tiktok.com/@kupaskaltim/photo/7612307523311340821?q=kembalikan%20mobil%20dinas%20kaltim&t=1782037779489,https://www.tiktok.com/@kupaskaltim/photo/7612307523311340821?q=kembalikan%20mobil%20dinas%20kaltim&t=1782037779489,Transparansi,Transparansi,Transparansi,Transparansi,Negatif,Negatif,Negatif,Negatif,Transparansi_Negatif,
590,riezha994,"Mobilnya dikembalikan trus duitnya? Emang mau dealer main retur gitu aja, lawak 😂😂😂",https://www.tiktok.com/@kupaskaltim/photo/7612307523311340821?q=kembalikan%20mobil%20dinas%20kaltim&t=1782037779489,https://www.tiktok.com/@kupaskaltim/photo/7612307523311340821?q=kembalikan%20mobil%20dinas%20kaltim&t=1782037779489,Transparansi,Transparansi,Transparansi,Transparansi,Negatif,Negatif,Negatif,Negatif,Transparansi_Negatif,
591,kusnanto7812,itu karna viral aja,https://www.tiktok.com/@kupaskaltim/photo/7612307523311340821?q=kembalikan%20mobil%20dinas%20kaltim&t=1782037779489,https://www.tiktok.com/@kupaskaltim/photo/7612307523311340821?q=kembalikan%20mobil%20dinas%20kaltim&t=1782037779489,Responsivitas,Responsivitas,Responsivitas,Responsivitas,Negatif,Negatif,Negatif,Negatif,Responsivitas_Negatif,