keyword,post_url,post_username,comment_username,comment_profile_url,comment_text,comment_like_count
mobil dinas gubernur kaltim,https://www.tiktok.com/@arteranews.id/video/7611460664074390804,@arteranews.id,@kmkm8468,https://www.tiktok.com/@kmkm8468,"Lebih heran lagi, masyarakat dan mahasiswa disana pada diam ga ada yg bersuara 2-27",1461
mobil dinas gubernur kaltim,https://www.tiktok.com/@arteranews.id/video/7611460664074390804,@arteranews.id,@sahidmridwan11,https://www.tiktok.com/@sahidmridwan11,"jgn di coblos lagi, cukup 1 periode 2-28",641
mobil dinas gubernur kaltim,https://www.tiktok.com/@arteranews.id/video/7611460664074390804,@arteranews.id,@wizzy_0104,https://www.tiktok.com/@wizzy_0104,udh muak bgt jadi WNI apalagi gubernur BANTEN.!🤣 2-27,378
mobil dinas gubernur kaltim,https://www.tiktok.com/@arteranews.id/video/7611460664074390804,@arteranews.id,@fox5treet,https://www.tiktok.com/@fox5treet,warga kaltim kemana?ngk protes? 2-28,17
mobil dinas gubernur kaltim,https://www.tiktok.com/@arteranews.id/video/7611460664074390804,@arteranews.id,@nurul_fg,https://www.tiktok.com/@nurul_fg,"Bukan klo mobil dinas platnya merah ya😁, kok ini putih 😬🫰🏻 semangat ya pak gubernurku🫶🏻 2-27",4
mobil dinas gubernur kaltim,https://www.tiktok.com/@arteranews.id/video/7611460664074390804,@arteranews.id,@agusprianto172,https://www.tiktok.com/@agusprianto172,"serius nanya, kok platnya putih? bukannya harusnya merah? terus yaa, INI RAKYAT KALTIM DIEM AJA SERIUS? KALIAN MUAK NGGA SI? 2-28",4
mobil dinas gubernur kaltim,https://www.tiktok.com/@arteranews.id/video/7611460664074390804,@arteranews.id,@hsisijsu,https://www.tiktok.com/@hsisijsu,kompak naik mobil Defender😂😂 2-28,9
mobil dinas gubernur kaltim,https://www.tiktok.com/@arteranews.id/video/7611460664074390804,@arteranews.id,@jio.agriffa,https://www.tiktok.com/@jio.agriffa,pantes aja banyak orang yang pengen lepas dari Indonesia orang pejabat nya aja gini😂 2-28,10
mobil dinas gubernur kaltim,https://www.tiktok.com/@arteranews.id/video/7611460664074390804,@arteranews.id,@trichardo0,https://www.tiktok.com/@trichardo0,buat apa jalan bagus 2-28,12
mobil dinas gubernur kaltim,https://www.tiktok.com/@arteranews.id/video/7611460664074390804,@arteranews.id,@hairul5333,https://www.tiktok.com/@hairul5333,Ayu ting ting naik grobak yg penting kita kopak .kocak bener deh jadi GUBERNUR🤣🤣 2-27,31
mobil dinas gubernur kaltim,https://www.tiktok.com/@arteranews.id/video/7611460664074390804,@arteranews.id,@sem66002,https://www.tiktok.com/@sem66002,gubernur lol 2-28,2
mobil dinas gubernur kaltim,https://www.tiktok.com/@arteranews.id/video/7611460664074390804,@arteranews.id,@bayzz_190,https://www.tiktok.com/@bayzz_190,mobil butut 4-23,1
mobil dinas gubernur kaltim,https://www.tiktok.com/@arteranews.id/video/7611460664074390804,@arteranews.id,@komentator433,https://www.tiktok.com/@komentator433,pemimpin sekarang kagak ada yang mikir rakyat 2-28,50
mobil dinas gubernur kaltim,https://www.tiktok.com/@arteranews.id/video/7611460664074390804,@arteranews.id,@lukasusman01,https://www.tiktok.com/@lukasusman01,Menyala Gubernur Kaltim 🤣.... 3-5,0
mobil dinas gubernur kaltim,https://www.tiktok.com/@arteranews.id/video/7611460664074390804,@arteranews.id,@sunride_21,https://www.tiktok.com/@sunride_21,"Harusnya rasain jadi warga, naik motor lewat situ, bukan duduk manis pake sopir 2-28",1
mobil dinas gubernur kaltim,https://www.tiktok.com/@arteranews.id/video/7611460664074390804,@arteranews.id,@alyasofi26,https://www.tiktok.com/@alyasofi26,diliatin banget kasta pejabat sama rakyatnya😭 yuk kpk bisa yukk 🙏 2-28,7
mobil dinas gubernur kaltim,https://www.tiktok.com/@arteranews.id/video/7611460664074390804,@arteranews.id,@bayiik13,https://www.tiktok.com/@bayiik13,plat putih??? 3-1,2
mobil dinas gubernur kaltim,https://www.tiktok.com/@arteranews.id/video/7611460664074390804,@arteranews.id,@yulie_36,https://www.tiktok.com/@yulie_36,ayu tingting gmw naek grobak pak 3-26,2
mobil dinas gubernur kaltim,https://www.tiktok.com/@arteranews.id/video/7611460664074390804,@arteranews.id,@ujngar01_,https://www.tiktok.com/@ujngar01_,"benerin jalan lah kocak malah beli mobil baru,agak Laen emng pemain satu ini 2-28",2
mobil dinas gubernur kaltim,https://www.tiktok.com/@arteranews.id/video/7611460664074390804,@arteranews.id,@rizalr_skidipapap,https://www.tiktok.com/@rizalr_skidipapap,kompak banget ngabisin duit rakyat 2-28,5
mobil dinas gubernur kaltim,https://www.tiktok.com/@detik.lebak/video/7612096372824608008,@detik.lebak,@mr.uloli,https://www.tiktok.com/@mr.uloli,8 miliar untuk aspal berapa kilo..? 3-1,2593
mobil dinas gubernur kaltim,https://www.tiktok.com/@detik.lebak/video/7612096372824608008,@detik.lebak,@catenzzo_store,https://www.tiktok.com/@catenzzo_store,indo ga akan maju kalo punya pemimpin seperti ini 3-1,2037
mobil dinas gubernur kaltim,https://www.tiktok.com/@detik.lebak/video/7612096372824608008,@detik.lebak,@kattathey,https://www.tiktok.com/@kattathey,orang kaltim mana nih kok diem aja🤣 3-1,534
mobil dinas gubernur kaltim,https://www.tiktok.com/@detik.lebak/video/7612096372824608008,@detik.lebak,@mahagraaaaa__,https://www.tiktok.com/@mahagraaaaa__,bro yang pake kendaraan apapun tetep berangkat 3-5,271
mobil dinas gubernur kaltim,https://www.tiktok.com/@detik.lebak/video/7612096372824608008,@detik.lebak,@aldo68307,https://www.tiktok.com/@aldo68307,pak presiden Prabowo Subianto kenapa diam saja 3-11,9
mobil dinas gubernur kaltim,https://www.tiktok.com/@detik.lebak/video/7612096372824608008,@detik.lebak,@alvin14572,https://www.tiktok.com/@alvin14572,gubernur kaltim utusan dari partai mana......? 3-1,30
mobil dinas gubernur kaltim,https://www.tiktok.com/@detik.lebak/video/7612096372824608008,@detik.lebak,@mas.langgg,https://www.tiktok.com/@mas.langgg,gubernur Kaltim kok di sandingin sama gubernur Jabar beda kelas jir🤣 3-1,238
mobil dinas gubernur kaltim,https://www.tiktok.com/@detik.lebak/video/7612096372824608008,@detik.lebak,@fanz6953,https://www.tiktok.com/@fanz6953,tombol riset gubernur kaltim 3-6,11
mobil dinas gubernur kaltim,https://www.tiktok.com/@detik.lebak/video/7612096372824608008,@detik.lebak,@rezaramdani251,https://www.tiktok.com/@rezaramdani251,"masa mobilnya bagus yang naiknya jelek, jangan dong 😌 3-20",20
mobil dinas gubernur kaltim,https://www.tiktok.com/@detik.lebak/video/7612096372824608008,@detik.lebak,@alviannn2,https://www.tiktok.com/@alviannn2,mana ni masyarakat Kaltim...👌 3-1,53
mobil dinas gubernur kaltim,https://www.tiktok.com/@detik.lebak/video/7612096372824608008,@detik.lebak,@tehpucukharum571,https://www.tiktok.com/@tehpucukharum571,"Mending gubernur gue , ladang ngonten pake benerin jalan 3-20",9
mobil dinas gubernur kaltim,https://www.tiktok.com/@detik.lebak/video/7612096372824608008,@detik.lebak,@saikotravel0,https://www.tiktok.com/@saikotravel0,waduhhh ngabisin agaran 3-3,14
mobil dinas gubernur kaltim,https://www.tiktok.com/@detik.lebak/video/7612096372824608008,@detik.lebak,@maufaal320,https://www.tiktok.com/@maufaal320,gue di Kaltim Wak😭 3-27,1
mobil dinas gubernur kaltim,https://www.tiktok.com/@detik.lebak/video/7612096372824608008,@detik.lebak,@mart7401,https://www.tiktok.com/@mart7401,warwah Kalimantan 3-4,3
mobil dinas gubernur kaltim,https://www.tiktok.com/@detik.lebak/video/7612096372824608008,@detik.lebak,@anglerboy009,https://www.tiktok.com/@anglerboy009,yg penting jalan di perbaiki kocak 🤣 3-11,2
mobil dinas gubernur kaltim,https://www.tiktok.com/@detik.lebak/video/7612096372824608008,@detik.lebak,@mahfudinabe,https://www.tiktok.com/@mahfudinabe,LEBIH KOPLAK NYA...TERPILIH😁😁😁 3-3,33
mobil dinas gubernur kaltim,https://www.tiktok.com/@detik.lebak/video/7612096372824608008,@detik.lebak,@jodhashaim18,https://www.tiktok.com/@jodhashaim18,warga nya....bayar pajak .cuma buat d nikmati pejabat nya. 3-2,42
mobil dinas gubernur kaltim,https://www.tiktok.com/@detik.lebak/video/7612096372824608008,@detik.lebak,@pawonbundnay,https://www.tiktok.com/@pawonbundnay,"Mobil 8 M, yg naik ala kadarnya😂 3-26",3
mobil dinas gubernur kaltim,https://www.tiktok.com/@detik.lebak/video/7612096372824608008,@detik.lebak,@krikillepas83,https://www.tiktok.com/@krikillepas83,3-1,20
mobil dinas gubernur kaltim,https://www.tiktok.com/@suka.otom0tif/video/7612478466214104328,@suka.otom0tif,@dexter.xixixi,https://www.tiktok.com/@dexter.xixixi,knp gak jalan nya aja yang di bnerin? 3-3,58
mobil dinas gubernur kaltim,https://www.tiktok.com/@suka.otom0tif/video/7612478466214104328,@suka.otom0tif,@aecs789,https://www.tiktok.com/@aecs789,"daripada beli tuh mobil mending benerin tuh jalan, kalo mau beli pun lu beli Ford raptor 1,5m dah bisa terabas² medan itu🗿 3-21",1
mobil dinas gubernur kaltim,https://www.tiktok.com/@suka.otom0tif/video/7612478466214104328,@suka.otom0tif,@ardhinatan17,https://www.tiktok.com/@ardhinatan17,jalanya pak yg dibenerin😅 3-3,2
mobil dinas gubernur kaltim,https://www.tiktok.com/@suka.otom0tif/video/7612478466214104328,@suka.otom0tif,@kekedavodka,https://www.tiktok.com/@kekedavodka,"JALANNYA YG DIBANGUN 😭 bukan MOBILNYA yg bagus !! Klau jalan nya bagus , mobil ayla juga nyaman jalan di situ pakkkk 4-23",3
mobil dinas gubernur kaltim,https://www.tiktok.com/@suka.otom0tif/video/7612478466214104328,@suka.otom0tif,@ahmad.maulana2864,https://www.tiktok.com/@ahmad.maulana2864,jalan nya yang di bagusin. bukan mobil ny yang di bagusin. ngak ada bagus bagus nya jadi pemimpin 3-9,1
mobil dinas gubernur kaltim,https://www.tiktok.com/@suka.otom0tif/video/7612478466214104328,@suka.otom0tif,@sro.sahyd,https://www.tiktok.com/@sro.sahyd,kumaha piikirana etta Gub 3-2,0
mobil dinas gubernur kaltim,https://www.tiktok.com/@suka.otom0tif/video/7612478466214104328,@suka.otom0tif,@solih_nigam,https://www.tiktok.com/@solih_nigam,sipaling Marwah😆 5-22,0
mobil dinas gubernur kaltim,https://www.tiktok.com/@suka.otom0tif/video/7612478466214104328,@suka.otom0tif,@deionevan,https://www.tiktok.com/@deionevan,rakyat kalimantan timurnya diem2 aja. stuju kali 3-3,8
mobil dinas gubernur kaltim,https://www.tiktok.com/@suka.otom0tif/video/7612478466214104328,@suka.otom0tif,@jumadimadie5,https://www.tiktok.com/@jumadimadie5,8.5 M mah jang jalan bae di bemeran pak 3-3,0
mobil dinas gubernur kaltim,https://www.tiktok.com/@suka.otom0tif/video/7612478466214104328,@suka.otom0tif,@bukanidaman_mu1,https://www.tiktok.com/@bukanidaman_mu1,nye nye nye nye 🤣 3-4,0
mobil dinas gubernur kaltim,https://www.tiktok.com/@suka.otom0tif/video/7612478466214104328,@suka.otom0tif,@reza.agustieawan,https://www.tiktok.com/@reza.agustieawan,"masa 8,5M 5-10",0
mobil dinas gubernur kaltim,https://www.tiktok.com/@suka.otom0tif/video/7612478466214104328,@suka.otom0tif,@juleyha22,https://www.tiktok.com/@juleyha22,mobil mahal..jalan kaya selokan😁😁😁..liat noh JKN KDM BIKIN MASARAKAT BETAH DN LNCAR👌👌😁😁WLWVDIA SLLU SINDIR BPK AING GUBENUR KONTEN...NOH DIA AFA......PINGIN KETAWAA NGKAKKAKKK 3-22,0
mobil dinas gubernur kaltim,https://www.tiktok.com/@suka.otom0tif/video/7612478466214104328,@suka.otom0tif,@dstnbrgf,https://www.tiktok.com/@dstnbrgf,Harusnya jalanya yang di perbagus bukan mobilnya 3-15,0
mobil dinas gubernur kaltim,https://www.tiktok.com/@suka.otom0tif/video/7612478466214104328,@suka.otom0tif,@oonxray,https://www.tiktok.com/@oonxray,kenapa ngak rubocon aja beli 3-20,0
mobil dinas gubernur kaltim,https://www.tiktok.com/@suka.otom0tif/video/7612478466214104328,@suka.otom0tif,@notimeforlove2005,https://www.tiktok.com/@notimeforlove2005,liat istrinya dlu 3-5,0
mobil dinas gubernur kaltim,https://www.tiktok.com/@suka.otom0tif/video/7612478466214104328,@suka.otom0tif,@renti_d,https://www.tiktok.com/@renti_d,Jalanya dibenarin 3-3,0
mobil dinas gubernur kaltim,https://www.tiktok.com/@suka.otom0tif/video/7612478466214104328,@suka.otom0tif,@erwinpurnama885,https://www.tiktok.com/@erwinpurnama885,jalan nya di perbaiki biar bisa make avanza 4-7,0
mobil dinas gubernur kaltim,https://www.tiktok.com/@suka.otom0tif/video/7612478466214104328,@suka.otom0tif,@azim.aiman0,https://www.tiktok.com/@azim.aiman0,jalannya Cok yg di benerin bukan kendaraannya lol 3-22,0
mobil dinas gubernur kaltim,https://www.tiktok.com/@suka.otom0tif/video/7612478466214104328,@suka.otom0tif,@bebensubandi723,https://www.tiktok.com/@bebensubandi723,wajar si jadinya kota ofrod 3-23,0
mobil dinas gubernur kaltim,https://www.tiktok.com/@suka.otom0tif/video/7612478466214104328,@suka.otom0tif,@udinjaya464,https://www.tiktok.com/@udinjaya464,iyaaa GK jalan nya aja di benarin 3-20,0
mobil dinas gubernur kaltim,https://www.tiktok.com/@beritasatuofficial/video/7619163357022997780,@beritasatuofficial,@mi.zmi,https://www.tiktok.com/@mi.zmi,di tindak pak bukan disindir 3-20 40.4K,
mobil dinas gubernur kaltim,https://www.tiktok.com/@beritasatuofficial/video/7619163357022997780,@beritasatuofficial,@papisultan82,https://www.tiktok.com/@papisultan82,"curhat Mulu ini presiden, byk ngomong drpd tindakan 3-20",9225
mobil dinas gubernur kaltim,https://www.tiktok.com/@beritasatuofficial/video/7619163357022997780,@beritasatuofficial,@sarusangelobilist,https://www.tiktok.com/@sarusangelobilist,700 jt jg udh mahal. pak 3-22,7
mobil dinas gubernur kaltim,https://www.tiktok.com/@beritasatuofficial/video/7619163357022997780,@beritasatuofficial,@walencoklat,https://www.tiktok.com/@walencoklat,"kalo nyindir"" doang mah tetangga gue sehari"" itu pak. 3-20",1833
mobil dinas gubernur kaltim,https://www.tiktok.com/@beritasatuofficial/video/7619163357022997780,@beritasatuofficial,@user2781329788492,https://www.tiktok.com/@user2781329788492,ngomong aja tindakan a GK ada ... 3-20,746
mobil dinas gubernur kaltim,https://www.tiktok.com/@beritasatuofficial/video/7619163357022997780,@beritasatuofficial,@ijun.adi,https://www.tiktok.com/@ijun.adi,"harusnya mobil2 pejabat dan mentri itu mobil avanza aja biar lebih merakyat, untuk apa yg mahal2 rakyat masi banyak yg lapar pak 3-20",7001
mobil dinas gubernur kaltim,https://www.tiktok.com/@beritasatuofficial/video/7619163357022997780,@beritasatuofficial,@wiidd.07_,https://www.tiktok.com/@wiidd.07_,"knp presiden naik mobil 700jt, sedangkan rakyatnya saja kredit motor listrik 3-21",1
mobil dinas gubernur kaltim,https://www.tiktok.com/@beritasatuofficial/video/7619163357022997780,@beritasatuofficial,@miozann_,https://www.tiktok.com/@miozann_,700 jt?? saya hanya motor 3 jt 3-22,6
mobil dinas gubernur kaltim,https://www.tiktok.com/@beritasatuofficial/video/7619163357022997780,@beritasatuofficial,@aditya.wiranata,https://www.tiktok.com/@aditya.wiranata,miris liat komen 3-20,2273
mobil dinas gubernur kaltim,https://www.tiktok.com/@beritasatuofficial/video/7619163357022997780,@beritasatuofficial,@temon_cio,https://www.tiktok.com/@temon_cio,Langsung aja sebut rudy mas'ud 3-20,4485
mobil dinas gubernur kaltim,https://www.tiktok.com/@beritasatuofficial/video/7619163357022997780,@beritasatuofficial,@anangjunisetia,https://www.tiktok.com/@anangjunisetia,ya allah 700 juta hanya? 3-21,8
mobil dinas gubernur kaltim,https://www.tiktok.com/@beritasatuofficial/video/7619163357022997780,@beritasatuofficial,@riko.azura,https://www.tiktok.com/@riko.azura,ekspresi rakyat nya 3-20,289
mobil dinas gubernur kaltim,https://www.tiktok.com/@beritasatuofficial/video/7619163357022997780,@beritasatuofficial,@chocomaltman,https://www.tiktok.com/@chocomaltman,"puncak komedinya ""saya ajaa cuman 700jt dia malah 8m🤣"" 3-20",16
mobil dinas gubernur kaltim,https://www.tiktok.com/@beritasatuofficial/video/7619163357022997780,@beritasatuofficial,@bung_hew,https://www.tiktok.com/@bung_hew,tegur ❎ sindir✅ 3-20,668
mobil dinas gubernur kaltim,https://www.tiktok.com/@beritasatuofficial/video/7619163357022997780,@beritasatuofficial,@beedvm,https://www.tiktok.com/@beedvm,"Pejabat itu mobilnya setarakan 200 jutaan saja, katanya efisiensi. 3-20",384
mobil dinas gubernur kaltim,https://www.tiktok.com/@beritasatuofficial/video/7619163357022997780,@beritasatuofficial,@sambyo83,https://www.tiktok.com/@sambyo83,[Stiker] gak usah ngomong pak... 3-20,27
mobil dinas gubernur kaltim,https://www.tiktok.com/@beritasatuofficial/video/7619163357022997780,@beritasatuofficial,@klimissantuy,https://www.tiktok.com/@klimissantuy,MBG ga di sindir pak wo 3-20,54
mobil dinas gubernur kaltim,https://www.tiktok.com/@beritasatuofficial/video/7619163357022997780,@beritasatuofficial,@latifa.azzahra322,https://www.tiktok.com/@latifa.azzahra322,itu bawahan anda pakk 3-20,54
mobil dinas gubernur kaltim,https://www.tiktok.com/@beritasatuofficial/video/7619163357022997780,@beritasatuofficial,@agensolo4,https://www.tiktok.com/@agensolo4,"lah lu kan presiden ,ya buat lah peraturan, jgn cm ngomong kosong 3-21",8
mobil dinas gubernur kaltim,https://www.tiktok.com/@beritasatuofficial/video/7619163357022997780,@beritasatuofficial,@asura11iow,https://www.tiktok.com/@asura11iow,BERAPA HEKTAR LAHAN PRABOWO 3-20,3
mobil dinas gubernur kaltim,https://www.tiktok.com/@paramedis_army/video/7640251593434221845,@imchika21,@novi78144,https://www.tiktok.com/@novi78144,kyk ridwan Kamil jg y... 5-24,1
mobil dinas gubernur kaltim,https://www.tiktok.com/@paramedis_army/video/7640251593434221845,@imchika21,@user41181127915946,https://www.tiktok.com/@user41181127915946,hebat abang ini 5-27,1
mobil dinas gubernur kaltim,https://www.tiktok.com/@paramedis_army/video/7640251593434221845,@imchika21,@enitribudiarti,https://www.tiktok.com/@enitribudiarti,setuju,0
mobil dinas gubernur kaltim,https://www.tiktok.com/@paramedis_army/video/7640251593434221845,@imchika21,@blasus36,https://www.tiktok.com/@blasus36,Se 7 5-16,0
mobil dinas gubernur kaltim,https://www.tiktok.com/@paramedis_army/video/7640251593434221845,@imchika21,@nurbinyahya,https://www.tiktok.com/@nurbinyahya,setujuuuuuu 5-16,2
mobil dinas gubernur kaltim,https://www.tiktok.com/@paramedis_army/video/7640251593434221845,@imchika21,@alfar8717,https://www.tiktok.com/@alfar8717,sip,0
mobil dinas gubernur kaltim,https://www.tiktok.com/@paramedis_army/video/7640251593434221845,@imchika21,@anandahumaira195,https://www.tiktok.com/@anandahumaira195,setuju7777777777777 5-16,0
mobil dinas gubernur kaltim,https://www.tiktok.com/@paramedis_army/video/7640251593434221845,@imchika21,@raja.mansur8,https://www.tiktok.com/@raja.mansur8,gasss aj pakkkk 5-17,0
mobil dinas gubernur kaltim,https://www.tiktok.com/@paramedis_army/video/7640251593434221845,@imchika21,@user660744906859,https://www.tiktok.com/@user660744906859,"seyuju,banget,,pak,tni,brafo, 5-16",0
mobil dinas gubernur kaltim,https://www.tiktok.com/@paramedis_army/video/7640251593434221845,@imchika21,@fairooo79990,https://www.tiktok.com/@fairooo79990,5-17,1
mobil dinas gubernur kaltim,https://www.tiktok.com/@paramedis_army/video/7640251593434221845,@imchika21,@al97present,https://www.tiktok.com/@al97present,Rudy mas’ud 5-17,1
mobil dinas gubernur kaltim,https://www.tiktok.com/@paramedis_army/video/7640251593434221845,@imchika21,@rafadavs2,https://www.tiktok.com/@rafadavs2,setuju pak 5-17,0
mobil dinas gubernur kaltim,https://www.tiktok.com/@paramedis_army/video/7640251593434221845,@imchika21,@sitirqfoppp,https://www.tiktok.com/@sitirqfoppp,setuju 5-18,1
mobil dinas gubernur kaltim,https://www.tiktok.com/@paramedis_army/video/7640251593434221845,@imchika21,@iis.winarti5,https://www.tiktok.com/@iis.winarti5,setujuuuuuuuu bingit 5-16,0
mobil dinas gubernur kaltim,https://www.tiktok.com/@paramedis_army/video/7640251593434221845,@imchika21,@oon.nurjanah16,https://www.tiktok.com/@oon.nurjanah16,setujuuuuuuui 5-17,0
mobil dinas gubernur kaltim,https://www.tiktok.com/@paramedis_army/video/7640251593434221845,@imchika21,@suwajidua,https://www.tiktok.com/@suwajidua,"setuju,777 5-16",0
mobil dinas gubernur kaltim,https://www.tiktok.com/@paramedis_army/video/7640251593434221845,@imchika21,@daffa.80.zl.ss,https://www.tiktok.com/@daffa.80.zl.ss,s7 bgt 5-16,0
mobil dinas gubernur kaltim,https://www.tiktok.com/@paramedis_army/video/7640251593434221845,@imchika21,@wati.065,https://www.tiktok.com/@wati.065,se 7777777 5-29,0
mobil dinas gubernur kaltim,https://www.tiktok.com/@paramedis_army/video/7640251593434221845,@imchika21,@maijah020,https://www.tiktok.com/@maijah020,srtuju 5-17,0
mobil dinas gubernur kaltim,https://www.tiktok.com/@paramedis_army/video/7640251593434221845,@imchika21,@charleswijaya.com,https://www.tiktok.com/@charleswijaya.com,[Stiker] 5-17,0
mobil dinas gubernur kaltim,https://www.tiktok.com/@fans_pak_prabowo/video/7621100320243928341,@fans_pak_prabowo,@bara_andara,https://www.tiktok.com/@bara_andara,masak mobil bagus yg naik mukanya ala kadarnya.. jangan dong 3-26 30.1K,
mobil dinas gubernur kaltim,https://www.tiktok.com/@fans_pak_prabowo/video/7621100320243928341,@fans_pak_prabowo,@yogijuliana2,https://www.tiktok.com/@yogijuliana2,Bro yang tetap OTW 3-28,7317
mobil dinas gubernur kaltim,https://www.tiktok.com/@fans_pak_prabowo/video/7621100320243928341,@fans_pak_prabowo,@gun.awan339,https://www.tiktok.com/@gun.awan339,mau buatan Indonesia tapi mobil kdmp belinya di luar negeri,0
mobil dinas gubernur kaltim,https://www.tiktok.com/@fans_pak_prabowo/video/7621100320243928341,@fans_pak_prabowo,@viona_octalani,https://www.tiktok.com/@viona_octalani,"banyak bgt PR pak Prabowo untuk memperbaiki keadaan Indonesia, tapi malah dihujat sma rakyat sendiri... 3-26",9363
mobil dinas gubernur kaltim,https://www.tiktok.com/@fans_pak_prabowo/video/7621100320243928341,@fans_pak_prabowo,@muhammadabdillah4915,https://www.tiktok.com/@muhammadabdillah4915,harga mobil maung 3-26,1369
mobil dinas gubernur kaltim,https://www.tiktok.com/@fans_pak_prabowo/video/7621100320243928341,@fans_pak_prabowo,@irpan_putra24,https://www.tiktok.com/@irpan_putra24,"masak mobil 8M dinaikin orang ala kadarnya, janganndong, kasihan mobilnya 3-26",5814
mobil dinas gubernur kaltim,https://www.tiktok.com/@fans_pak_prabowo/video/7621100320243928341,@fans_pak_prabowo,@ihsankamal,https://www.tiktok.com/@ihsankamal,Mana akun gubernur kaltim ges coba d tag 3-26,398
mobil dinas gubernur kaltim,https://www.tiktok.com/@fans_pak_prabowo/video/7621100320243928341,@fans_pak_prabowo,@reee.olve,https://www.tiktok.com/@reee.olve,Ala kadarnya jangan dong : 3-27,3161
mobil dinas gubernur kaltim,https://www.tiktok.com/@fans_pak_prabowo/video/7621100320243928341,@fans_pak_prabowo,@hafidh.alhanif,https://www.tiktok.com/@hafidh.alhanif,"@masa mobilnya bagus yang naiknya jelek jangan dong,jaga marwah mobilnya dong 3-25",3385
mobil dinas gubernur kaltim,https://www.tiktok.com/@fans_pak_prabowo/video/7621100320243928341,@fans_pak_prabowo,@dannyfebrian01,https://www.tiktok.com/@dannyfebrian01,masa presiden ngurusin mobil orang😅😂 3-25,53
mobil dinas gubernur kaltim,https://www.tiktok.com/@fans_pak_prabowo/video/7621100320243928341,@fans_pak_prabowo,@_ikramb0,https://www.tiktok.com/@_ikramb0,masa mobilnya mewah yg naik jlk. jngan dong.. 3-27,1187
mobil dinas gubernur kaltim,https://www.tiktok.com/@fans_pak_prabowo/video/7621100320243928341,@fans_pak_prabowo,@alvynn01_,https://www.tiktok.com/@alvynn01_,titik terendah di gosipin presiden 3-28,264
mobil dinas gubernur kaltim,https://www.tiktok.com/@fans_pak_prabowo/video/7621100320243928341,@fans_pak_prabowo,@perfume_senja,https://www.tiktok.com/@perfume_senja,"kemahalan 700 JT pak ,pake yg 15 juta kek semacam mobil sedan Timor yg murah 3-26",8
mobil dinas gubernur kaltim,https://www.tiktok.com/@fans_pak_prabowo/video/7621100320243928341,@fans_pak_prabowo,@sih.08_,https://www.tiktok.com/@sih.08_,kepala daerah kerjaanya apa mau tanyak . 3-26,272
mobil dinas gubernur kaltim,https://www.tiktok.com/@fans_pak_prabowo/video/7621100320243928341,@fans_pak_prabowo,@anny24384,https://www.tiktok.com/@anny24384,tidak di pecat yach Pak😅😅😅 3-26,7
mobil dinas gubernur kaltim,https://www.tiktok.com/@fans_pak_prabowo/video/7621100320243928341,@fans_pak_prabowo,@wahyou_di,https://www.tiktok.com/@wahyou_di,"makanya jgn kasi donk beli mobil 8m ,waduhhhh 3-25",28
mobil dinas gubernur kaltim,https://www.tiktok.com/@fans_pak_prabowo/video/7621100320243928341,@fans_pak_prabowo,@mucukun69,https://www.tiktok.com/@mucukun69,harga mobil maung 3-26,9
mobil dinas gubernur kaltim,https://www.tiktok.com/@fans_pak_prabowo/video/7621100320243928341,@fans_pak_prabowo,@habiebiemu,https://www.tiktok.com/@habiebiemu,Please Jaga Marwah ya guys 3-26,33
mobil dinas gubernur kaltim,https://www.tiktok.com/@fans_pak_prabowo/video/7621100320243928341,@fans_pak_prabowo,@ijorsboyyy_,https://www.tiktok.com/@ijorsboyyy_,dijaga dong marwah mobilnya masa mobilnya bagus yg naik jelek 3-28,237
mobil dinas gubernur kaltim,https://www.tiktok.com/@fans_pak_prabowo/video/7621100320243928341,@fans_pak_prabowo,@wentzy90,https://www.tiktok.com/@wentzy90,[Stiker] gua yang punya mobil 9m aja biasa aja padahal 3-27,11
mobil dinas gubernur kaltim,https://www.tiktok.com/@botakteras/video/7613416347250314517,@botakteras,@yusuframadhan741,https://www.tiktok.com/@yusuframadhan741,"bisa beli ini,juga pdhl 3-5",3390
mobil dinas gubernur kaltim,https://www.tiktok.com/@botakteras/video/7613416347250314517,@botakteras,@mannnnnnn_90s,https://www.tiktok.com/@mannnnnnn_90s,sekarang udah mulai masuk politik ye bang 3-4,3500
mobil dinas gubernur kaltim,https://www.tiktok.com/@botakteras/video/7613416347250314517,@botakteras,@mnurrahman20,https://www.tiktok.com/@mnurrahman20,"nah jalanya bang yg mau di lewatin mobil 8,5 m😳 3-5",542
mobil dinas gubernur kaltim,https://www.tiktok.com/@botakteras/video/7613416347250314517,@botakteras,@coklatpahit4650,https://www.tiktok.com/@coklatpahit4650,"mobil dipakai gak nyaman karena jalan berlubang, solusinya : BAIKIN JALANNYA ❌ GANTI MOBIL ✅ 3-5",1126
mobil dinas gubernur kaltim,https://www.tiktok.com/@botakteras/video/7613416347250314517,@botakteras,@ana.safitri973,https://www.tiktok.com/@ana.safitri973,gubernur Kaltim SDH kaya sebelum jdi gubernur 3-5,8
mobil dinas gubernur kaltim,https://www.tiktok.com/@botakteras/video/7613416347250314517,@botakteras,@yinnirl_1,https://www.tiktok.com/@yinnirl_1,tiktoknya gubernur kaltim apa? biar gw tag 3-5,177
mobil dinas gubernur kaltim,https://www.tiktok.com/@botakteras/video/7613416347250314517,@botakteras,@dampoklr99,https://www.tiktok.com/@dampoklr99,kaltim kalau mlm cantiknyaaaa wee😍 3-5,5
mobil dinas gubernur kaltim,https://www.tiktok.com/@botakteras/video/7613416347250314517,@botakteras,@bakoel.susuuht,https://www.tiktok.com/@bakoel.susuuht,"Ford Ranger Raptor 3.0 1,5 M masih dapat kembalian😅 3-7",12
mobil dinas gubernur kaltim,https://www.tiktok.com/@botakteras/video/7613416347250314517,@botakteras,@jupanaasih,https://www.tiktok.com/@jupanaasih,"Kami emang harus naik mobil 8,5m kak liat aja kami disamarinda emang bangsawan 🙏 3-5",35
mobil dinas gubernur kaltim,https://www.tiktok.com/@botakteras/video/7613416347250314517,@botakteras,@akumalaikat24,https://www.tiktok.com/@akumalaikat24,"tolong jangan sampai redup kasus ini, kami sebagai warga kaltim sudah bersuara tapi tetap di abaikan 😭 3-5",135
mobil dinas gubernur kaltim,https://www.tiktok.com/@botakteras/video/7613416347250314517,@botakteras,@niyazx20,https://www.tiktok.com/@niyazx20,aduh pulau gw 😂 3-4,531
mobil dinas gubernur kaltim,https://www.tiktok.com/@botakteras/video/7613416347250314517,@botakteras,@lutzs1_0,https://www.tiktok.com/@lutzs1_0,"500 nya beli Triton,,,,8 nya benerin jalan tuh jalan 3-10",21
mobil dinas gubernur kaltim,https://www.tiktok.com/@botakteras/video/7613416347250314517,@botakteras,@a.m.sangaji,https://www.tiktok.com/@a.m.sangaji,"Mobil 8,5 m nya dibawa jln"" ke ikn katanya mau di balikan eh malah ketahuan dibawa jln hebat pulau gue 3-5",191
mobil dinas gubernur kaltim,https://www.tiktok.com/@botakteras/video/7613416347250314517,@botakteras,@don2.sky,https://www.tiktok.com/@don2.sky,INGAT MARWA KATA NYA MARWA 😅 3-4,126
mobil dinas gubernur kaltim,https://www.tiktok.com/@botakteras/video/7613416347250314517,@botakteras,@lus_yana05,https://www.tiktok.com/@lus_yana05,izin 3-5,12
mobil dinas gubernur kaltim,https://www.tiktok.com/@botakteras/video/7613416347250314517,@botakteras,@bukan_siapasiapa865,https://www.tiktok.com/@bukan_siapasiapa865,"asli triton new ganteng bett, emg mitshubishi mau bikin mobilnya model dynamic shield 3-5",1
mobil dinas gubernur kaltim,https://www.tiktok.com/@botakteras/video/7613416347250314517,@botakteras,@iniirakaa,https://www.tiktok.com/@iniirakaa,"klo pake triton buat istrinya gk masuk bang, istri pak gubernurnya kan orang eropa bang 3-5",0
mobil dinas gubernur kaltim,https://www.tiktok.com/@botakteras/video/7613416347250314517,@botakteras,@segeeerde,https://www.tiktok.com/@segeeerde,"Triton double cabin,Hilux double cabin adlh mobil lapangan terbukti di kebun sawit jalan berlumpur,tanah liat,banjir bisa dilewati mbil tsb . 3-6",83
mobil dinas gubernur kaltim,https://www.tiktok.com/@botakteras/video/7613416347250314517,@botakteras,@firo.pro,https://www.tiktok.com/@firo.pro,aduh😹 3-7,2
mobil dinas gubernur kaltim,https://www.tiktok.com/@botakteras/video/7613416347250314517,@botakteras,@sndyrisky,https://www.tiktok.com/@sndyrisky,Pejabat naik mobil mewah rakyat nya jalan rusak parahh 3-4,82
mobil dinas gubernur kaltim,https://www.tiktok.com/@metropolitan.id/video/7610646870599175445,@metropolitan.id,@caddd18,https://www.tiktok.com/@caddd18,"masa rakyatnya di kasih jalan ala kadarnya, jgn dongggg 2-25 150.2K",
mobil dinas gubernur kaltim,https://www.tiktok.com/@metropolitan.id/video/7610646870599175445,@metropolitan.id,@atmajagirimartopawiro,https://www.tiktok.com/@atmajagirimartopawiro,auranya kuat sekali .... apakah kalian tau aura apa ? 2-25 17.2K,
mobil dinas gubernur kaltim,https://www.tiktok.com/@metropolitan.id/video/7610646870599175445,@metropolitan.id,@akbarry,https://www.tiktok.com/@akbarry,kenapa jangan? 2-26 28.8K,
mobil dinas gubernur kaltim,https://www.tiktok.com/@metropolitan.id/video/7610646870599175445,@metropolitan.id,@_xzx_8,https://www.tiktok.com/@_xzx_8,dimana2 jalan rusak di perbaiki bukanya malah update mobil🗿 2-25 71.4K,
mobil dinas gubernur kaltim,https://www.tiktok.com/@metropolitan.id/video/7610646870599175445,@metropolitan.id,@productcorporate,https://www.tiktok.com/@productcorporate,Emang ada pemimpin yg mementingkan rakyat nya? 2-25,4303
mobil dinas gubernur kaltim,https://www.tiktok.com/@metropolitan.id/video/7610646870599175445,@metropolitan.id,@idazah200882,https://www.tiktok.com/@idazah200882,"masa iya mobilnya mewah yg naik jelek, jgn doong 3-1",1392
mobil dinas gubernur kaltim,https://www.tiktok.com/@metropolitan.id/video/7610646870599175445,@metropolitan.id,@eyiiiiiinnnnn,https://www.tiktok.com/@eyiiiiiinnnnn,bener pak jangan pakai mobil jelek kasian kan bapak bawa ratu sofia 2-26,5226
mobil dinas gubernur kaltim,https://www.tiktok.com/@metropolitan.id/video/7610646870599175445,@metropolitan.id,@rockin_style8,https://www.tiktok.com/@rockin_style8,“Jangan dong” ga tau kenapa kesel aja denger bagian itu ada yang ngerasa sama ga ??? 2-25,5398
mobil dinas gubernur kaltim,https://www.tiktok.com/@metropolitan.id/video/7610646870599175445,@metropolitan.id,@muh._ilhaam,https://www.tiktok.com/@muh._ilhaam,"benerin jalannya pak, bukan mengganti mobilnya, akalnya di pake pak🙏 2-26",9676
mobil dinas gubernur kaltim,https://www.tiktok.com/@metropolitan.id/video/7610646870599175445,@metropolitan.id,@kujiro.co,https://www.tiktok.com/@kujiro.co,ngomong penting ❌ penting ngomong ✅ 2-25,15K
mobil dinas gubernur kaltim,https://www.tiktok.com/@metropolitan.id/video/7610646870599175445,@metropolitan.id,@user116829135,https://www.tiktok.com/@user116829135,bilang aja gengsi pakai mobil murah 2-25,3561
mobil dinas gubernur kaltim,https://www.tiktok.com/@metropolitan.id/video/7610646870599175445,@metropolitan.id,@ibnu17490,https://www.tiktok.com/@ibnu17490,kpk periksa ini orang udah 1 THN memimpin TDK ada perkembangan 2-27,902
mobil dinas gubernur kaltim,https://www.tiktok.com/@metropolitan.id/video/7610646870599175445,@metropolitan.id,@permenj4he,https://www.tiktok.com/@permenj4he,mas gibran pke zenix pak 😂😂 2-25,464
mobil dinas gubernur kaltim,https://www.tiktok.com/@metropolitan.id/video/7610646870599175445,@metropolitan.id,@generalkontraktor1,https://www.tiktok.com/@generalkontraktor1,"mobil a range rover autobiography...8.5 M,coba klo dana segitu buat bangun jalan rusak! 2-25",1043
mobil dinas gubernur kaltim,https://www.tiktok.com/@metropolitan.id/video/7610646870599175445,@metropolitan.id,@locoloco767,https://www.tiktok.com/@locoloco767,ikutin aja lah alurnya😌 2-26,854
mobil dinas gubernur kaltim,https://www.tiktok.com/@metropolitan.id/video/7610646870599175445,@metropolitan.id,@jumparli.sihotang,https://www.tiktok.com/@jumparli.sihotang,rakyat daerah mana yang tidak beruntung itu 2-25,419
mobil dinas gubernur kaltim,https://www.tiktok.com/@metropolitan.id/video/7610646870599175445,@metropolitan.id,@jawad666999,https://www.tiktok.com/@jawad666999,"ngapain range rover autobiography anjir, ya hilux aja atau ford predator 2-26",344
mobil dinas gubernur kaltim,https://www.tiktok.com/@metropolitan.id/video/7610646870599175445,@metropolitan.id,@yoonisya_,https://www.tiktok.com/@yoonisya_,ga suka sama bapak ini 2-26,1398
mobil dinas gubernur kaltim,https://www.tiktok.com/@metropolitan.id/video/7610646870599175445,@metropolitan.id,@jangan.perna.bosan,https://www.tiktok.com/@jangan.perna.bosan,iya btul itu pak masa gubernur Kaltim mobil ya jelek jaaaaangan dooong lebih baik jalan2 di Kaltim aja yang jelak dan rusak kalo mobil harus bagus 2-25,2224
mobil dinas gubernur kaltim,https://www.tiktok.com/@metropolitan.id/video/7610646870599175445,@metropolitan.id,@putraaval3,https://www.tiktok.com/@putraaval3,kalian kadang suka kesel ga sih dengan cara ngomongnya 2-25,308
mobil dinas gubernur kaltim,https://www.tiktok.com/@lensanalarcom/video/7610698043981090068,@lensanalarcom,@insancell83,https://www.tiktok.com/@insancell83,mobil nya bgus jlannya juga lebih bgus 2-25,4
mobil dinas gubernur kaltim,https://www.tiktok.com/@lensanalarcom/video/7610698043981090068,@lensanalarcom,@2k.vinzo,https://www.tiktok.com/@2k.vinzo,8.5 milyar bisa bangun jalan itu pak 2-25,6
mobil dinas gubernur kaltim,https://www.tiktok.com/@lensanalarcom/video/7610698043981090068,@lensanalarcom,@bongkrex3,https://www.tiktok.com/@bongkrex3,lebih tangguh hiluk dobel cabin🤣🤣 2-27,1
mobil dinas gubernur kaltim,https://www.tiktok.com/@lensanalarcom/video/7610698043981090068,@lensanalarcom,@orb_dark,https://www.tiktok.com/@orb_dark,"8.5 m bisa buat perbaiki jalan dulu pak bukan mobilnya yg sesuaikan jalannya, pakai mobil dinas yg lama dulu kalau memang betul2 mau mengabdi untuk masyarakat utamakan kepentingan rakyat apa yg dibutuhkan untuk bisa meningkatkan daerah & kemampuan ekonomi masyarakat. 2-26",0
mobil dinas gubernur kaltim,https://www.tiktok.com/@lensanalarcom/video/7610698043981090068,@lensanalarcom,@susi.afifah5,https://www.tiktok.com/@susi.afifah5,jalannya pak benerin bukan mobil mu tuh yg mahal jalannya amburadul 2-26,0
mobil dinas gubernur kaltim,https://www.tiktok.com/@lensanalarcom/video/7610698043981090068,@lensanalarcom,@bagloeg5,https://www.tiktok.com/@bagloeg5,mobil mahal jalan nya murahan 2-28,0
mobil dinas gubernur kaltim,https://www.tiktok.com/@lensanalarcom/video/7610698043981090068,@lensanalarcom,@biu.biu44,https://www.tiktok.com/@biu.biu44,sigra masih lewat itu 2-25,0
mobil dinas gubernur kaltim,https://www.tiktok.com/@lensanalarcom/video/7610698043981090068,@lensanalarcom,@kingawurpermana,https://www.tiktok.com/@kingawurpermana,marwah kok di mobil. di jalanan pak. 3-2,0
mobil dinas gubernur kaltim,https://www.tiktok.com/@lensanalarcom/video/7610698043981090068,@lensanalarcom,@tatolor,https://www.tiktok.com/@tatolor,itu yg belakang mobil biasa bisa lewat 3-1,0
mobil dinas gubernur kaltim,https://www.tiktok.com/@lensanalarcom/video/7610698043981090068,@lensanalarcom,@kt04204,https://www.tiktok.com/@kt04204,semewah apa mobilmu kl masuk jln di kaltim tak akan tembus bila ban nya pakai tipe AT kaltim coba anda perjalanan kluarkota samarinda mau arah timur utara dan barat 1jm perjalan anda pasti menghadapi jln berlubang di padahal itu jln propinsi.. 2-25,0
mobil dinas gubernur kaltim,https://www.tiktok.com/@beritakukar/video/7613011166838738196,@beritakukar,@roby_kushatanto,https://www.tiktok.com/@roby_kushatanto,plat nya kok gak ada di samsat online ya...apa saya yg salah 3-4,94
mobil dinas gubernur kaltim,https://www.tiktok.com/@beritakukar/video/7613011166838738196,@beritakukar,@dedy805859,https://www.tiktok.com/@dedy805859,ko Mendagri diam saja....😎🤔 3-4,54
mobil dinas gubernur kaltim,https://www.tiktok.com/@beritakukar/video/7613011166838738196,@beritakukar,@mas_syailen,https://www.tiktok.com/@mas_syailen,"yang di krmbalikan warna item, yang lalu lalang warna putih 😭😭 3-4",0
mobil dinas gubernur kaltim,https://www.tiktok.com/@beritakukar/video/7613011166838738196,@beritakukar,@lacthedemond,https://www.tiktok.com/@lacthedemond,sudah terbiasa liat mobil dinas di ganti plat biasa karna tetangga gua juga gitu udh di tegor juga ya percuma ga di denger alesannya pergi Dinas luar kota 3-4,1
mobil dinas gubernur kaltim,https://www.tiktok.com/@beritakukar/video/7613011166838738196,@beritakukar,@sangmantan898,https://www.tiktok.com/@sangmantan898,emang kpk berani menyelidiki masalah ini oh tidak 🤣🤣🤣 3-4,6
mobil dinas gubernur kaltim,https://www.tiktok.com/@beritakukar/video/7613011166838738196,@beritakukar,@useramp86moors,https://www.tiktok.com/@useramp86moors,kpk jgn tinggal diam 3-4,34
mobil dinas gubernur kaltim,https://www.tiktok.com/@beritakukar/video/7613011166838738196,@beritakukar,@scrane32,https://www.tiktok.com/@scrane32,"DPRD,GUBERNUR, SEKDA dan KOMINFO sepertinya pandai berAKTING masalah MOBIL 8,6 M. 3-4",2
mobil dinas gubernur kaltim,https://www.tiktok.com/@beritakukar/video/7613011166838738196,@beritakukar,@tukangkayuulin_ok,https://www.tiktok.com/@tukangkayuulin_ok,"jangan jangn tertipu kita kelihatan di kembalikan padahal ndak bisa di balikin, jadi di taruh di jakarta, krn mungkin ada yg jangal... jd tdk bisa di kembalikan... 3-4",0
mobil dinas gubernur kaltim,https://www.tiktok.com/@beritakukar/video/7613011166838738196,@beritakukar,@opyetea7,https://www.tiktok.com/@opyetea7,Mkya Seluruh Rakyat Indo Stop bayar Pajak. Apapun itu.💪🙏 3-4,11
mobil dinas gubernur kaltim,https://www.tiktok.com/@beritakukar/video/7613011166838738196,@beritakukar,@manwar3660,https://www.tiktok.com/@manwar3660,sepertinya malah tambah seru permainan baru dimulai 3-4,59
mobil dinas gubernur kaltim,https://www.tiktok.com/@beritakukar/video/7613011166838738196,@beritakukar,@dannylamoren,https://www.tiktok.com/@dannylamoren,KPK diam2 aja.. sudah dpt amplop coklat 3-4,23
mobil dinas gubernur kaltim,https://www.tiktok.com/@beritakukar/video/7613011166838738196,@beritakukar,@sabay.sabaruddin,https://www.tiktok.com/@sabay.sabaruddin,pemalsuan no polisi itu pidana 3-5,1
mobil dinas gubernur kaltim,https://www.tiktok.com/@beritakukar/video/7613011166838738196,@beritakukar,@raja_gavi,https://www.tiktok.com/@raja_gavi,😂😂😂 dikibulin pejabat pemprov n gubernurnya warga kaltim. 3-4,90
mobil dinas gubernur kaltim,https://www.tiktok.com/@beritakukar/video/7613011166838738196,@beritakukar,@fachry939,https://www.tiktok.com/@fachry939,liatin itu ad terdaftr d kpk atau tdk 3-4,6
mobil dinas gubernur kaltim,https://www.tiktok.com/@beritakukar/video/7613011166838738196,@beritakukar,@saifulbaqa12,https://www.tiktok.com/@saifulbaqa12,semua pandai bersilat lidah gubernurx ketua dprx sekdax smpai kasix jg bgtu 3-4,20
mobil dinas gubernur kaltim,https://www.tiktok.com/@beritakukar/video/7613011166838738196,@beritakukar,@papa.r3672,https://www.tiktok.com/@papa.r3672,Real.... kita ini sebenarnya sedang dijajah orang kita sendiri. 3-5,4
mobil dinas gubernur kaltim,https://www.tiktok.com/@beritakukar/video/7613011166838738196,@beritakukar,@anhari_li,https://www.tiktok.com/@anhari_li,"alasan saja lembali padahal tetap dipakai, kpk periksa guburnur kkn itu 3-4",1
mobil dinas gubernur kaltim,https://www.tiktok.com/@beritakukar/video/7613011166838738196,@beritakukar,@hettyrosita,https://www.tiktok.com/@hettyrosita,seru permainan baru gub Kaltim 🤣🤣 3-4,1
mobil dinas gubernur kaltim,https://www.tiktok.com/@beritakukar/video/7613011166838738196,@beritakukar,@mafioso3648,https://www.tiktok.com/@mafioso3648,wkwkkw warga KALTIM kena prank 3-4,1
mobil dinas gubernur kaltim,https://www.tiktok.com/@beritakukar/video/7613011166838738196,@beritakukar,@champred0,https://www.tiktok.com/@champred0,di kira rakyat gampang di bodohi.... 3-5,1
mobil dinas gubernur kaltim,https://www.tiktok.com/@jollyroger.strawhat/video/7614678060616404245,@jollyroger.strawhat,@yelou0211,https://www.tiktok.com/@yelou0211,mobil mewah jln di jln lumpur🤣🤣 5-6,1
mobil dinas gubernur kaltim,https://www.tiktok.com/@jollyroger.strawhat/video/7614678060616404245,@jollyroger.strawhat,@raditttq,https://www.tiktok.com/@raditttq,@@l 4-27,0
mobil dinas gubernur kaltim,https://www.tiktok.com/@jollyroger.strawhat/video/7614678060616404245,@jollyroger.strawhat,@mesiskahutagaol98,https://www.tiktok.com/@mesiskahutagaol98,menjijikkkkkan 5-5,2
mobil dinas gubernur kaltim,https://www.tiktok.com/@jollyroger.strawhat/video/7614678060616404245,@jollyroger.strawhat,@achmad.malik40,https://www.tiktok.com/@achmad.malik40,jangan dipilih lagil 5-24,0
mobil dinas gubernur kaltim,https://www.tiktok.com/@jollyroger.strawhat/video/7614678060616404245,@jollyroger.strawhat,@mr.phoe_,https://www.tiktok.com/@mr.phoe_,mobil dilembalikan lemana..... uangnya mana.... 5-24,0
mobil dinas gubernur kaltim,https://www.tiktok.com/@jollyroger.strawhat/video/7614678060616404245,@jollyroger.strawhat,@anitasari6134,https://www.tiktok.com/@anitasari6134,😂,0
mobil dinas gubernur kaltim,https://www.tiktok.com/@jollyroger.strawhat/video/7614678060616404245,@jollyroger.strawhat,@oberlinjerihu,https://www.tiktok.com/@oberlinjerihu,😂😂😂 5-20,0
mobil dinas gubernur kaltim,https://www.tiktok.com/@jollyroger.strawhat/video/7614678060616404245,@jollyroger.strawhat,@raditttq,https://www.tiktok.com/@raditttq,@@ 4-27,0
mobil dinas gubernur kaltim,https://www.tiktok.com/@jollyroger.strawhat/video/7614678060616404245,@jollyroger.strawhat,@raditttq,https://www.tiktok.com/@raditttq,@ 4-27,0
mobil dinas gubernur kaltim,https://www.tiktok.com/@jollyroger.strawhat/video/7614678060616404245,@jollyroger.strawhat,@raditttq,https://www.tiktok.com/@raditttq,@🏑 @🏑🔝 4-27,0
mobil dinas gubernur kaltim,https://www.tiktok.com/@jollyroger.strawhat/video/7614678060616404245,@jollyroger.strawhat,@ditgdhog,https://www.tiktok.com/@ditgdhog,dana pribadi blok 3-8,0
mobil dinas gubernur kaltim,https://www.tiktok.com/@themis.law3/video/7612442626234633480,@themis.law3,@eenjii641,https://www.tiktok.com/@eenjii641,"masa mobil bagus yang naik jelek, jaga dong marwah mobilnya 3-23 36.7K",
mobil dinas gubernur kaltim,https://www.tiktok.com/@themis.law3/video/7612442626234633480,@themis.law3,@iwanjane,https://www.tiktok.com/@iwanjane,Kenape lo usap hidung? 3-6,9566
mobil dinas gubernur kaltim,https://www.tiktok.com/@themis.law3/video/7612442626234633480,@themis.law3,@faradilaayaa,https://www.tiktok.com/@faradilaayaa,"mobil 8,5m yg naik jelek, marwah mobilnya gak dijaga 🥹 5-9",4930
mobil dinas gubernur kaltim,https://www.tiktok.com/@themis.law3/video/7612442626234633480,@themis.law3,@misbah.al.maliki,https://www.tiktok.com/@misbah.al.maliki,stop membuli..!! kalian TDK tau tentang rudi mas’ud kalian hanya melihat sisi buruknya saja..padahal sisi baiknya tidak ada... 4-27,397
mobil dinas gubernur kaltim,https://www.tiktok.com/@themis.law3/video/7612442626234633480,@themis.law3,@onehand008,https://www.tiktok.com/@onehand008,Halo 🤣 3-5,5760
mobil dinas gubernur kaltim,https://www.tiktok.com/@themis.law3/video/7612442626234633480,@themis.law3,@re_nathaayu,https://www.tiktok.com/@re_nathaayu,3-9,2081
mobil dinas gubernur kaltim,https://www.tiktok.com/@themis.law3/video/7612442626234633480,@themis.law3,@sandira.pasaribu,https://www.tiktok.com/@sandira.pasaribu,"masaaa iya mobilnya,, 8,5m jalannya rusak,,,, jangannn ,, dongg jaga marwah mobil nya 4-23",2448
mobil dinas gubernur kaltim,https://www.tiktok.com/@themis.law3/video/7612442626234633480,@themis.law3,@putri.almahyra25,https://www.tiktok.com/@putri.almahyra25,ngomongnya pinter bgt 😭 5-10,152
mobil dinas gubernur kaltim,https://www.tiktok.com/@themis.law3/video/7612442626234633480,@themis.law3,@setodyantara,https://www.tiktok.com/@setodyantara,iyain aja deh.. 🗿 3-21,1290
mobil dinas gubernur kaltim,https://www.tiktok.com/@themis.law3/video/7612442626234633480,@themis.law3,@artful0_0,https://www.tiktok.com/@artful0_0,"8,5 M benerin jalan tu bisa berkilo-kilo meter 4-13",396
mobil dinas gubernur kaltim,https://www.tiktok.com/@themis.law3/video/7612442626234633480,@themis.law3,@_beeyyyyy,https://www.tiktok.com/@_beeyyyyy,dulu yg milih siapa sih😂 4-29,51
mobil dinas gubernur kaltim,https://www.tiktok.com/@themis.law3/video/7612442626234633480,@themis.law3,@mapleleafdiary,https://www.tiktok.com/@mapleleafdiary,public speaking nya sangat bagusss 4-26,12
mobil dinas gubernur kaltim,https://www.tiktok.com/@themis.law3/video/7612442626234633480,@themis.law3,@frzyy95,https://www.tiktok.com/@frzyy95,iq gubernur Kaltim kira kira berapa ya??🤔🤔 3-7,211
mobil dinas gubernur kaltim,https://www.tiktok.com/@themis.law3/video/7612442626234633480,@themis.law3,@tetehaniliyani,https://www.tiktok.com/@tetehaniliyani,daripada buat mobilnya mending buat benerrin jalan nya x ya 😂😂😂 3-6,3435
mobil dinas gubernur kaltim,https://www.tiktok.com/@themis.law3/video/7612442626234633480,@themis.law3,@natte094,https://www.tiktok.com/@natte094,gw aja malu sama pemerintah gw sendiri di kaltim😂 3-22,72
mobil dinas gubernur kaltim,https://www.tiktok.com/@themis.law3/video/7612442626234633480,@themis.law3,@gabygeboy858,https://www.tiktok.com/@gabygeboy858,"mobil dipikirn penampilan no 1,kerja no sekian, 3-6",554
mobil dinas gubernur kaltim,https://www.tiktok.com/@themis.law3/video/7612442626234633480,@themis.law3,@sergiofernando921,https://www.tiktok.com/@sergiofernando921,"Masa iya mobilnya mahal dan bagus tapi yg naiknya jelek, jangan dong jaga marwah mobilnya 5-20",16
mobil dinas gubernur kaltim,https://www.tiktok.com/@themis.law3/video/7612442626234633480,@themis.law3,@liiann314,https://www.tiktok.com/@liiann314,"Mobil dinas apa kalau boleh tau yg seharga 8,5M ? Yg sportnya aja berkisaran 1M-5M itu udah bagus banget loh,kalau jenis sedan/jeep 8,5M apa yaah ?? 🤔🤔 3-6",60
mobil dinas gubernur kaltim,https://www.tiktok.com/@themis.law3/video/7612442626234633480,@themis.law3,@telusurisaja2,https://www.tiktok.com/@telusurisaja2,masak iya masak iya.. !!!!! marwahnya bukan di mobil pak.. ke sejahteraan rakyat kalimantan tuh marwah nya pak .. 3-6,1699
mobil dinas gubernur kaltim,https://www.tiktok.com/@themis.law3/video/7612442626234633480,@themis.law3,@maya.yes21,https://www.tiktok.com/@maya.yes21,masa mobil mewah yg naik jelek jaga donk marwah mobilnya 3-22,98
mobil dinas gubernur kaltim,https://www.tiktok.com/@tikuskokberdasi/video/7613343929244618005,@mata_publik_,@user1758633159158sohib,https://www.tiktok.com/@user1758633159158sohib,KALIMANTAN TIMUR SALAH PILIH GUBERNUR.... 3-6,55
mobil dinas gubernur kaltim,https://www.tiktok.com/@tikuskokberdasi/video/7613343929244618005,@mata_publik_,@efendiwahi,https://www.tiktok.com/@efendiwahi,copot gubernur ini...ajak DPRD utk demo 3-6,21
mobil dinas gubernur kaltim,https://www.tiktok.com/@tikuskokberdasi/video/7613343929244618005,@mata_publik_,@barry.gallen,https://www.tiktok.com/@barry.gallen,DPRD pasti sudah mengkaji dan menyetujui anggaran ini. Jadi secara administrasi pasti sudah aman 3-4,9
mobil dinas gubernur kaltim,https://www.tiktok.com/@tikuskokberdasi/video/7613343929244618005,@mata_publik_,@tristan_cakra,https://www.tiktok.com/@tristan_cakra,"Kaltim sekarang levelnya sudah internasional, fasilitasnya ya harus menyesuaikan standar global 3-4",2
mobil dinas gubernur kaltim,https://www.tiktok.com/@tikuskokberdasi/video/7613343929244618005,@mata_publik_,@jewawut13,https://www.tiktok.com/@jewawut13,masyarakat kaltim bangga punya gubernur itu pastinya 3-6,0
mobil dinas gubernur kaltim,https://www.tiktok.com/@tikuskokberdasi/video/7613343929244618005,@mata_publik_,@rafael.seidqi,https://www.tiktok.com/@rafael.seidqi,Gubernur itu representasi daerah 3-4,2
mobil dinas gubernur kaltim,https://www.tiktok.com/@tikuskokberdasi/video/7613343929244618005,@mata_publik_,@budi64_,https://www.tiktok.com/@budi64_,kayanya nyesel banget tuh yang pilih Dia jadi gubernur 😳😳😳😳😳 3-7,2
mobil dinas gubernur kaltim,https://www.tiktok.com/@tikuskokberdasi/video/7613343929244618005,@mata_publik_,@paman.sam38,https://www.tiktok.com/@paman.sam38,"salah pilih gubernur, logika nya dmna ya, jalan rusak malah beli mobil mewah, bukan jalan nya yg di betulin 3-7",1
mobil dinas gubernur kaltim,https://www.tiktok.com/@tikuskokberdasi/video/7613343929244618005,@mata_publik_,@bunda.tegas,https://www.tiktok.com/@bunda.tegas,kalau takut daerahnya kelihatan miskin... perbaiki dulu jalannya... 3-7,12
mobil dinas gubernur kaltim,https://www.tiktok.com/@tikuskokberdasi/video/7613343929244618005,@mata_publik_,@ddy_agus,https://www.tiktok.com/@ddy_agus,"Kalau memang sudah waktunya peremajaan sesuai aturan, ya silakan saja dilakukan 3-4",1
mobil dinas gubernur kaltim,https://www.tiktok.com/@tikuskokberdasi/video/7613343929244618005,@mata_publik_,@pakiwan1970,https://www.tiktok.com/@pakiwan1970,"rakyat Kaltim jangan protes dan kritik suara kalian sudah di beli dan bayar,! 3-4",1
mobil dinas gubernur kaltim,https://www.tiktok.com/@tikuskokberdasi/video/7613343929244618005,@mata_publik_,@aski.slto2,https://www.tiktok.com/@aski.slto2,malu sama Jawa barat jalan dah di benerin walaupun belum 100% 3-6,5
mobil dinas gubernur kaltim,https://www.tiktok.com/@tikuskokberdasi/video/7613343929244618005,@mata_publik_,@misana885,https://www.tiktok.com/@misana885,huhh 3-7,0
mobil dinas gubernur kaltim,https://www.tiktok.com/@tikuskokberdasi/video/7613343929244618005,@mata_publik_,@priambodobagas29,https://www.tiktok.com/@priambodobagas29,pemimpij yg mirip raja louis 14 di prancis ini 3-5,2
mobil dinas gubernur kaltim,https://www.tiktok.com/@tikuskokberdasi/video/7613343929244618005,@mata_publik_,@rumani.garmun,https://www.tiktok.com/@rumani.garmun,kpk perlu chek ni duit rakyat buat mewah2 an tp jlnan ampun 3-7,1
mobil dinas gubernur kaltim,https://www.tiktok.com/@tikuskokberdasi/video/7613343929244618005,@mata_publik_,@zorocodet71,https://www.tiktok.com/@zorocodet71,"Mana dipikirinnya, mikir kenyamanan sorang 3-30",1
mobil dinas gubernur kaltim,https://www.tiktok.com/@tikuskokberdasi/video/7613343929244618005,@mata_publik_,@harta_tahta_umroh,https://www.tiktok.com/@harta_tahta_umroh,MOBIL PRESIDEN AJA GA SEGITU😂 3-5,2
mobil dinas gubernur kaltim,https://www.tiktok.com/@tikuskokberdasi/video/7613343929244618005,@mata_publik_,@jiu.an.112233,https://www.tiktok.com/@jiu.an.112233,klu gini kan uda keliatan kan 🤣🤣🤣 3-7,3
mobil dinas gubernur kaltim,https://www.tiktok.com/@tikuskokberdasi/video/7613343929244618005,@mata_publik_,@feriferdiansyah1987,https://www.tiktok.com/@feriferdiansyah1987,"logikanya, harusnya jalan dlu di benerin baru beli mobil.. bapak anti mainstream pak,beda dr yg lain.. mungkin si bapak nya pengen coba jalan off-road.. 🤣🤣🤣🤣 3-7",0
mobil dinas gubernur kaltim,https://www.tiktok.com/@tikuskokberdasi/video/7613343929244618005,@mata_publik_,@irone4403,https://www.tiktok.com/@irone4403,salam .... nggarong lanjut 😎 3-6,1
mobil dinas gubernur kaltim,https://www.tiktok.com/@f.405_/video/7612591026666048789,@f.405_,@damarwulan2450,https://www.tiktok.com/@damarwulan2450,"kalau mau ngangkat Marwah masyrkat Kaltim jalannya di benerin , masyarakat nya di sejahterkn begitu bos..bukan mobil dinas mu saja yg yg di mewAhin... 3-3",90
mobil dinas gubernur kaltim,https://www.tiktok.com/@f.405_/video/7612591026666048789,@f.405_,@irian2019,https://www.tiktok.com/@irian2019,saya salut sama masyarakat Kaltim sangat sayang sama gubernurnya 3-7,7
mobil dinas gubernur kaltim,https://www.tiktok.com/@f.405_/video/7612591026666048789,@f.405_,@enipp70,https://www.tiktok.com/@enipp70,"8,5 milyar bs utk perbaikan jln pak 3-25",13
mobil dinas gubernur kaltim,https://www.tiktok.com/@f.405_/video/7612591026666048789,@f.405_,@fauzanov_azimov,https://www.tiktok.com/@fauzanov_azimov,marwahnya kamu 3-27,2
mobil dinas gubernur kaltim,https://www.tiktok.com/@f.405_/video/7612591026666048789,@f.405_,@man.maulana27,https://www.tiktok.com/@man.maulana27,pak utk jaga marwah tuh kaltim itu bikin maju kaltim bikin warga kaltim itu sejahteta perekonomian kaltim lbh baik lg bkn beli mobil itu see bkn jaga marwah kaltim 4-24,3
mobil dinas gubernur kaltim,https://www.tiktok.com/@f.405_/video/7612591026666048789,@f.405_,@madonkbeliyau,https://www.tiktok.com/@madonkbeliyau,wkwkwkkwk kaltim mmpunyai marwah jalanna rusak.... 3-3,5
mobil dinas gubernur kaltim,https://www.tiktok.com/@f.405_/video/7612591026666048789,@f.405_,@qadrie38,https://www.tiktok.com/@qadrie38,kalau saya jadi gerbur pasti saya betulkan jalan.. dri pada beli mobil mewah.. pakai mobil avzra cukup la 3-7,2
mobil dinas gubernur kaltim,https://www.tiktok.com/@f.405_/video/7612591026666048789,@f.405_,@penemu_rengginang0,https://www.tiktok.com/@penemu_rengginang0,"bagus lah, mumpung jadi pejabat, kapan lagi , kesempatan gak datang dua kali😂😂😂 3-2",17
mobil dinas gubernur kaltim,https://www.tiktok.com/@f.405_/video/7612591026666048789,@f.405_,@junaida.ida319,https://www.tiktok.com/@junaida.ida319,pakaian nya istrinya seperti putri Diana 3-11,2
mobil dinas gubernur kaltim,https://www.tiktok.com/@f.405_/video/7612591026666048789,@f.405_,@chandrah76,https://www.tiktok.com/@chandrah76,"KLO bisa Marwah jalan egk apa""yg penting gaya mobil dinas nya 3-25",2
mobil dinas gubernur kaltim,https://www.tiktok.com/@f.405_/video/7612591026666048789,@f.405_,@army16556,https://www.tiktok.com/@army16556,GEMES NGELIHAT NYA... IH GK TAU MAU KOMEN APA. SI MARWAH. AKU PANGGIL DIA SI MARWAH AJ LAH 3-27,2
mobil dinas gubernur kaltim,https://www.tiktok.com/@f.405_/video/7612591026666048789,@f.405_,@topik.hidayat.hid3,https://www.tiktok.com/@topik.hidayat.hid3,pecat 4-25,3
mobil dinas gubernur kaltim,https://www.tiktok.com/@f.405_/video/7612591026666048789,@f.405_,@tradingpvpsistemasi,https://www.tiktok.com/@tradingpvpsistemasi,marwah apa pak kerja mu jg apa 3-5,2
mobil dinas gubernur kaltim,https://www.tiktok.com/@f.405_/video/7612591026666048789,@f.405_,@masndung07,https://www.tiktok.com/@masndung07,jln dlu pak di perbaiki klo masalah mobil gampang katakn rental dlu panjero lah klo mau nijau capek deh 🤦‍♂️ 3-12,4
mobil dinas gubernur kaltim,https://www.tiktok.com/@f.405_/video/7612591026666048789,@f.405_,@vyxen061,https://www.tiktok.com/@vyxen061,cara ngomong nya manis ya 3-4,3
mobil dinas gubernur kaltim,https://www.tiktok.com/@f.405_/video/7612591026666048789,@f.405_,@ibu.priyo,https://www.tiktok.com/@ibu.priyo,"Lah gpp bang mobil jelek yg penting msh bisa d pake asal wilayahnya baik rapih jlnnya bagus & rakyatnya Senang hidupnya, pasti yg bagus kan para pejabatnya jg bnr g sih 5-12",1
mobil dinas gubernur kaltim,https://www.tiktok.com/@f.405_/video/7612591026666048789,@f.405_,@astika_giri,https://www.tiktok.com/@astika_giri,mantap pak Gubernur KDM. emang top 3-25,3
mobil dinas gubernur kaltim,https://www.tiktok.com/@f.405_/video/7612591026666048789,@f.405_,@aly.cross07,https://www.tiktok.com/@aly.cross07,marwah siapa pak.... marwah kaltim adalah masyarakatnya sejahtera pemimpinnya amanah pembangunan infrastruktur bagus..janji ditepati. 3-2,3
mobil dinas gubernur kaltim,https://www.tiktok.com/@f.405_/video/7612591026666048789,@f.405_,@gendut_85,https://www.tiktok.com/@gendut_85,"mobil pribadi, paham kan 3-4",1
mobil dinas gubernur kaltim,https://www.tiktok.com/@f.405_/video/7612591026666048789,@f.405_,@nunuk.nurmawati,https://www.tiktok.com/@nunuk.nurmawati,betul pak mumpung masih menjabat .kpan LG minta ke rakyat kalau pas nggk menjabat 🤭 3-6,1
mobil dinas gubernur kaltim,https://www.tiktok.com/@media_indonesia/video/7611183349964524821,@media_indonesia,@pemerhatikalaucocokjadi,https://www.tiktok.com/@pemerhatikalaucocokjadi,kebaya aja tp over power bgt cantiknya 2-27,26K
mobil dinas gubernur kaltim,https://www.tiktok.com/@media_indonesia/video/7611183349964524821,@media_indonesia,@bakol_cilik03,https://www.tiktok.com/@bakol_cilik03,Ibu wapres kita sederhana sekali 2-27,3850
mobil dinas gubernur kaltim,https://www.tiktok.com/@media_indonesia/video/7611183349964524821,@media_indonesia,@anindanie12,https://www.tiktok.com/@anindanie12,berasa kate middleton bgt dah 2-26 35.2K,
mobil dinas gubernur kaltim,https://www.tiktok.com/@media_indonesia/video/7611183349964524821,@media_indonesia,@ovi.yoon.noona,https://www.tiktok.com/@ovi.yoon.noona,ga ada fashion stylishnya kaah😭 2-27 30.9K,
mobil dinas gubernur kaltim,https://www.tiktok.com/@media_indonesia/video/7611183349964524821,@media_indonesia,@user365855489,https://www.tiktok.com/@user365855489,ini yg di resident evil kan ya 2-27,1412
mobil dinas gubernur kaltim,https://www.tiktok.com/@media_indonesia/video/7611183349964524821,@media_indonesia,@shanapuri,https://www.tiktok.com/@shanapuri,lagi maen ratu ratuan 🙈 2-27 16.1K,
mobil dinas gubernur kaltim,https://www.tiktok.com/@media_indonesia/video/7611183349964524821,@media_indonesia,@moutya25,https://www.tiktok.com/@moutya25,Ibu Maaf fashion nya ke sering Aku liat di kota tua jakarta 😌🙏🏻 2-27,9216
mobil dinas gubernur kaltim,https://www.tiktok.com/@media_indonesia/video/7611183349964524821,@media_indonesia,@vil4aaa_,https://www.tiktok.com/@vil4aaa_,Aura ngabisin duit kuat banget lagi wkwkwk 2-27,6961
mobil dinas gubernur kaltim,https://www.tiktok.com/@media_indonesia/video/7611183349964524821,@media_indonesia,@siswantiismid1,https://www.tiktok.com/@siswantiismid1,Cantikkan gubernur kami 🤩 2-27,1390
mobil dinas gubernur kaltim,https://www.tiktok.com/@media_indonesia/video/7611183349964524821,@media_indonesia,@titakumara01,https://www.tiktok.com/@titakumara01,warga kaltim yang sabar yak😭 2-27,4332
mobil dinas gubernur kaltim,https://www.tiktok.com/@media_indonesia/video/7611183349964524821,@media_indonesia,@azsra2010,https://www.tiktok.com/@azsra2010,dy mau jadi ap sih sbnernya😭😭 2-27,195
mobil dinas gubernur kaltim,https://www.tiktok.com/@media_indonesia/video/7611183349964524821,@media_indonesia,@lidiayolanda24,https://www.tiktok.com/@lidiayolanda24,aku yg org samarinda aja kekk malu 2-27,1352
mobil dinas gubernur kaltim,https://www.tiktok.com/@media_indonesia/video/7611183349964524821,@media_indonesia,@valata_nia,https://www.tiktok.com/@valata_nia,"jodoh adalah cerminan, gua percaya banget sama tuh kata kata kali ini🗿 2-27",513
mobil dinas gubernur kaltim,https://www.tiktok.com/@media_indonesia/video/7611183349964524821,@media_indonesia,@aadiioos62,https://www.tiktok.com/@aadiioos62,ngampung bgt 2-27,208
mobil dinas gubernur kaltim,https://www.tiktok.com/@media_indonesia/video/7611183349964524821,@media_indonesia,@xuxicarls,https://www.tiktok.com/@xuxicarls,dikira ini era Bridgerton kali😭 2-27,716
mobil dinas gubernur kaltim,https://www.tiktok.com/@media_indonesia/video/7611183349964524821,@media_indonesia,@yaelahbeb,https://www.tiktok.com/@yaelahbeb,Dia ikutin sherly tjoanda ya? 2-27,4
mobil dinas gubernur kaltim,https://www.tiktok.com/@media_indonesia/video/7611183349964524821,@media_indonesia,@neccakhere,https://www.tiktok.com/@neccakhere,Ntar waktu berbuka ajak gw balik ke sini lagi ya gimuys. Masih menjalankan ibadah puasa soalanya 2-27,373
mobil dinas gubernur kaltim,https://www.tiktok.com/@media_indonesia/video/7611183349964524821,@media_indonesia,@tantyhernand,https://www.tiktok.com/@tantyhernand,ada yg tau wafer nisin? 😭 2-27,113
mobil dinas gubernur kaltim,https://www.tiktok.com/@media_indonesia/video/7611183349964524821,@media_indonesia,@boudjang_desa,https://www.tiktok.com/@boudjang_desa,ngampung 2-27,74
mobil dinas gubernur kaltim,https://www.tiktok.com/@media_indonesia/video/7611183349964524821,@media_indonesia,@bigbearr23,https://www.tiktok.com/@bigbearr23,Kode minta tolong bukan sih? 2-27,18
mobil dinas gubernur kaltim,https://www.tiktok.com/@ae_affiliat/video/7612919691111107848,@ae_affiliat,@outofthebox404,https://www.tiktok.com/@outofthebox404,"sibuk jaga marwah, rakyatnya hampir jadi arwah 3-3",1167
mobil dinas gubernur kaltim,https://www.tiktok.com/@ae_affiliat/video/7612919691111107848,@ae_affiliat,@enal_epponabbas,https://www.tiktok.com/@enal_epponabbas,jujur saya kelahiran Kaltim.. sangat malu dengan hujatan warga net... kpan yah punya pemimpin kaya KDM... 3-4,365
mobil dinas gubernur kaltim,https://www.tiktok.com/@ae_affiliat/video/7612919691111107848,@ae_affiliat,@anifamufida,https://www.tiktok.com/@anifamufida,pemimpin seperti ini kok malah di pilih ... kasian rakyat lagi lagi tertipu 3-5,56
mobil dinas gubernur kaltim,https://www.tiktok.com/@ae_affiliat/video/7612919691111107848,@ae_affiliat,@ernawita85,https://www.tiktok.com/@ernawita85,"𝙹𝚕𝚗 𝚁𝚞𝚜𝚊𝚔 𝙶𝚔 𝙼𝚊𝚜𝚊𝚕𝚊𝚑,𝚈𝚐 𝚙𝚗𝚝𝚒𝚗𝚐 𝚋𝚒𝚗𝚒 𝚙𝚊𝚔𝚊𝚒 𝚖𝚊𝚑𝚔𝚘𝚝𝚊😂😂😂 3-4",88
mobil dinas gubernur kaltim,https://www.tiktok.com/@ae_affiliat/video/7612919691111107848,@ae_affiliat,@noviaaa72_,https://www.tiktok.com/@noviaaa72_,KPK mana 3-3,107
mobil dinas gubernur kaltim,https://www.tiktok.com/@ae_affiliat/video/7612919691111107848,@ae_affiliat,@kokosalim23,https://www.tiktok.com/@kokosalim23,menjaga marwah keluarganya 😂 3-3,218
mobil dinas gubernur kaltim,https://www.tiktok.com/@ae_affiliat/video/7612919691111107848,@ae_affiliat,@dhewspt,https://www.tiktok.com/@dhewspt,"@🌍:🤣🤣🤣🤣 GUBERNUR KALTIM Rudy Mas'ud, ISTRI GUBERNUR KALTIM Sarifah Suraidah (Anggota DPR RI), KETUA DPRD KALTIM Hasan Mas'ud, WALIKOTA BALIKPAPAN Rahmad Mas'ud, KETUA KADIM Putri Amanda Nurrahmadi (KATANYA KEPONAKAN), MANTAN BUPATI PENAJAM PASER UTARA Abdul Gafur Mas'ud (OTT KPK).... 3-5",18
mobil dinas gubernur kaltim,https://www.tiktok.com/@ae_affiliat/video/7612919691111107848,@ae_affiliat,@muhammd_daffa5,https://www.tiktok.com/@muhammd_daffa5,"org Kaltim asli cuma Diam ngk mau koment apa""👍 3-4",25
mobil dinas gubernur kaltim,https://www.tiktok.com/@ae_affiliat/video/7612919691111107848,@ae_affiliat,@wiwin3084,https://www.tiktok.com/@wiwin3084,cukup 1 priode z ya 3-4,6
mobil dinas gubernur kaltim,https://www.tiktok.com/@ae_affiliat/video/7612919691111107848,@ae_affiliat,@petrus_dmofers,https://www.tiktok.com/@petrus_dmofers,media lokalnya mana? 3-4,2
mobil dinas gubernur kaltim,https://www.tiktok.com/@ae_affiliat/video/7612919691111107848,@ae_affiliat,@hajicicik,https://www.tiktok.com/@hajicicik,yg pentg istrix bajux mahal2😂😂😂 3-5,3
mobil dinas gubernur kaltim,https://www.tiktok.com/@ae_affiliat/video/7612919691111107848,@ae_affiliat,@paanebharra,https://www.tiktok.com/@paanebharra,kasian warga kalimantan punya pemimpin seperti ini🥺🥺😭😭 3-5,12
mobil dinas gubernur kaltim,https://www.tiktok.com/@ae_affiliat/video/7612919691111107848,@ae_affiliat,@ugiesy54967,https://www.tiktok.com/@ugiesy54967,emang siapa sih gubernur kaltim. (kebingungan) 3-4,2
mobil dinas gubernur kaltim,https://www.tiktok.com/@ae_affiliat/video/7612919691111107848,@ae_affiliat,@umi.maimunah1,https://www.tiktok.com/@umi.maimunah1,"pikiraranya gubernur Kaltim lgi rusak ,,sm kyk jln nya 3-4",41
mobil dinas gubernur kaltim,https://www.tiktok.com/@ae_affiliat/video/7612919691111107848,@ae_affiliat,@klik_fb,https://www.tiktok.com/@klik_fb,sudah nampak lebih mementingkan diri sendiri dari pada rakyat 3-4,14
mobil dinas gubernur kaltim,https://www.tiktok.com/@ae_affiliat/video/7612919691111107848,@ae_affiliat,@ulynapitu,https://www.tiktok.com/@ulynapitu,mobilnya SDH di kembalikan...beliau Baru nyadar rakyat Kaltim msh bnyak di garis kemiskinan 3-4,3
mobil dinas gubernur kaltim,https://www.tiktok.com/@ae_affiliat/video/7612919691111107848,@ae_affiliat,@w.19_b1o,https://www.tiktok.com/@w.19_b1o,BAWA2 KATA MARWAH ....🤣🤣 3-4,16
mobil dinas gubernur kaltim,https://www.tiktok.com/@ae_affiliat/video/7612919691111107848,@ae_affiliat,@m.panjaitan.86,https://www.tiktok.com/@m.panjaitan.86,marwah sampai segitu yang nama nya marwah ya🤣🤣🤣 3-3,16
mobil dinas gubernur kaltim,https://www.tiktok.com/@ae_affiliat/video/7612919691111107848,@ae_affiliat,@ajol15,https://www.tiktok.com/@ajol15,si gubernur tukang makan marwah😂😅. 3-4,19
mobil dinas gubernur kaltim,https://www.tiktok.com/@ae_affiliat/video/7612919691111107848,@ae_affiliat,@zainal.habdi,https://www.tiktok.com/@zainal.habdi,jln dari alrah ke kubar. rusak parah. kasian driver pemburu dolar tetkendala 3-4,8
mobil dinas gubernur kaltim,https://www.tiktok.com/@isunegeri/video/7640416348702625040,@isunegeri,@verlyanaa,https://www.tiktok.com/@verlyanaa,😂😂😂 5-16,0
mobil dinas gubernur kaltim,https://www.tiktok.com/@keadilanfiktif/video/7615447599402798357,@keadilanfiktif,@riyangriyang8,https://www.tiktok.com/@riyangriyang8,KPK mana 3-13,9
mobil dinas gubernur kaltim,https://www.tiktok.com/@keadilanfiktif/video/7615447599402798357,@keadilanfiktif,@ajo.tarigan,https://www.tiktok.com/@ajo.tarigan,"bukan kau saja gubenur, lihatlah mobil dinas gubenur lain 3-27",0
mobil dinas gubernur kaltim,https://www.tiktok.com/@keadilanfiktif/video/7615447599402798357,@keadilanfiktif,@wongkutai1331,https://www.tiktok.com/@wongkutai1331,Tanya sama Partai Pengusung nya 3-10,1
mobil dinas gubernur kaltim,https://www.tiktok.com/@keadilanfiktif/video/7615447599402798357,@keadilanfiktif,@esdawetrizqi,https://www.tiktok.com/@esdawetrizqi,"Marwah itu dari pola pikir untuk masyarakat nya,gimana cara nya'masyarakat nya sejahtera.kalo mobil itu nama nya menyenangkan diri sendiri,dan untuk pribadi. 3-28",1
mobil dinas gubernur kaltim,https://www.tiktok.com/@keadilanfiktif/video/7615447599402798357,@keadilanfiktif,@langkarae,https://www.tiktok.com/@langkarae,bosan 3-30,1
mobil dinas gubernur kaltim,https://www.tiktok.com/@keadilanfiktif/video/7615447599402798357,@keadilanfiktif,@saidahida1804,https://www.tiktok.com/@saidahida1804,mana suaranya KPK 4-21,1
mobil dinas gubernur kaltim,https://www.tiktok.com/@keadilanfiktif/video/7615447599402798357,@keadilanfiktif,@meghan0972,https://www.tiktok.com/@meghan0972,publik kaltim kemane ya 3-10,8
mobil dinas gubernur kaltim,https://www.tiktok.com/@keadilanfiktif/video/7615447599402798357,@keadilanfiktif,@mamahhucun,https://www.tiktok.com/@mamahhucun,Wooohhh... 3-22,1
mobil dinas gubernur kaltim,https://www.tiktok.com/@keadilanfiktif/video/7615447599402798357,@keadilanfiktif,@yog7188,https://www.tiktok.com/@yog7188,apalah artinya hidup mewah kalau di atas penderitaan rakyatnya. 3-29,0
mobil dinas gubernur kaltim,https://www.tiktok.com/@keadilanfiktif/video/7615447599402798357,@keadilanfiktif,@sofieyanayana,https://www.tiktok.com/@sofieyanayana,kpk lagi tidur 5-4,0
mobil dinas gubernur kaltim,https://www.tiktok.com/@keadilanfiktif/video/7615447599402798357,@keadilanfiktif,@nazir.ziran,https://www.tiktok.com/@nazir.ziran,"KPK,,,mana,,? 3-10",7
mobil dinas gubernur kaltim,https://www.tiktok.com/@keadilanfiktif/video/7615447599402798357,@keadilanfiktif,@jualangjualang,https://www.tiktok.com/@jualangjualang,keren 4-23,0
mobil dinas gubernur kaltim,https://www.tiktok.com/@keadilanfiktif/video/7615447599402798357,@keadilanfiktif,@heny_rosiana,https://www.tiktok.com/@heny_rosiana,untuk mobil dinas sdh dibalikkan 4-11,0
mobil dinas gubernur kaltim,https://www.tiktok.com/@keadilanfiktif/video/7615447599402798357,@keadilanfiktif,@myst_xr,https://www.tiktok.com/@myst_xr,mmg terlalu berlebihan pembelian mobil yg mahal mengingat infrastruktur msh amboradul 3-12,0
mobil dinas gubernur kaltim,https://www.tiktok.com/@keadilanfiktif/video/7615447599402798357,@keadilanfiktif,@userblackhole0,https://www.tiktok.com/@userblackhole0,jalan jalan kabupaten saja masih lumpur 4-1,0
mobil dinas gubernur kaltim,https://www.tiktok.com/@keadilanfiktif/video/7615447599402798357,@keadilanfiktif,@agusagus46002,https://www.tiktok.com/@agusagus46002,sudah pecat sajah 4-20,0
mobil dinas gubernur kaltim,https://www.tiktok.com/@keadilanfiktif/video/7615447599402798357,@keadilanfiktif,@toni.ton43,https://www.tiktok.com/@toni.ton43,"di desa saya juga ada yg sekeluarga, mulai dari kades, sekdes, bendahara, rt,BPD, kaur, dusun 4-12",0
mobil dinas gubernur kaltim,https://www.tiktok.com/@keadilanfiktif/video/7615447599402798357,@keadilanfiktif,@rifki.febrian91,https://www.tiktok.com/@rifki.febrian91,oh maaf saya pak Saya udah bikin kayak gitu maaf saya pak 3-24,0
mobil dinas gubernur kaltim,https://www.tiktok.com/@keadilanfiktif/video/7615447599402798357,@keadilanfiktif,@muhamadibrahim864,https://www.tiktok.com/@muhamadibrahim864,4-10,0
mobil dinas gubernur kaltim,https://www.tiktok.com/@keadilanfiktif/video/7615447599402798357,@keadilanfiktif,@ekaherman3,https://www.tiktok.com/@ekaherman3,Betul Beliau Memang Pantas TerPilih👍Dgn Ketekunan Dan Ketulusan Hati Membangun Kaltim Maju Dan BerJaya🔥🔥 4-16,0
mobil dinas gubernur kaltim,https://www.tiktok.com/@tripol.co/video/7642126377168293141,@mamak.hafsoh,@jhafar_93,https://www.tiktok.com/@jhafar_93,[Stiker] maaf ka salah pencet 5-22,879
mobil dinas gubernur kaltim,https://www.tiktok.com/@tripol.co/video/7642126377168293141,@mamak.hafsoh,@nugrohohamid,https://www.tiktok.com/@nugrohohamid,beliau sudah kaya sebelum jadi Gubernur....beliau orang baik... 5-23,26
mobil dinas gubernur kaltim,https://www.tiktok.com/@tripol.co/video/7642126377168293141,@mamak.hafsoh,@rom82761,https://www.tiktok.com/@rom82761,tetap amanah pak gubernur,0
mobil dinas gubernur kaltim,https://www.tiktok.com/@tripol.co/video/7642126377168293141,@mamak.hafsoh,@kicau_229,https://www.tiktok.com/@kicau_229,lagu Ter enak sepanjang masa 😂 5-23,438
mobil dinas gubernur kaltim,https://www.tiktok.com/@tripol.co/video/7642126377168293141,@mamak.hafsoh,@sabriazis307,https://www.tiktok.com/@sabriazis307,"saya orang Sulawesi Selatan, tapi soal kerja gubernur Kalimantan Timur . betul kerja nya nyata . pembangunan mulai dari infrastruktur dan Listrik sdah mulai masuk ke pelosok .. contohnya saja jembatan Nibung di kabupaten Kutai Timur , jembatan yang menghubungkan 2 kabupaten (Kutai Timur ke Berau ) dan menghubungkan ke provinsi Kalimantan Utara . Pemerintah Kalimantan Timur punya tantangan dan rintangan tersendiri, itu makanya pembangunan sedikit terhambat . untuk pekerjaan saya rasa tetap berjalan dengan baik , saya orang Sulawesi cukup merasa kan hasil kerja pemerintahan Kalimantan Timur. 5-23",17
mobil dinas gubernur kaltim,https://www.tiktok.com/@tripol.co/video/7642126377168293141,@mamak.hafsoh,@hestysetyaningrum11,https://www.tiktok.com/@hestysetyaningrum11,"pengen kenalan sama pencipta lagunya, cuma mau bilang kalo lagunya KEREN BANGET😁 5-23",237
mobil dinas gubernur kaltim,https://www.tiktok.com/@tripol.co/video/7642126377168293141,@mamak.hafsoh,@user2117861420815,https://www.tiktok.com/@user2117861420815,mirip dikit 5-21,537
mobil dinas gubernur kaltim,https://www.tiktok.com/@tripol.co/video/7642126377168293141,@mamak.hafsoh,@linahastaririn1,https://www.tiktok.com/@linahastaririn1,KTP ku kaltim tapi aku tinggal di jatim ya Allah podo ae. pingin pindah ke maluku aja rasanya 5-23,84
mobil dinas gubernur kaltim,https://www.tiktok.com/@tripol.co/video/7642126377168293141,@mamak.hafsoh,@rsy3_,https://www.tiktok.com/@rsy3_,[Stiker] ke mirip 5-23,25
mobil dinas gubernur kaltim,https://www.tiktok.com/@tripol.co/video/7642126377168293141,@mamak.hafsoh,@lino_no67,https://www.tiktok.com/@lino_no67,sudah turun belum sih😭 5-22,78
mobil dinas gubernur kaltim,https://www.tiktok.com/@tripol.co/video/7642126377168293141,@mamak.hafsoh,@asimarohana859,https://www.tiktok.com/@asimarohana859,Herannya.. koq dia se PD itu yaaa... 😁😁 5-23,34
mobil dinas gubernur kaltim,https://www.tiktok.com/@tripol.co/video/7642126377168293141,@mamak.hafsoh,@al_ghaly,https://www.tiktok.com/@al_ghaly,lagunya enak bgt didengernya. ini logat bahasa mana ya 5-24,11
mobil dinas gubernur kaltim,https://www.tiktok.com/@tripol.co/video/7642126377168293141,@mamak.hafsoh,@user5636847829710,https://www.tiktok.com/@user5636847829710,"saya orang Sumatra, tapi kalau dilihat tidak ada yg salah dengan gubernur dan istrinya...",1
mobil dinas gubernur kaltim,https://www.tiktok.com/@tripol.co/video/7642126377168293141,@mamak.hafsoh,@queenkhaw7,https://www.tiktok.com/@queenkhaw7,ini lagu nyampe ga sih ke Bu gubernur kaltim😅 5-29,3
mobil dinas gubernur kaltim,https://www.tiktok.com/@tripol.co/video/7642126377168293141,@mamak.hafsoh,@rofie_pratama,https://www.tiktok.com/@rofie_pratama,"Mau tanya, siapa yg pilih gubernur itu ?? gubernur kaltim ?? 5-27",1
mobil dinas gubernur kaltim,https://www.tiktok.com/@tripol.co/video/7642126377168293141,@mamak.hafsoh,@anak.papani,https://www.tiktok.com/@anak.papani,yg ciptakan lagu ini siapa asalana yaa 5-24,6
mobil dinas gubernur kaltim,https://www.tiktok.com/@tripol.co/video/7642126377168293141,@mamak.hafsoh,@rahma.wati5721,https://www.tiktok.com/@rahma.wati5721,😍😍😍 tetap sehat 💪💪💪 sukses slalu Bpk KDM 🤲🤲🤲👍👍👍 5-22,174
mobil dinas gubernur kaltim,https://www.tiktok.com/@tripol.co/video/7642126377168293141,@mamak.hafsoh,@user6722517437228,https://www.tiktok.com/@user6722517437228,lagi hapalin lagunya😁😁 5-24,3
mobil dinas gubernur kaltim,https://www.tiktok.com/@tripol.co/video/7642126377168293141,@mamak.hafsoh,@ir.edi..s,https://www.tiktok.com/@ir.edi..s,Anda Pribadi terbaik Pak Gub..jalan terus Pak Gub..sehat kii selalu 🤲 5-21,4
mobil dinas gubernur kaltim,https://www.tiktok.com/@tripol.co/video/7642126377168293141,@mamak.hafsoh,@lani.12300,https://www.tiktok.com/@lani.12300,cuman tau KDM yg paling oke 5-24,21
mobil dinas gubernur kaltim,https://www.tiktok.com/@libra.pahing1/video/7611302313097153813,@libra.pahing1,@aries_05044,https://www.tiktok.com/@aries_05044,kok bisa jadi gubernur ya? 2-28,2
mobil dinas gubernur kaltim,https://www.tiktok.com/@libra.pahing1/video/7611302313097153813,@libra.pahing1,@rajo_lenggang66,https://www.tiktok.com/@rajo_lenggang66,beginilah pejabat negeri konoha yg tamak ! 2-27,44
mobil dinas gubernur kaltim,https://www.tiktok.com/@libra.pahing1/video/7611302313097153813,@libra.pahing1,@akhira.bali,https://www.tiktok.com/@akhira.bali,pola pikir terbalik nih pak Gubernur... bukan mobil yg canggih yg dibeli tp sarana dan prasarana jalan dibangun...biar mobil inova bisa kok lalui 2-27,1
mobil dinas gubernur kaltim,https://www.tiktok.com/@libra.pahing1/video/7611302313097153813,@libra.pahing1,@bunbunfina,https://www.tiktok.com/@bunbunfina,Moral pejabat indo begini amaat 2-27,6
mobil dinas gubernur kaltim,https://www.tiktok.com/@libra.pahing1/video/7611302313097153813,@libra.pahing1,@warni.com123,https://www.tiktok.com/@warni.com123,knpa gk jalan.a aja yg di perbaiki 2-27,13
mobil dinas gubernur kaltim,https://www.tiktok.com/@libra.pahing1/video/7611302313097153813,@libra.pahing1,@sandi_21.21,https://www.tiktok.com/@sandi_21.21,bibirnya itu nah 2-27,4
mobil dinas gubernur kaltim,https://www.tiktok.com/@libra.pahing1/video/7611302313097153813,@libra.pahing1,@febryaffandy,https://www.tiktok.com/@febryaffandy,"masa iya, jalannya rusak pak😂 3-3",2
mobil dinas gubernur kaltim,https://www.tiktok.com/@libra.pahing1/video/7611302313097153813,@libra.pahing1,@doxa43,https://www.tiktok.com/@doxa43,jalan Kaltim rusak pake mobil mall 2-27,1
mobil dinas gubernur kaltim,https://www.tiktok.com/@libra.pahing1/video/7611302313097153813,@libra.pahing1,@aaavannolin,https://www.tiktok.com/@aaavannolin,"setujuu Bang, pejabatnya LAgi NGIMPIIIIIIII 2-28",1
mobil dinas gubernur kaltim,https://www.tiktok.com/@libra.pahing1/video/7611302313097153813,@libra.pahing1,@mrking135cc,https://www.tiktok.com/@mrking135cc,gugup dia🤭 2-27,3
mobil dinas gubernur kaltim,https://www.tiktok.com/@libra.pahing1/video/7611302313097153813,@libra.pahing1,@user3248820325143,https://www.tiktok.com/@user3248820325143,lebih cerdas Abang ini 👍 2-27,8
mobil dinas gubernur kaltim,https://www.tiktok.com/@libra.pahing1/video/7611302313097153813,@libra.pahing1,@gerimis.mengundan040,https://www.tiktok.com/@gerimis.mengundan040,harap2 di panggil SMA kpk 2-27,1
mobil dinas gubernur kaltim,https://www.tiktok.com/@libra.pahing1/video/7611302313097153813,@libra.pahing1,@aplikasicuangacor,https://www.tiktok.com/@aplikasicuangacor,"Coba pakai mobil sigra aja pak, sisa nya buat benerin jalan 2-27",1
mobil dinas gubernur kaltim,https://www.tiktok.com/@libra.pahing1/video/7611302313097153813,@libra.pahing1,@user7018003714081,https://www.tiktok.com/@user7018003714081,"era Konoha,rakyat bayar pajak. 2-27",1
mobil dinas gubernur kaltim,https://www.tiktok.com/@libra.pahing1/video/7611302313097153813,@libra.pahing1,@jadijariyah,https://www.tiktok.com/@jadijariyah,warganya kok diam saja😂 2-27,1
mobil dinas gubernur kaltim,https://www.tiktok.com/@libra.pahing1/video/7611302313097153813,@libra.pahing1,@cablack008,https://www.tiktok.com/@cablack008,Gak di pusat gak di pedesaan pejabatnya sama pemikirannya pada kebalik semua..! 2-27,2
mobil dinas gubernur kaltim,https://www.tiktok.com/@libra.pahing1/video/7611302313097153813,@libra.pahing1,@.fatimah6972,https://www.tiktok.com/@.fatimah6972,q now komen.sehat selalu yg buat story 2-27,1
mobil dinas gubernur kaltim,https://www.tiktok.com/@libra.pahing1/video/7611302313097153813,@libra.pahing1,@kingsamurai79,https://www.tiktok.com/@kingsamurai79,Pejabat bawahan itu mencobtoh atasannya. 2-27,3
mobil dinas gubernur kaltim,https://www.tiktok.com/@libra.pahing1/video/7611302313097153813,@libra.pahing1,@nanang_hendrian,https://www.tiktok.com/@nanang_hendrian,Pajero kan bisa tuh🤣 3-5,1
mobil dinas gubernur kaltim,https://www.tiktok.com/@kutai.dailynews/video/7609068555455253780,@kutai.dailynews,@adi.putra5509,https://www.tiktok.com/@adi.putra5509,"8,5 m dr pada beli mobil mewah jlnnya aja di benerin duit segitu cukup bwt perbaikan jln 2-26",1
mobil dinas gubernur kaltim,https://www.tiktok.com/@kutai.dailynews/video/7609068555455253780,@kutai.dailynews,@dwifidiansari,https://www.tiktok.com/@dwifidiansari,beli sdri lah kalo yg shrga gtu..msa pake uang rakyat... 2-22,1
mobil dinas gubernur kaltim,https://www.tiktok.com/@kutai.dailynews/video/7609068555455253780,@kutai.dailynews,@arif2291,https://www.tiktok.com/@arif2291,ko Gk risih yaa naiknya padahal kan Rakyat 🤣 2-22,1
mobil dinas gubernur kaltim,https://www.tiktok.com/@kutai.dailynews/video/7609068555455253780,@kutai.dailynews,,,Kutai Daily News · Kreator gimana menrut kalian? apakah pantas? 2-21,0
mobil dinas gubernur kaltim,https://www.tiktok.com/@kutai.dailynews/video/7609068555455253780,@kutai.dailynews,@yourbaenextdoor,https://www.tiktok.com/@yourbaenextdoor,gengsi & ingin bermewah2 pake uang apbd 2-23,2
mobil dinas gubernur kaltim,https://www.tiktok.com/@kutai.dailynews/video/7609068555455253780,@kutai.dailynews,@ammy.id,https://www.tiktok.com/@ammy.id,"Kalo alasan si Gubernur itu biar Kaltim terlihat hebat atau bermarwah, buktikan dg kerja nyata, makmurkan warganya, majukan daerahnya dan jangan korupsi. Bukan dg bergaya pake mobil mewah dari duit rakyat. 2-23",1
mobil dinas gubernur kaltim,https://www.tiktok.com/@kutai.dailynews/video/7609068555455253780,@kutai.dailynews,@mustofingah0,https://www.tiktok.com/@mustofingah0,mau mobil mahal maupun mobil murah bagi rakyat ga ngaruh.yg penting kerjanya untuk rakyat.aneh....aneh....bukanya mikir rakyatnya gmn malah mikirin Marwah jdi pejabat. 2-26,0
mobil dinas gubernur kaltim,https://www.tiktok.com/@kutai.dailynews/video/7609068555455253780,@kutai.dailynews,@ar035614,https://www.tiktok.com/@ar035614,ku tunggu mobil ini lewat depan rumah...mw ikut numpang...pengen ngerasaain gimana sich rasa nya mobil 8M 😅😅 2-25,0
mobil dinas gubernur kaltim,https://www.tiktok.com/@kutai.dailynews/video/7609068555455253780,@kutai.dailynews,@user8134762508136,https://www.tiktok.com/@user8134762508136,belikan KTM aja Ndak perlu mobil ini karena gubernurnya gengsian 2-23,0
mobil dinas gubernur kaltim,https://www.tiktok.com/@kutai.dailynews/video/7609068555455253780,@kutai.dailynews,@allif_damar,https://www.tiktok.com/@allif_damar,ganti panther aja 🤣🤣 2-21,0
mobil dinas gubernur kaltim,https://www.tiktok.com/@kutai.dailynews/video/7609068555455253780,@kutai.dailynews,@crg_fishing2,https://www.tiktok.com/@crg_fishing2,"beli alpard bawa ke @prorockengineering jadi tangguh, nyaman. 2-23",0
mobil dinas gubernur kaltim,https://www.tiktok.com/@kutai.dailynews/video/7609068555455253780,@kutai.dailynews,@masterrado1,https://www.tiktok.com/@masterrado1,😳😳 2-21,0
mobil dinas gubernur kaltim,https://www.tiktok.com/@politikdotin/video/7612142044219231508,@politikdotin,@irdianto96,https://www.tiktok.com/@irdianto96,ini pemimpin² nya kaltim dari luar semua kah 3-8,1
mobil dinas gubernur kaltim,https://www.tiktok.com/@politikdotin/video/7612142044219231508,@politikdotin,@user9227352992,https://www.tiktok.com/@user9227352992,mobiL eLittt jaLan suLitt.... 3-1,23
mobil dinas gubernur kaltim,https://www.tiktok.com/@politikdotin/video/7612142044219231508,@politikdotin,@riwifitriadi2,https://www.tiktok.com/@riwifitriadi2,"Andai mobilnya bisa bicara, GUA INI MOBIL MEWAH LOOO BUKAN TRAKTOR, kok di bawak ke lumpur 😅😅😅 3-6",1
mobil dinas gubernur kaltim,https://www.tiktok.com/@politikdotin/video/7612142044219231508,@politikdotin,@dud......nak4,https://www.tiktok.com/@dud......nak4,cerminan seorang pemimpin ketika rakyatnya sedang susah🙏 4-23,2
mobil dinas gubernur kaltim,https://www.tiktok.com/@politikdotin/video/7612142044219231508,@politikdotin,@arifsasono88,https://www.tiktok.com/@arifsasono88,jalannya yg di perbaikin bukan mbil nyaa 3-3,2
mobil dinas gubernur kaltim,https://www.tiktok.com/@politikdotin/video/7612142044219231508,@politikdotin,@eka.yuliana161,https://www.tiktok.com/@eka.yuliana161,bukan mobil yang di mahal mahalin Boss ku tapi infrastruktur jalan yang di bagusin🙏🙏🙏 3-3,4
mobil dinas gubernur kaltim,https://www.tiktok.com/@politikdotin/video/7612142044219231508,@politikdotin,@ahmad.lestari2,https://www.tiktok.com/@ahmad.lestari2,lucu ya klo lihat pejabat jaman skrg bukan jln nya yang diperbaiki malah mobil dinasnya yang dimahalin 3-3,5
mobil dinas gubernur kaltim,https://www.tiktok.com/@politikdotin/video/7612142044219231508,@politikdotin,@user_nada.a.s_17,https://www.tiktok.com/@user_nada.a.s_17,mobil 8.5 gak mampu liwatin jalan berlumpur 3-8,0
mobil dinas gubernur kaltim,https://www.tiktok.com/@politikdotin/video/7612142044219231508,@politikdotin,@adam.rizkiyan,https://www.tiktok.com/@adam.rizkiyan,"Harusnya jalan yg di perbaiki, bukan mobil yg wah 3-3",0
mobil dinas gubernur kaltim,https://www.tiktok.com/@politikdotin/video/7612142044219231508,@politikdotin,@the_korehcok,https://www.tiktok.com/@the_korehcok,[Stiker] 3-23,0
mobil dinas gubernur kaltim,https://www.tiktok.com/@politikdotin/video/7612142044219231508,@politikdotin,@anggajulian207,https://www.tiktok.com/@anggajulian207,"8,5m kalo pake buat nambal jalan lumayan tuh 3-5",0
mobil dinas gubernur kaltim,https://www.tiktok.com/@politikdotin/video/7612142044219231508,@politikdotin,@papabotuna,https://www.tiktok.com/@papabotuna,senang di atas penderitaan masyarakat 3-7,0
mobil dinas gubernur kaltim,https://www.tiktok.com/@politikdotin/video/7612142044219231508,@politikdotin,@hendra_kc,https://www.tiktok.com/@hendra_kc,untuk lewatin Medan yang sulit mobil harus support kak..😂 4-22,0
mobil dinas gubernur kaltim,https://www.tiktok.com/@politikdotin/video/7612142044219231508,@politikdotin,@aox27_,https://www.tiktok.com/@aox27_,"8,5 M mending belanja hotmix 3-29",0
mobil dinas gubernur kaltim,https://www.tiktok.com/@politikdotin/video/7612142044219231508,@politikdotin,@budiy316,https://www.tiktok.com/@budiy316,mobil elit jalan sulit 3-8,0
mobil dinas gubernur kaltim,https://www.tiktok.com/@politikdotin/video/7612142044219231508,@politikdotin,@b21bb2,https://www.tiktok.com/@b21bb2,uang 8.5 klu dibangunkan jln cor lebar lebih berguna untuk rakyat 3-30,0
mobil dinas gubernur kaltim,https://www.tiktok.com/@politikdotin/video/7612142044219231508,@politikdotin,@akmall623,https://www.tiktok.com/@akmall623,kaya jaman Belanda KLO kata engong sayamh 3-8,0
mobil dinas gubernur kaltim,https://www.tiktok.com/@politikdotin/video/7612142044219231508,@politikdotin,@badut_penghibur200,https://www.tiktok.com/@badut_penghibur200,info judul lagi nya😁 3-10,0
mobil dinas gubernur kaltim,https://www.tiktok.com/@politikdotin/video/7612142044219231508,@politikdotin,@rmmdnikswndi,https://www.tiktok.com/@rmmdnikswndi,wkwk🤭 3-1,0
mobil dinas gubernur kaltim,https://www.tiktok.com/@politikdotin/video/7612142044219231508,@politikdotin,@frezky_al,https://www.tiktok.com/@frezky_al,era tahun berapa ini 🗿 3-5,0
mobil dinas gubernur kaltim,https://www.tiktok.com/@aditya.yudono/video/7611491873559039252,@aditya.yudono,@panglima_kijang_kencana,https://www.tiktok.com/@panglima_kijang_kencana,"Wajar aja dia menikmati peselitas itu. Kerna dia juga berjuang berdarah darah berkorban harta benda"" baru bisa duduk jadi gubernur kaltim. Jadi kita jangan membuli dan menghujat nya kawan. Seharusnya kita dukung beliau agar maksimal membangun kaltim. Juga kita jaga marwah nama baik wibawa gubernur kita kaltim dan keluarga besarnya yang jadi pejabat di Kaltim. DIA JUGA BERBUAT SEPERTI ITU BUAT MASRAKAT KITA KALTIM. MENG""ANGKAT MARWAH WIBAWA DAN MENGENALKAN KALTIM YANG KAYA RAYA PERLU DI TAMPIL KE SELURUH PEJABAT INDONESIA. 2-28",0
mobil dinas gubernur kaltim,https://www.tiktok.com/@aditya.yudono/video/7611491873559039252,@aditya.yudono,@bintang.timur126,https://www.tiktok.com/@bintang.timur126,info sanak saudara 😂😂😂 2-27,0
mobil dinas gubernur kaltim,https://www.tiktok.com/@aditya.yudono/video/7611491873559039252,@aditya.yudono,@mandra7799_,https://www.tiktok.com/@mandra7799_,Salah pilih Kawal ku🤣🤣🤣 2-27,1
mobil dinas gub kaltim,https://www.tiktok.com/@ashepsayfullq/video/7608021220088433936,@ashepsayfullq,@atepsahripin,https://www.tiktok.com/@atepsahripin,ganti saja gubernur kaltim itu 2-18,290
mobil dinas gub kaltim,https://www.tiktok.com/@ashepsayfullq/video/7608021220088433936,@ashepsayfullq,@fachry939,https://www.tiktok.com/@fachry939,tukar tambah sama KDM bs ngk ya 2-18,26
mobil dinas gub kaltim,https://www.tiktok.com/@ashepsayfullq/video/7608021220088433936,@ashepsayfullq,@rahmat4157,https://www.tiktok.com/@rahmat4157,untung gbrnur ku Bapa aing 2-18,82
mobil dinas gub kaltim,https://www.tiktok.com/@ashepsayfullq/video/7608021220088433936,@ashepsayfullq,@ririnfebriani952,https://www.tiktok.com/@ririnfebriani952,"bener bngt KA,suami sy skrng JD lurah di kota serang Banten, Alhamdulillah amanah.klw memang mikirin diri sendiri mungkin keluarga kami sudah kaya tp yg kami pikirkan itu kesejahteraan masyarakat kami KA Alhamdulillah dpt respon baik dari warga dn juga pimpinan kami,dari mulai camat dn walikota acungi jempol untuk kinerja suami sy.kami sll bersyukur apapun yg didapat oleh suami sy asalkan halal🙏maaf bukan munafik tp itu lebih tenang ke diri kita krn selain jd pemimpin kelurahan tp kamipun ingin hidup tenang tanpa ada hujatan apapun terutama🙏 3-5",1
mobil dinas gub kaltim,https://www.tiktok.com/@ashepsayfullq/video/7608021220088433936,@ashepsayfullq,@user4050227010443,https://www.tiktok.com/@user4050227010443,perlu dipriksa 2-18,12
mobil dinas gub kaltim,https://www.tiktok.com/@ashepsayfullq/video/7608021220088433936,@ashepsayfullq,@dedy.suhardy7,https://www.tiktok.com/@dedy.suhardy7,malah infonya bulan depan mau beli pesawat jed pribadi katanya buat putar putar kaltim 😂😂 2-19,11
mobil dinas gub kaltim,https://www.tiktok.com/@ashepsayfullq/video/7608021220088433936,@ashepsayfullq,@marthametan4,https://www.tiktok.com/@marthametan4,ganti aja 2-18,10
mobil dinas gub kaltim,https://www.tiktok.com/@ashepsayfullq/video/7608021220088433936,@ashepsayfullq,@kumatul,https://www.tiktok.com/@kumatul,Kalo medan jalan nya rusak yg di bangun yaa jalan nya bkn beli mobil nya 2-25,2
mobil dinas gub kaltim,https://www.tiktok.com/@ashepsayfullq/video/7608021220088433936,@ashepsayfullq,@labontely,https://www.tiktok.com/@labontely,Cukup 1 periode saja... 2-22,6
mobil dinas gub kaltim,https://www.tiktok.com/@ashepsayfullq/video/7608021220088433936,@ashepsayfullq,@papi.utomo,https://www.tiktok.com/@papi.utomo,cukup satu periode aja orang .. 2-25,4
mobil dinas gub kaltim,https://www.tiktok.com/@ashepsayfullq/video/7608021220088433936,@ashepsayfullq,@kemaszaa,https://www.tiktok.com/@kemaszaa,mahalan mobil gub kaltim ketimbang mobil presiden 2-25,2
mobil dinas gub kaltim,https://www.tiktok.com/@ashepsayfullq/video/7608021220088433936,@ashepsayfullq,@sarwiyana4,https://www.tiktok.com/@sarwiyana4,pakai mobil ambulance aja 2-27,3
mobil dinas gub kaltim,https://www.tiktok.com/@ashepsayfullq/video/7608021220088433936,@ashepsayfullq,@rioputraponsel69,https://www.tiktok.com/@rioputraponsel69,KDM.😎😎🥰🥰👍👍👍 3-30,0
mobil dinas gub kaltim,https://www.tiktok.com/@ashepsayfullq/video/7608021220088433936,@ashepsayfullq,@afni.al.randi,https://www.tiktok.com/@afni.al.randi,Jln aj blm di benerin 2-26,2
mobil dinas gub kaltim,https://www.tiktok.com/@ashepsayfullq/video/7608021220088433936,@ashepsayfullq,@rara86477,https://www.tiktok.com/@rara86477,Cek kpk 2-26,2
mobil dinas gub kaltim,https://www.tiktok.com/@ashepsayfullq/video/7608021220088433936,@ashepsayfullq,@deafajar_,https://www.tiktok.com/@deafajar_,lapor KPK lsg turun 2-18,18
mobil dinas gub kaltim,https://www.tiktok.com/@ashepsayfullq/video/7608021220088433936,@ashepsayfullq,@ajshdh128,https://www.tiktok.com/@ajshdh128,"semoga uang pribadinya bisa di gunakan untuk halnyg lebih bermanfaat buat rakyatnya,,klo ga bisa apa gunanya jadi pemimpin 2-18",2
mobil dinas gub kaltim,https://www.tiktok.com/@ashepsayfullq/video/7608021220088433936,@ashepsayfullq,@orang.orang212,https://www.tiktok.com/@orang.orang212,gubenur. Kaltim harus. belajar dari. Usman. bin Affan. . dia pemimpin yg. takut. rakyatnya ada yg lapar . 3-6,1
mobil dinas gub kaltim,https://www.tiktok.com/@ashepsayfullq/video/7608021220088433936,@ashepsayfullq,@joe_hans703,https://www.tiktok.com/@joe_hans703,gubernur aing anggaran buat beli mobil dinas aja malah dihapus 2-18,8
mobil dinas gub kaltim,https://www.tiktok.com/@ashepsayfullq/video/7608021220088433936,@ashepsayfullq,@wattimena4,https://www.tiktok.com/@wattimena4,gaya tdk sesuai dgn kinerja 3-20,0
mobil dinas kaltim,https://www.tiktok.com/@sigit_sugiana/video/7612287428258237704,@sigit_sugiana,@madi.study,https://www.tiktok.com/@madi.study,suara apa itu dari dalam mobil? 😂 3-2,280
mobil dinas kaltim,https://www.tiktok.com/@sigit_sugiana/video/7612287428258237704,@sigit_sugiana,@sihab_azzmi,https://www.tiktok.com/@sihab_azzmi,"tolong jgn cela pemimpin kami, beliau sangat menjaga marwah kaltim 3-24",4
mobil dinas kaltim,https://www.tiktok.com/@sigit_sugiana/video/7612287428258237704,@sigit_sugiana,@user27430282221177,https://www.tiktok.com/@user27430282221177,Malunya aku sebagai warga Kaltim...Setiap buka medsos Kaltim yg d bully🙈🤭🤦🥱🤣🤣🤣 3-5,20
mobil dinas kaltim,https://www.tiktok.com/@sigit_sugiana/video/7612287428258237704,@sigit_sugiana,@muhammadhelmi7482,https://www.tiktok.com/@muhammadhelmi7482,abang kalau ngomong suka benar😁 3-2,612
mobil dinas kaltim,https://www.tiktok.com/@sigit_sugiana/video/7612287428258237704,@sigit_sugiana,@user73074763374883,https://www.tiktok.com/@user73074763374883,"kalau beli mobil harga 8,5 m kan gampang prosesnya kalau perbaiki jalan menggunakan dana segitu hanya dapat 2 km saja 3-2",36
mobil dinas kaltim,https://www.tiktok.com/@sigit_sugiana/video/7612287428258237704,@sigit_sugiana,@lek.wan58,https://www.tiktok.com/@lek.wan58,kaget pas buka mobil 3-2,31
mobil dinas kaltim,https://www.tiktok.com/@sigit_sugiana/video/7612287428258237704,@sigit_sugiana,@denny_baraguna,https://www.tiktok.com/@denny_baraguna,"Marwah bos,,, Marwah bukan Arwah ya 🙏 3-19",1
mobil dinas kaltim,https://www.tiktok.com/@sigit_sugiana/video/7612287428258237704,@sigit_sugiana,@dheva.setia,https://www.tiktok.com/@dheva.setia,apax bang yg lucu😳 4-23,0
mobil dinas kaltim,https://www.tiktok.com/@sigit_sugiana/video/7612287428258237704,@sigit_sugiana,@mpk.165,https://www.tiktok.com/@mpk.165,pas buka pintu kok ada suara.....? 3-2,19
mobil dinas kaltim,https://www.tiktok.com/@sigit_sugiana/video/7612287428258237704,@sigit_sugiana,@yani.rohyani449,https://www.tiktok.com/@yani.rohyani449,mobil horor kalahin mobil gubernur kaltim 3-2,81
mobil dinas kaltim,https://www.tiktok.com/@sigit_sugiana/video/7612287428258237704,@sigit_sugiana,@longor072,https://www.tiktok.com/@longor072,klarifikasi gubernur Kaltim 3-30,0
mobil dinas kaltim,https://www.tiktok.com/@sigit_sugiana/video/7612287428258237704,@sigit_sugiana,@fenomenaalam62,https://www.tiktok.com/@fenomenaalam62,itu mobil dinas kepala ditingkat desa y bro😁 3-2,4
mobil dinas kaltim,https://www.tiktok.com/@sigit_sugiana/video/7612287428258237704,@sigit_sugiana,@sunariyahiyah765,https://www.tiktok.com/@sunariyahiyah765,pejabat konoha kocak2 emang 3-2,213
mobil dinas kaltim,https://www.tiktok.com/@sigit_sugiana/video/7612287428258237704,@sigit_sugiana,@bng.ozzy,https://www.tiktok.com/@bng.ozzy,"mobil angker,, di buka ada suara jin 3-2",7
mobil dinas kaltim,https://www.tiktok.com/@sigit_sugiana/video/7612287428258237704,@sigit_sugiana,@raden4158,https://www.tiktok.com/@raden4158,"padahal mobil dinas seharga 500Jt pun sudah lumayan keren kalau niat mengabdikan diri ke rakyat jgn mikir mobil dinas nya,,,, bila perlu mobil pribadi yg di jadikan kendaraan dinas 3-2",4
mobil dinas kaltim,https://www.tiktok.com/@sigit_sugiana/video/7612287428258237704,@sigit_sugiana,@sweet.alesha,https://www.tiktok.com/@sweet.alesha,mantapp bang aku suka aku suka 😂 3-2,5
mobil dinas kaltim,https://www.tiktok.com/@sigit_sugiana/video/7612287428258237704,@sigit_sugiana,@yosiyossi482,https://www.tiktok.com/@yosiyossi482,arwah masyarakat 3-4,1
mobil dinas kaltim,https://www.tiktok.com/@sigit_sugiana/video/7612287428258237704,@sigit_sugiana,@ayundazehra,https://www.tiktok.com/@ayundazehra,boleh GK sih kalo aku ketawa 😁😂😂 3-2,55
mobil dinas kaltim,https://www.tiktok.com/@sigit_sugiana/video/7612287428258237704,@sigit_sugiana,@punyamasaq23,https://www.tiktok.com/@punyamasaq23,jalan donk perbaiki 3-2,3
mobil dinas kaltim,https://www.tiktok.com/@sigit_sugiana/video/7612287428258237704,@sigit_sugiana,@__.rmn,https://www.tiktok.com/@__.rmn,"Sangat menghibur di dlm bln puasa yg penuh berkah ini, semoga konten"" abang juga membawa berkah buat abang dan juga bangsa indonesia 3-2",4
mobil dinas kaltim,https://www.tiktok.com/@apasaja2825/video/7620377571229781269,@apasaja2825,@nurikadianasari,https://www.tiktok.com/@nurikadianasari,di gosipin aja tapi tidak di tindak... 😭😭 4-23,2200
mobil dinas kaltim,https://www.tiktok.com/@apasaja2825/video/7620377571229781269,@apasaja2825,@vanekas13,https://www.tiktok.com/@vanekas13,"kenapa masih di pertahan kan pak, izin 4-23",223
mobil dinas kaltim,https://www.tiktok.com/@apasaja2825/video/7620377571229781269,@apasaja2825,@ciasingkyznn,https://www.tiktok.com/@ciasingkyznn,Stop membuli..!! kalian TDK tau tentang rudi mas’ud kalian hanya melihat sisi buruknya saja..padahal sisi baiknya tidak ada... 4-29,61
mobil dinas kaltim,https://www.tiktok.com/@apasaja2825/video/7620377571229781269,@apasaja2825,@tgs_artha89,https://www.tiktok.com/@tgs_artha89,kenapa gak perbaiki jalannya aja ya?? 4-22,456
mobil dinas kaltim,https://www.tiktok.com/@apasaja2825/video/7620377571229781269,@apasaja2825,@wiwingemoy920,https://www.tiktok.com/@wiwingemoy920,pecat pakk jangan sindir 4-13,11
mobil dinas kaltim,https://www.tiktok.com/@apasaja2825/video/7620377571229781269,@apasaja2825,@pandirecper2,https://www.tiktok.com/@pandirecper2,masa iya mobil nya bagus yg naik nya jelek jangan dong jaga Marwah mobil nya 4-22,40
mobil dinas kaltim,https://www.tiktok.com/@apasaja2825/video/7620377571229781269,@apasaja2825,@nisnis465,https://www.tiktok.com/@nisnis465,[Stiker] 4-22,224
mobil dinas kaltim,https://www.tiktok.com/@apasaja2825/video/7620377571229781269,@apasaja2825,@maruko_chan101,https://www.tiktok.com/@maruko_chan101,bukan gosip . evaluasi dan diskusi ini wei 4-22,31
mobil dinas kaltim,https://www.tiktok.com/@apasaja2825/video/7620377571229781269,@apasaja2825,@cuttank04,https://www.tiktok.com/@cuttank04,pertanyaan nya kenapa nda di periksa 5-10,0
mobil dinas kaltim,https://www.tiktok.com/@apasaja2825/video/7620377571229781269,@apasaja2825,@mirza_w16,https://www.tiktok.com/@mirza_w16,malunya malunya😂😂 4-22,56
mobil dinas kaltim,https://www.tiktok.com/@apasaja2825/video/7620377571229781269,@apasaja2825,@aicantiqq02,https://www.tiktok.com/@aicantiqq02,KETAWA BGTTT😭🤣 digosipin presiden 4-11,388
mobil dinas kaltim,https://www.tiktok.com/@apasaja2825/video/7620377571229781269,@apasaja2825,@zieya471,https://www.tiktok.com/@zieya471,langsung di spill sama pak presiden 4-12,73
mobil dinas kaltim,https://www.tiktok.com/@apasaja2825/video/7620377571229781269,@apasaja2825,@ridhorohman123,https://www.tiktok.com/@ridhorohman123,stop membuli..!! kalian TDK tau tentang rudi mas’ud kalian hanya melihat sisi buruknya saja..padahal sisi baiknya tidak ada... 4-27,4
mobil dinas kaltim,https://www.tiktok.com/@apasaja2825/video/7620377571229781269,@apasaja2825,@humangosong,https://www.tiktok.com/@humangosong,Ihh malunyaaaa jirla😌 4-20,53
mobil dinas kaltim,https://www.tiktok.com/@apasaja2825/video/7620377571229781269,@apasaja2825,@rafliekaa1,https://www.tiktok.com/@rafliekaa1,digosipin presiden is another level🤣 4-22,92
mobil dinas kaltim,https://www.tiktok.com/@apasaja2825/video/7620377571229781269,@apasaja2825,@reynandaziyo6,https://www.tiktok.com/@reynandaziyo6,hidup Prabowo 4-29,3
mobil dinas kaltim,https://www.tiktok.com/@apasaja2825/video/7620377571229781269,@apasaja2825,@prindavan_4,https://www.tiktok.com/@prindavan_4,jaga marwah pak 4-21,0
mobil dinas kaltim,https://www.tiktok.com/@apasaja2825/video/7620377571229781269,@apasaja2825,@virgo_aries17,https://www.tiktok.com/@virgo_aries17,klw aku punya gubernur yg di gossiping pak presiden malu banget 4-23,8
mobil dinas kaltim,https://www.tiktok.com/@apasaja2825/video/7620377571229781269,@apasaja2825,@polong_hijau,https://www.tiktok.com/@polong_hijau,rumah dinas 25M lagi 4-22,6
mobil dinas kaltim,https://www.tiktok.com/@apasaja2825/video/7620377571229781269,@apasaja2825,@gebiistephny,https://www.tiktok.com/@gebiistephny,Bikin malu emng 4-21,14
mobil dinas kaltim,https://www.tiktok.com/@prapancas/video/7631918131128061191,@prapancas,@kaegoargata1,https://www.tiktok.com/@kaegoargata1,"Gubernur yg satu ini mampu menjaga marwah nya kaltim, Semoga masyarakat kaltim jg mampu menjaga arwah nya gubernur kaltim 4-24",60
mobil dinas kaltim,https://www.tiktok.com/@prapancas/video/7631918131128061191,@prapancas,@envy_id43,https://www.tiktok.com/@envy_id43,berhentikan contoh KDM baru aku suka 4-24,30
mobil dinas kaltim,https://www.tiktok.com/@prapancas/video/7631918131128061191,@prapancas,@ansha0396,https://www.tiktok.com/@ansha0396,"sebenarnya di daerah lain juga gitu kayaknya, yang membedakan adalah, pak Rudy Mas'ud terlalu transparan 4-24",14
mobil dinas kaltim,https://www.tiktok.com/@prapancas/video/7631918131128061191,@prapancas,@tomas_garbera,https://www.tiktok.com/@tomas_garbera,4-26,3
mobil dinas kaltim,https://www.tiktok.com/@prapancas/video/7631918131128061191,@prapancas,@siti.marni94,https://www.tiktok.com/@siti.marni94,ya allah parah.... 4-24,18
mobil dinas kaltim,https://www.tiktok.com/@prapancas/video/7631918131128061191,@prapancas,@rasipinanuar1,https://www.tiktok.com/@rasipinanuar1,kasih yg terbaik dan tak dpt dilupakan oleh dinastinya 4-30,4
mobil dinas kaltim,https://www.tiktok.com/@prapancas/video/7631918131128061191,@prapancas,@wearebobotoh79,https://www.tiktok.com/@wearebobotoh79,PRAY FOR INDONESIA 5-27,0
mobil dinas kaltim,https://www.tiktok.com/@prapancas/video/7631918131128061191,@prapancas,@oliveshrn,https://www.tiktok.com/@oliveshrn,Di Sulbar juga ada salah satu daerah juga gini 4-24,0
mobil dinas kaltim,https://www.tiktok.com/@prapancas/video/7631918131128061191,@prapancas,@carlo_haris_cepy,https://www.tiktok.com/@carlo_haris_cepy,SATU KATA KALTIM KALBAR KORUPS 😂😂😂 5-15,1
mobil dinas kaltim,https://www.tiktok.com/@prapancas/video/7631918131128061191,@prapancas,@teresiasilo1teresiasilo1,https://www.tiktok.com/@teresiasilo1teresiasilo1,ter lalu jga bgtu pak Rudi kan kasian kita yg laiinnn 4-25,0
mobil dinas kaltim,https://www.tiktok.com/@prapancas/video/7631918131128061191,@prapancas,@sitirahmah4376,https://www.tiktok.com/@sitirahmah4376,parah,0
mobil dinas kaltim,https://www.tiktok.com/@prapancas/video/7631918131128061191,@prapancas,@deni_setiawan888,https://www.tiktok.com/@deni_setiawan888,angaran keuangan luar negri bijak di olah buat kepentingan rakyat.y 4-24,0
mobil dinas kaltim,https://www.tiktok.com/@prapancas/video/7631918131128061191,@prapancas,@sayank969696969696,https://www.tiktok.com/@sayank969696969696,yg milih siapa pertanyaan begitu 5-27,0
mobil dinas kaltim,https://www.tiktok.com/@prapancas/video/7631918131128061191,@prapancas,@bandaduharyatanto,https://www.tiktok.com/@bandaduharyatanto,[Stiker] 4-24,3
mobil dinas kaltim,https://www.tiktok.com/@prapancas/video/7631918131128061191,@prapancas,@carissa.imup,https://www.tiktok.com/@carissa.imup,first 4-23,2
mobil dinas kaltim,https://www.tiktok.com/@prapancas/video/7631918131128061191,@prapancas,@yuniatidolof,https://www.tiktok.com/@yuniatidolof,up 5-26,0
mobil dinas kaltim,https://www.tiktok.com/@prapancas/video/7631918131128061191,@prapancas,@tamanayah05,https://www.tiktok.com/@tamanayah05,asal nyebut 4-24,0
mobil dinas kaltim,https://www.tiktok.com/@prapancas/video/7631918131128061191,@prapancas,@samalasmandi0,https://www.tiktok.com/@samalasmandi0,B 4-24,0
mobil dinas kaltim,https://www.tiktok.com/@prapancas/video/7631918131128061191,@prapancas,@waryanaakuarium,https://www.tiktok.com/@waryanaakuarium,[Stiker] 4-24,0
mobil dinas kaltim,https://www.tiktok.com/@prapancas/video/7631918131128061191,@prapancas,@milzz252,https://www.tiktok.com/@milzz252,l 4-24,0
mobil dinas kaltim,https://www.tiktok.com/@sentilin_indonesia/video/7613820353550306581,@sentilin_indonesia,@afridot25,https://www.tiktok.com/@afridot25,MARWAH 3-6,1941
mobil dinas kaltim,https://www.tiktok.com/@sentilin_indonesia/video/7613820353550306581,@sentilin_indonesia,@yuforia45,https://www.tiktok.com/@yuforia45,RI 2 PAKAI INNOVA ZENIX 2000 cc 3-9,507
mobil dinas kaltim,https://www.tiktok.com/@sentilin_indonesia/video/7613820353550306581,@sentilin_indonesia,@ikbl110,https://www.tiktok.com/@ikbl110,tombol reset kaltim 3-7,698
mobil dinas kaltim,https://www.tiktok.com/@sentilin_indonesia/video/7613820353550306581,@sentilin_indonesia,@azharputrashale,https://www.tiktok.com/@azharputrashale,gimana gak miskin. anggaran di pake pejabat nya untuk kepentingannya sendiri. 3-6,3638
mobil dinas kaltim,https://www.tiktok.com/@sentilin_indonesia/video/7613820353550306581,@sentilin_indonesia,@el600307,https://www.tiktok.com/@el600307,lucu ini gubernur ko bisa di coblos heran 3-7,177
mobil dinas kaltim,https://www.tiktok.com/@sentilin_indonesia/video/7613820353550306581,@sentilin_indonesia,@rizalerda6,https://www.tiktok.com/@rizalerda6,buat beli mantel salju lagi 3-6,570
mobil dinas kaltim,https://www.tiktok.com/@sentilin_indonesia/video/7613820353550306581,@sentilin_indonesia,@mafen4l07,https://www.tiktok.com/@mafen4l07,Gubernur kaltim 11 12 dengan Gubernur NTT🤣 3-6,145
mobil dinas kaltim,https://www.tiktok.com/@sentilin_indonesia/video/7613820353550306581,@sentilin_indonesia,@arief.arf,https://www.tiktok.com/@arief.arf,ini kpk enggak curiga apa? 3-9,7
mobil dinas kaltim,https://www.tiktok.com/@sentilin_indonesia/video/7613820353550306581,@sentilin_indonesia,@allcippp,https://www.tiktok.com/@allcippp,Nih 3-6,46
mobil dinas kaltim,https://www.tiktok.com/@sentilin_indonesia/video/7613820353550306581,@sentilin_indonesia,@vicky.026,https://www.tiktok.com/@vicky.026,Ini Kan Yang Kemarin Bilang KDM Gubernur Konten? 3-9,7
mobil dinas kaltim,https://www.tiktok.com/@sentilin_indonesia/video/7613820353550306581,@sentilin_indonesia,@aeroskyviolet,https://www.tiktok.com/@aeroskyviolet,seorang wakil presiden aja mobil pribadinya zenix🤣 3-6,76
mobil dinas kaltim,https://www.tiktok.com/@sentilin_indonesia/video/7613820353550306581,@sentilin_indonesia,@pelloarief,https://www.tiktok.com/@pelloarief,masyrakat kaltim milih gubernur nya krna isi amplop🤣 3-7,30
mobil dinas kaltim,https://www.tiktok.com/@sentilin_indonesia/video/7613820353550306581,@sentilin_indonesia,@heruimans,https://www.tiktok.com/@heruimans,Lebih baik Gubernur Konten Bapak Aing 😌 3-6,92
mobil dinas kaltim,https://www.tiktok.com/@sentilin_indonesia/video/7613820353550306581,@sentilin_indonesia,@usernamenotfound12329,https://www.tiktok.com/@usernamenotfound12329,sebuah daerah dilihat dari masyarakatnya bukan dari kekayaan pemimpinnya 3-7,7
mobil dinas kaltim,https://www.tiktok.com/@sentilin_indonesia/video/7613820353550306581,@sentilin_indonesia,@jxaverious,https://www.tiktok.com/@jxaverious,toilet 3 m renovasi rumah 25 m mobil 8.5 m real Raja Kaltim 4-15,1
mobil dinas kaltim,https://www.tiktok.com/@sentilin_indonesia/video/7613820353550306581,@sentilin_indonesia,@broooo545,https://www.tiktok.com/@broooo545,"cara pola pikirnya salah banget,, jakarta jalan SDH bagus,, seharusnya utamakan infrastruktur jalan dahulu.. 3-7",95
mobil dinas kaltim,https://www.tiktok.com/@sentilin_indonesia/video/7613820353550306581,@sentilin_indonesia,@storytiktok6077,https://www.tiktok.com/@storytiktok6077,info bukber kaltim bang 3-6,20
mobil dinas kaltim,https://www.tiktok.com/@sentilin_indonesia/video/7613820353550306581,@sentilin_indonesia,@cucu.kurniawati51,https://www.tiktok.com/@cucu.kurniawati51,tamu global lewat mana pak jlnnya lumpur semua😳 3-6,481
mobil dinas kaltim,https://www.tiktok.com/@sentilin_indonesia/video/7613820353550306581,@sentilin_indonesia,@im_rudd,https://www.tiktok.com/@im_rudd,"minimal benerin jalan dulu, heran guehhh 3-7",5
mobil dinas kaltim,https://www.tiktok.com/@sentilin_indonesia/video/7613820353550306581,@sentilin_indonesia,@gumiwang58,https://www.tiktok.com/@gumiwang58,"dia itu berniat ngejadiin kaltim kayak Jurassic park apa gimana, masa jalanannya tanah kayak zaman purba 3-6",5
mobil dinas gubernur kaltim 8 5 miliar,https://www.tiktok.com/@relung.id/video/7611814381126520065,@relung.id,@thomo.thomo5,https://www.tiktok.com/@thomo.thomo5,"KPK cumah pantau aja , ko bisa yah.... 3-9",0
mobil dinas gubernur kaltim 8 5 miliar,https://www.tiktok.com/@relung.id/video/7611814381126520065,@relung.id,@in948,https://www.tiktok.com/@in948,kpk harus gerak cepat mantaap 3-5,2
mobil dinas gubernur kaltim 8 5 miliar,https://www.tiktok.com/@relung.id/video/7611814381126520065,@relung.id,@user4831345691684tomi,https://www.tiktok.com/@user4831345691684tomi,Harus di pantau itu 3-9,1
mobil dinas gubernur kaltim 8 5 miliar,https://www.tiktok.com/@relung.id/video/7611814381126520065,@relung.id,@agus.yudha23,https://www.tiktok.com/@agus.yudha23,jangan adal ngomong mas diberita mana 3-10,0
mobil dinas gubernur kaltim 8 5 miliar,https://www.tiktok.com/@relung.id/video/7611814381126520065,@relung.id,@agushs55,https://www.tiktok.com/@agushs55,Mudahan keba kasus 3-9,0
mobil dinas gubernur kaltim 8 5 miliar,https://www.tiktok.com/@relung.id/video/7611814381126520065,@relung.id,@putralumajang41,https://www.tiktok.com/@putralumajang41,harus di periksa KPK 3-7,0
mobil dinas gubernur kaltim 8 5 miliar,https://www.tiktok.com/@relung.id/video/7611814381126520065,@relung.id,@gunawanpermana22,https://www.tiktok.com/@gunawanpermana22,pantauannya jangan sampe mandek y 3-9,0
mobil dinas gubernur kaltim 8 5 miliar,https://www.tiktok.com/@relung.id/video/7611814381126520065,@relung.id,@ferry.caloso,https://www.tiktok.com/@ferry.caloso,BRAVO KPK 3-20,0
mobil dinas gubernur kaltim 8 5 miliar,https://www.tiktok.com/@relung.id/video/7611814381126520065,@relung.id,@ariesariel_,https://www.tiktok.com/@ariesariel_,bisakah ktp 3-5,0
mobil dinas gubernur kaltim 8 5 miliar,https://www.tiktok.com/@relung.id/video/7611814381126520065,@relung.id,@denny.d466,https://www.tiktok.com/@denny.d466,keluarganya juga 😄😄😄 3-5,0
mobil dinas gubernur kaltim 8 5 miliar,https://www.tiktok.com/@relung.id/video/7611814381126520065,@relung.id,@sinaga.parjalang61,https://www.tiktok.com/@sinaga.parjalang61,tangkap 3-6,0
mobil dinas gubernur kaltim 8 5 miliar,https://www.tiktok.com/@relung.id/video/7611814381126520065,@relung.id,@albert.jap6,https://www.tiktok.com/@albert.jap6,KPK GOOD JOB 3-20,0
mobil dinas gubernur kaltim 8 5 miliar,https://www.tiktok.com/@relung.id/video/7611814381126520065,@relung.id,@moh.suryadi397,https://www.tiktok.com/@moh.suryadi397,mantab KPK 3-4,0
mobil dinas gubernur kaltim 8 5 miliar,https://www.tiktok.com/@relung.id/video/7611814381126520065,@relung.id,@dede.m46,https://www.tiktok.com/@dede.m46,tolong KPK ke kaltim usut dulu dinastinya 3-2,2
mobil dinas gubernur kaltim 8 5 miliar,https://www.tiktok.com/@relung.id/video/7611814381126520065,@relung.id,@qianaa822,https://www.tiktok.com/@qianaa822,lambat 3-24,0
mobil dinas gubernur kaltim 8 5 miliar,https://www.tiktok.com/@relung.id/video/7611814381126520065,@relung.id,@putraderita920,https://www.tiktok.com/@putraderita920,KPK ga becus usut gobernur dan ketua dewan kal.tim. 3-24,0
mobil dinas gubernur kaltim 8 5 miliar,https://www.tiktok.com/@relung.id/video/7611814381126520065,@relung.id,@arbain.cuy,https://www.tiktok.com/@arbain.cuy,"ini baru betul ada apa gbernur ngotot ,KPK harus turun tangan semoga ada kesalahan dengan mobil ini ,,,,,apa ada kong kolingkong nya 3-22",0
mobil dinas gubernur kaltim 8 5 miliar,https://www.tiktok.com/@relung.id/video/7611814381126520065,@relung.id,@mang.isuh,https://www.tiktok.com/@mang.isuh,mantaf klu cept trun tangan KPK 3-22,0
mobil dinas gubernur kaltim 8 5 miliar,https://www.tiktok.com/@relung.id/video/7611814381126520065,@relung.id,@helmibatubara20,https://www.tiktok.com/@helmibatubara20,AUDIT DANA pajak kaltim 3-21,0
mobil dinas gubernur kaltim 8 5 miliar,https://www.tiktok.com/@relung.id/video/7611814381126520065,@relung.id,@kang_yanto1981,https://www.tiktok.com/@kang_yanto1981,jangan cuma dipantau segera sidak pasti terbukti 3-21,0
mobil dinas gubernur kaltim 8 5 miliar,https://www.tiktok.com/@damarmart/video/7631483584649481479,@asbo.titha,@1wanitahebat0,https://www.tiktok.com/@1wanitahebat0,di jaman pak Israk norr jln Kutai Timur bagus 4-23,37
mobil dinas gubernur kaltim 8 5 miliar,https://www.tiktok.com/@damarmart/video/7631483584649481479,@asbo.titha,@nona_manizze,https://www.tiktok.com/@nona_manizze,Terimakasih kasih Kaii atas Beasiswa Kal-Tim tuntas nya.. 🙏🙏 4-23,15
mobil dinas gubernur kaltim 8 5 miliar,https://www.tiktok.com/@damarmart/video/7631483584649481479,@asbo.titha,@sitibambang._,https://www.tiktok.com/@sitibambang._,semoga pak Isran Noor sehat selalu dan tetap lindungan Allah swt 🤲🤲🤲 4-23,22
mobil dinas gubernur kaltim 8 5 miliar,https://www.tiktok.com/@damarmart/video/7631483584649481479,@asbo.titha,@rendra.pratama491,https://www.tiktok.com/@rendra.pratama491,klu d bagus terpilih jgn mundur 4-23,1
mobil dinas gubernur kaltim 8 5 miliar,https://www.tiktok.com/@damarmart/video/7631483584649481479,@asbo.titha,@user1561321431059k,https://www.tiktok.com/@user1561321431059k,sehat selalu bapak Isran Noor 4-22,6
mobil dinas gubernur kaltim 8 5 miliar,https://www.tiktok.com/@damarmart/video/7631483584649481479,@asbo.titha,@user2388034077615,https://www.tiktok.com/@user2388034077615,Sehat slalu pak Isran Noor incca Allah bisa mimpin kembali KALTIM. 4-22,17
mobil dinas gubernur kaltim 8 5 miliar,https://www.tiktok.com/@damarmart/video/7631483584649481479,@asbo.titha,@zahramisrana,https://www.tiktok.com/@zahramisrana,itu baru mikirin masarakat nya 4-24,16
mobil dinas gubernur kaltim 8 5 miliar,https://www.tiktok.com/@damarmart/video/7631483584649481479,@asbo.titha,@indah81840,https://www.tiktok.com/@indah81840,pendukun rudy mas ud ndak usah baper kita buktikan lagi di 2030 insya allah 4-23,3
mobil dinas gubernur kaltim 8 5 miliar,https://www.tiktok.com/@damarmart/video/7631483584649481479,@asbo.titha,@user3403596300284,https://www.tiktok.com/@user3403596300284,intinya kalah 😁😅 4-24,0
mobil dinas gubernur kaltim 8 5 miliar,https://www.tiktok.com/@damarmart/video/7631483584649481479,@asbo.titha,@sabriichal,https://www.tiktok.com/@sabriichal,Mantap kai 👍👍👍👍👍 5-6,1
mobil dinas gubernur kaltim 8 5 miliar,https://www.tiktok.com/@damarmart/video/7631483584649481479,@asbo.titha,@wardana12346_1,https://www.tiktok.com/@wardana12346_1,Sehat selalu pak Isran Noo 4-25,2
mobil dinas gubernur kaltim 8 5 miliar,https://www.tiktok.com/@damarmart/video/7631483584649481479,@asbo.titha,@hananarsalan17,https://www.tiktok.com/@hananarsalan17,mantap pak tepat jawaban bapak dengar tu masud 5-29,1
mobil dinas gubernur kaltim 8 5 miliar,https://www.tiktok.com/@damarmart/video/7631483584649481479,@asbo.titha,@bintangyuditia,https://www.tiktok.com/@bintangyuditia,mantap KAI isranur saya pendukung kai 4-23,1
mobil dinas gubernur kaltim 8 5 miliar,https://www.tiktok.com/@damarmart/video/7631483584649481479,@asbo.titha,@jokouban,https://www.tiktok.com/@jokouban,Marwah iku opo yooo??? 4-23,0
mobil dinas gubernur kaltim 8 5 miliar,https://www.tiktok.com/@damarmart/video/7631483584649481479,@asbo.titha,@botoh699,https://www.tiktok.com/@botoh699,MENYALA BAPAK ISRAK NOOR..🥰🥰 4-27,1
mobil dinas gubernur kaltim 8 5 miliar,https://www.tiktok.com/@damarmart/video/7631483584649481479,@asbo.titha,@susanayuni446,https://www.tiktok.com/@susanayuni446,k A I keren 5-8,0
mobil dinas gubernur kaltim 8 5 miliar,https://www.tiktok.com/@damarmart/video/7631483584649481479,@asbo.titha,@rustam.manaf2,https://www.tiktok.com/@rustam.manaf2,Pak Isran belajar mub on 4-23,0
mobil dinas gubernur kaltim 8 5 miliar,https://www.tiktok.com/@damarmart/video/7631483584649481479,@asbo.titha,@user9431082096313,https://www.tiktok.com/@user9431082096313,betul tu kai mantap KAI pahamlah ikam 5-18,0
mobil dinas gubernur kaltim 8 5 miliar,https://www.tiktok.com/@damarmart/video/7631483584649481479,@asbo.titha,@nani.endang1,https://www.tiktok.com/@nani.endang1,🤲🤲🤲 sehat selalu kai dan H farid mudahan kembali jdi gebenur dan H farid wakilnya🤲 4-23,12
mobil dinas gubernur kaltim 8 5 miliar,https://www.tiktok.com/@damarmart/video/7631483584649481479,@asbo.titha,@suarchandi,https://www.tiktok.com/@suarchandi,"mantap kai , sehat slalu 4-23",0
mobil dinas gub kaltim 8 5 miliar,https://www.tiktok.com/@masss_mulll/video/7610745658986745095,@masss_mulll,@errykhienzsusanoo,https://www.tiktok.com/@errykhienzsusanoo,ini video asli nya kok gk ada ya apa di suruh hapus kah? @David Alfa Sunarna 5-8,0
mobil dinas gub kaltim 8 5 miliar,https://www.tiktok.com/@dokmus05/video/7610810591543823636,@dokmus05,@buyungtriono,https://www.tiktok.com/@buyungtriono,jika pejabat pakai mobil sederhana..justru rakyat semakin simpati pak...jaman berubah pak🤣🤣 2-25,1
mobil dinas gub kaltim 8 5 miliar,https://www.tiktok.com/@dokmus05/video/7610810591543823636,@dokmus05,@korneliusnorkemno,https://www.tiktok.com/@korneliusnorkemno,marwah dari Hongkong 3-1,0
mobil dinas gub kaltim 8 5 miliar,https://www.tiktok.com/@dokmus05/video/7610810591543823636,@dokmus05,@andrry_17,https://www.tiktok.com/@andrry_17,😂😂😂 2-25,1
mobil dinas gub kaltim 8 5 miliar,https://www.tiktok.com/@dokmus05/video/7610810591543823636,@dokmus05,@zambudisusilo42,https://www.tiktok.com/@zambudisusilo42,ternyata gaya kepemimpinan nya HEDON....😁😁😁😁 2-26,2
mobil dinas gub kaltim 8 5 miliar,https://www.tiktok.com/@dokmus05/video/7610810591543823636,@dokmus05,@subrotobroto887,https://www.tiktok.com/@subrotobroto887,stop bayar pajak adalah solusi agar indoneaia menjadi lebih baik 2-25,2
mobil dinas gub kaltim 8 5 miliar,https://www.tiktok.com/@sahambijak0/video/7611953329421421845,@sahambijak0,@gakkenall41,https://www.tiktok.com/@gakkenall41,"pejabat jepang ae naek sepeda, itu juga beli sendiri 3-1",9
mobil dinas gub kaltim 8 5 miliar,https://www.tiktok.com/@sahambijak0/video/7611953329421421845,@sahambijak0,@mas.t683,https://www.tiktok.com/@mas.t683,mas Gibran mobil apa yang di pake cobak 3-2,1
mobil dinas gub kaltim 8 5 miliar,https://www.tiktok.com/@sahambijak0/video/7611953329421421845,@sahambijak0,@alkyrizky,https://www.tiktok.com/@alkyrizky,masa Iyah mobil gubernur lebih mewah dari mobil presiden nya 🗿 3-25,2
mobil dinas gub kaltim 8 5 miliar,https://www.tiktok.com/@sahambijak0/video/7611953329421421845,@sahambijak0,@dhenzhan_37,https://www.tiktok.com/@dhenzhan_37,masa iya mobil nya bagus. yang naik nya jelek.. jaga dong Marwah mobil nya... 3-31,0
mobil dinas gub kaltim 8 5 miliar,https://www.tiktok.com/@sahambijak0/video/7611953329421421845,@sahambijak0,@satriaaaa.09,https://www.tiktok.com/@satriaaaa.09,mobil elit. jalan sulit 3-31,1
mobil dinas gub kaltim 8 5 miliar,https://www.tiktok.com/@sahambijak0/video/7611953329421421845,@sahambijak0,@hamzz_libingbing,https://www.tiktok.com/@hamzz_libingbing,"Prabowo aja mobil maung seharga 700juta lah itu malah 8,5m kocak 3-22",0
mobil dinas gub kaltim 8 5 miliar,https://www.tiktok.com/@sahambijak0/video/7611953329421421845,@sahambijak0,@user267962229,https://www.tiktok.com/@user267962229,gubernur kalteng no gengsi 3-2,1
mobil dinas gub kaltim 8 5 miliar,https://www.tiktok.com/@sahambijak0/video/7611953329421421845,@sahambijak0,@samsung.indo402,https://www.tiktok.com/@samsung.indo402,jalannya bos perbaiki bukan beli mobil mewahh😏 3-20,2
mobil dinas gub kaltim 8 5 miliar,https://www.tiktok.com/@sahambijak0/video/7611953329421421845,@sahambijak0,@emoykazol,https://www.tiktok.com/@emoykazol,pejabat pelawak itu 4-17,1
mobil dinas gub kaltim 8 5 miliar,https://www.tiktok.com/@sahambijak0/video/7611953329421421845,@sahambijak0,@zaidtoreto123,https://www.tiktok.com/@zaidtoreto123,pak contoh lah gubernur jabar....(kdm💖) 3-31,1
mobil dinas gub kaltim 8 5 miliar,https://www.tiktok.com/@sahambijak0/video/7611953329421421845,@sahambijak0,@elaajaa38,https://www.tiktok.com/@elaajaa38,masa Iyah mobil nya merosot jangan dong 4-26,0
mobil dinas gub kaltim 8 5 miliar,https://www.tiktok.com/@sahambijak0/video/7611953329421421845,@sahambijak0,@m.rezky.alkiansya,https://www.tiktok.com/@m.rezky.alkiansya,mobil elit buat jalan sulit 3-25,1
mobil dinas gub kaltim 8 5 miliar,https://www.tiktok.com/@sahambijak0/video/7611953329421421845,@sahambijak0,@hendraa0123,https://www.tiktok.com/@hendraa0123,eeeee.. eee eeee mweeeeh.. apa lahh 4-4,0
mobil dinas gub kaltim 8 5 miliar,https://www.tiktok.com/@sahambijak0/video/7611953329421421845,@sahambijak0,@fikih929,https://www.tiktok.com/@fikih929,beli mobil mewah itu luar biasa asalkan uang sendiri bukan uang anggaran daerah gak apa2 3-21,0
mobil dinas gub kaltim 8 5 miliar,https://www.tiktok.com/@sahambijak0/video/7611953329421421845,@sahambijak0,@anjas28674,https://www.tiktok.com/@anjas28674,mobil mewah jalan parah😅 4-28,0
mobil dinas gub kaltim 8 5 miliar,https://www.tiktok.com/@sahambijak0/video/7611953329421421845,@sahambijak0,@ridho.mulyono.001,https://www.tiktok.com/@ridho.mulyono.001,percuma mobil harga 8.5m kalau jalan nya lumpur 3-22,1
mobil dinas gub kaltim 8 5 miliar,https://www.tiktok.com/@sahambijak0/video/7611953329421421845,@sahambijak0,@waldiww3,https://www.tiktok.com/@waldiww3,nah itu 4-30,0
mobil dinas gub kaltim 8 5 miliar,https://www.tiktok.com/@sahambijak0/video/7611953329421421845,@sahambijak0,@mohamad.sofi12,https://www.tiktok.com/@mohamad.sofi12,percuma mobil mewah tapi pake uang rakyat😂😂😂😂 4-29,0
mobil dinas gub kaltim 8 5 miliar,https://www.tiktok.com/@sahambijak0/video/7611953329421421845,@sahambijak0,@nijar.nijar92,https://www.tiktok.com/@nijar.nijar92,mobil elit jalan solit 3-21,1
mobil dinas gub kaltim 8 5 miliar,https://www.tiktok.com/@sahambijak0/video/7611953329421421845,@sahambijak0,@gilang1237020,https://www.tiktok.com/@gilang1237020,nah itu dia 4-18,0
mobil dinas kaltim 8 5 miliar,https://www.tiktok.com/@aditya.yudono/video/7631554392633675028,@aditya.yudono,@kai20573,https://www.tiktok.com/@kai20573,[Stiker] jadiin gw gubernur deh 4-23,2
mobil dinas kaltim 8 5 miliar,https://www.tiktok.com/@aditya.yudono/video/7631554392633675028,@aditya.yudono,@aryaa.pangestu,https://www.tiktok.com/@aryaa.pangestu,untung gua di Jawa barat 4-23,2
mobil dinas kaltim 8 5 miliar,https://www.tiktok.com/@aditya.yudono/video/7631554392633675028,@aditya.yudono,@viyaa8992,https://www.tiktok.com/@viyaa8992,mobil elit jalan sulit 5-14,0
mobil dinas kaltim 8 5 miliar,https://www.tiktok.com/@aditya.yudono/video/7631554392633675028,@aditya.yudono,@arzyong,https://www.tiktok.com/@arzyong,jadi in gw gubernur aja lahh 4-23,4
mobil dinas kaltim 8 5 miliar,https://www.tiktok.com/@aditya.yudono/video/7631554392633675028,@aditya.yudono,@bang.jack7121,https://www.tiktok.com/@bang.jack7121,gubernur seperti ini yang bikin rakyat menjerit 4-23,0
mobil dinas kaltim 8 5 miliar,https://www.tiktok.com/@aditya.yudono/video/7631554392633675028,@aditya.yudono,@diaaann74,https://www.tiktok.com/@diaaann74,[Stiker] 4-24,1
mobil dinas kaltim 8 5 miliar,https://www.tiktok.com/@aditya.yudono/video/7631554392633675028,@aditya.yudono,@putra.jaya7542,https://www.tiktok.com/@putra.jaya7542,mantap mantap sip sip 4-23,0
mobil dinas kaltim 8 5 miliar,https://www.tiktok.com/@aditya.yudono/video/7631554392633675028,@aditya.yudono,@irahazka,https://www.tiktok.com/@irahazka,gubernur kaltim baningan 4-23,1
mobil dinas kaltim 8 5 miliar,https://www.tiktok.com/@aditya.yudono/video/7631554392633675028,@aditya.yudono,@candrasirait88official,https://www.tiktok.com/@candrasirait88official,bagus toh 4-23,0
mobil dinas kaltim 8 5 miliar,https://www.tiktok.com/@aditya.yudono/video/7631554392633675028,@aditya.yudono,@sigma.cat50,https://www.tiktok.com/@sigma.cat50,gw di kaltim 4-23,0
mobil dinas kaltim 8 5 miliar,https://www.tiktok.com/@aditya.yudono/video/7631554392633675028,@aditya.yudono,@ramnah.123,https://www.tiktok.com/@ramnah.123,kerennya 4-24,0
mobil dinas kaltim 8 5 miliar,https://www.tiktok.com/@aditya.yudono/video/7631554392633675028,@aditya.yudono,@izanizan294,https://www.tiktok.com/@izanizan294,"ksi trun gubernur nya,, terlluh 4-23",1
mobil dinas kaltim 8 5 miliar,https://www.tiktok.com/@aditya.yudono/video/7631554392633675028,@aditya.yudono,@chassie549,https://www.tiktok.com/@chassie549,nepalkan 4-23,1
mobil dinas kaltim 8 5 miliar,https://www.tiktok.com/@aditya.yudono/video/7631554392633675028,@aditya.yudono,@boinibrahim8,https://www.tiktok.com/@boinibrahim8,hemat buat rakyat buat pejabat poya poya omon omon 4-23,1
mobil dinas kaltim 8 5 miliar,https://www.tiktok.com/@aditya.yudono/video/7631554392633675028,@aditya.yudono,@nuryati5144,https://www.tiktok.com/@nuryati5144,memperkaya diri 5-16,0
mobil dinas kaltim 8 5 miliar,https://www.tiktok.com/@aditya.yudono/video/7631554392633675028,@aditya.yudono,@yan.lim.kam.siu,https://www.tiktok.com/@yan.lim.kam.siu,😂😂😂😂 pecat sudah 5-13,0
mobil dinas kaltim 8 5 miliar,https://www.tiktok.com/@aditya.yudono/video/7631554392633675028,@aditya.yudono,@rahman.aja812,https://www.tiktok.com/@rahman.aja812,kmi warga kltim sangat setuju 5-3,0
mobil dinas kaltim 8 5 miliar,https://www.tiktok.com/@aditya.yudono/video/7631554392633675028,@aditya.yudono,@rusmanboding,https://www.tiktok.com/@rusmanboding,"solusi yg paling bener, gubernur kaltim ganti 5-2",0
mobil dinas kaltim 8 5 miliar,https://www.tiktok.com/@aditya.yudono/video/7631554392633675028,@aditya.yudono,@zakariazakra,https://www.tiktok.com/@zakariazakra,pecat aja 4-30,0
mobil dinas kaltim 8 5 miliar,https://www.tiktok.com/@3halll/video/7611863206281137428,@3halll,@uyun74773,https://www.tiktok.com/@uyun74773,kenapa gk beli pejero atau fortuner kan bisa?? 4-4,0
mobil dinas kaltim 8 5 miliar,https://www.tiktok.com/@3halll/video/7611863206281137428,@3halll,@ayy4shgibr4n,https://www.tiktok.com/@ayy4shgibr4n,iya kan tidak perlu beli mobil mahal kan ada fortuner dan pajero yang harganya tidak mahal mahalgitulah paling takharga 3miryar adu bikin habis uagngr 3-27,0
mobil dinas kaltim 8 5 miliar,https://www.tiktok.com/@3halll/video/7611863206281137428,@3halll,@maulanamalikkeren,https://www.tiktok.com/@maulanamalikkeren,buset duit segitu benerin jalan marmer bisa itu 3-25,2
mobil dinas kaltim 8 5 miliar,https://www.tiktok.com/@3halll/video/7611863206281137428,@3halll,@shiddiq85,https://www.tiktok.com/@shiddiq85,gubernurnya cuman mementingkan diri sendiri 3-22,1
mobil dinas kaltim 8 5 miliar,https://www.tiktok.com/@3halll/video/7611863206281137428,@3halll,@varo26288,https://www.tiktok.com/@varo26288,"presiden aja pakek mobil 700 juta masak gubernur pake mobil 8,5 M. setuju like 5-16",1
mobil dinas kaltim 8 5 miliar,https://www.tiktok.com/@3halll/video/7611863206281137428,@3halll,@arkatama340,https://www.tiktok.com/@arkatama340,p 2-28,3
mobil dinas kaltim 8 5 miliar,https://www.tiktok.com/@3halll/video/7611863206281137428,@3halll,@uji.coba.ke.100,https://www.tiktok.com/@uji.coba.ke.100,kalo kata gw mah anggaran segitu mah betulin jalan bukan malah beli mobil 8.5 m 2-28,5
mobil dinas kaltim 8 5 miliar,https://www.tiktok.com/@3halll/video/7611863206281137428,@3halll,@arfaalkapi,https://www.tiktok.com/@arfaalkapi,kenapaya tinggal beli isuzu mux 4-27,0
mobil dinas kaltim 8 5 miliar,https://www.tiktok.com/@3halll/video/7611863206281137428,@3halll,@nama.ku.alul.929,https://www.tiktok.com/@nama.ku.alul.929,kenapa gak beli Toyota land cruiser harga nya aja lengkap 2.5 Miliar 😊😊 4-18,2
mobil dinas kaltim 8 5 miliar,https://www.tiktok.com/@3halll/video/7611863206281137428,@3halll,@riski.sterong.yt,https://www.tiktok.com/@riski.sterong.yt,mau beli mobil dinas Range Rover seharga 5-23,0
mobil dinas kaltim 8 5 miliar,https://www.tiktok.com/@3halll/video/7611863206281137428,@3halll,@ahmad.sayid.abdul7,https://www.tiktok.com/@ahmad.sayid.abdul7,Jalanan aja yang di perbaiki masih ada kembalian 🧐🧐🧐🧐 3-26,1
mobil dinas kaltim 8 5 miliar,https://www.tiktok.com/@3halll/video/7611863206281137428,@3halll,@ammarzai650,https://www.tiktok.com/@ammarzai650,napa tak betulkan jalan je😅 3-9,1
mobil dinas kaltim 8 5 miliar,https://www.tiktok.com/@3halll/video/7611863206281137428,@3halll,@nugerahantofilza20,https://www.tiktok.com/@nugerahantofilza20,"padahal banyak mobil tangguh lainnya kayak Ford , Pajero , Fortuner dll itu kan dibawah 1m 3-23",1
mobil dinas kaltim 8 5 miliar,https://www.tiktok.com/@3halll/video/7611863206281137428,@3halll,@mgaffar887,https://www.tiktok.com/@mgaffar887,mobil jeep aja kuat 3-25,0
mobil dinas kaltim 8 5 miliar,https://www.tiktok.com/@3halll/video/7611863206281137428,@3halll,@fans.el.real0,https://www.tiktok.com/@fans.el.real0,bukan nya ditambal jalan nya tapi membeli mobil mahal 3-25,0
mobil dinas kaltim 8 5 miliar,https://www.tiktok.com/@3halll/video/7611863206281137428,@3halll,@kinabe.lay30,https://www.tiktok.com/@kinabe.lay30,"Wee presiden sa dia punya mobil 700juta sa nih masa hanya gubernur sa harus 8,5m nc 4-25",1
mobil dinas kaltim 8 5 miliar,https://www.tiktok.com/@3halll/video/7611863206281137428,@3halll,@hanznguacowok,https://www.tiktok.com/@hanznguacowok,baru aja liat Prabowo bilang mobil 8.5m😂 3-26,0
mobil dinas kaltim 8 5 miliar,https://www.tiktok.com/@3halll/video/7611863206281137428,@3halll,@azzam.pratama091,https://www.tiktok.com/@azzam.pratama091,tinggal di bagusin jalannya dan beli mobil yang lebih murah apa susah nya 4-9,0
mobil dinas kaltim 8 5 miliar,https://www.tiktok.com/@3halll/video/7611863206281137428,@3halll,@cideen_v,https://www.tiktok.com/@cideen_v,lu follow gw fb 3-29,0
mobil dinas kaltim 8 5 miliar,https://www.tiktok.com/@3halll/video/7611863206281137428,@3halll,@m.ilham.entong,https://www.tiktok.com/@m.ilham.entong,itu kata saya buyan percuma itu kan jalan yah yang rusak jadi di perbaikin lah 3-25,0
"mobil dinas gubernur kaltim 8,5 miliar",https://www.tiktok.com/@operasikhusus/video/7610752915036310791,@operasikhusus,@user4752781248182,https://www.tiktok.com/@user4752781248182,mobil mentri gak sampai segitu harganya 2-27,0
"mobil dinas gubernur kaltim 8,5 miliar",https://www.tiktok.com/@operasikhusus/video/7610752915036310791,@operasikhusus,@leonardo_di_catmeeow,https://www.tiktok.com/@leonardo_di_catmeeow,"Emang bukan sekedarnya, tapi ya jangan yang paling mewah juga. Itu kan bukan uang kamu. Kalo kamu beli pake duit sendiri Roll Royce juga gak apa 2-25",0
"mobil dinas gubernur kaltim 8,5 miliar",https://www.tiktok.com/@operasikhusus/video/7610752915036310791,@operasikhusus,@user9292094939676,https://www.tiktok.com/@user9292094939676,"Fortuner, Pajero dan yg selevel sdh cukup kok. 2-25",0
"mobil dinas gubernur kaltim 8,5 miliar",https://www.tiktok.com/@operasikhusus/video/7610752915036310791,@operasikhusus,@yudizuki,https://www.tiktok.com/@yudizuki,pakai mobil ford aja pak 2-26,0
"mobil dinas gubernur kaltim 8,5 miliar",https://www.tiktok.com/@operasikhusus/video/7610752915036310791,@operasikhusus,@aktor_mudamusik,https://www.tiktok.com/@aktor_mudamusik,pake angkot 2-25,0
"mobil dinas gubernur kaltim 8,5 miliar",https://www.tiktok.com/@operasikhusus/video/7610752915036310791,@operasikhusus,@user4752781248182,https://www.tiktok.com/@user4752781248182,mobil untuk keluarga gengsi nya dia sendiriiiiiiiiii 2-27,0
"mobil dinas gubernur kaltim 8,5 miliar",https://www.tiktok.com/@operasikhusus/video/7610752915036310791,@operasikhusus,@ranibengkel,https://www.tiktok.com/@ranibengkel,Pesan Esemka bos seperti Mulyono...😁😁😁 2-25,0
"mobil dinas gubernur kaltim 8,5 miliar",https://www.tiktok.com/@operasikhusus/video/7610752915036310791,@operasikhusus,@matroo02,https://www.tiktok.com/@matroo02,"jual batu bara n minyak juga menjarah hutan masih makan duit pajak pula, 2-25",0
"mobil dinas gubernur kaltim 8,5 miliar",https://www.tiktok.com/@operasikhusus/video/7610752915036310791,@operasikhusus,@supribahtiar990,https://www.tiktok.com/@supribahtiar990,beli saja roket baru bapak ke planet mars 😂😂😂😂😂 2-25,0
"mobil dinas gubernur kaltim 8,5 miliar",https://www.tiktok.com/@operasikhusus/video/7610752915036310791,@operasikhusus,@midimidi7676,https://www.tiktok.com/@midimidi7676,"Pindad suruh bikin cepat kendaraan 4x4 yg ramah medan berat, biar kepala dserah seluruh Indonesia pakai kendaraan yg seragam 2-25",0
"mobil dinas gubernur kaltim 8,5 miliar",https://www.tiktok.com/@morrodin88/video/7611104729929747733,@morrodin88,@joddy354,https://www.tiktok.com/@joddy354,si gubernur cukup pake innova dan sisanya buat perbaikan jalan 2-26,30
"mobil dinas gubernur kaltim 8,5 miliar",https://www.tiktok.com/@morrodin88/video/7611104729929747733,@morrodin88,@leo_macan,https://www.tiktok.com/@leo_macan,uang pajak hasil dari setoran pertambangan itu ya bang 2-26,12
"mobil dinas gubernur kaltim 8,5 miliar",https://www.tiktok.com/@morrodin88/video/7611104729929747733,@morrodin88,@achiang.abie,https://www.tiktok.com/@achiang.abie,"Marwah pemimpin tidak ditentukan oleh seberapa mahal harga mobil yg di tumpanginya yg notabene nya dari uang rakyat, marwah seorang pemimpin di tentukan oleh seberapa berhasilnya beliau memimpin mensejahterakan dan menegakkan keadilan sosial rakyatnya. 2-28",4
"mobil dinas gubernur kaltim 8,5 miliar",https://www.tiktok.com/@morrodin88/video/7611104729929747733,@morrodin88,@ekorinis,https://www.tiktok.com/@ekorinis,Yang diperbaiki sarananya dang pak Gebernur 2-26,5
"mobil dinas gubernur kaltim 8,5 miliar",https://www.tiktok.com/@morrodin88/video/7611104729929747733,@morrodin88,@user516765907090,https://www.tiktok.com/@user516765907090,ini kan gubenur 200 ribu.😇😇 2-27,3
"mobil dinas gubernur kaltim 8,5 miliar",https://www.tiktok.com/@morrodin88/video/7611104729929747733,@morrodin88,@yahooyay08,https://www.tiktok.com/@yahooyay08,"duhhhh pak Gub.....semoga semua sarana prasarana, infrastruktur kaltim telah disediakan/dibangun dengan baik untuk meningkatkan perekonomian dan kesejateraan. ada standarisasi spek dan harga kendaraan. estimasi rata2 harga mobil dinas menteri 1,5 M???? 2-26",2
"mobil dinas gubernur kaltim 8,5 miliar",https://www.tiktok.com/@morrodin88/video/7611104729929747733,@morrodin88,@e7.id,https://www.tiktok.com/@e7.id,dari ban aja gak keliatan off road 🗿 3-4,1
"mobil dinas gubernur kaltim 8,5 miliar",https://www.tiktok.com/@morrodin88/video/7611104729929747733,@morrodin88,@adi.purwanto96,https://www.tiktok.com/@adi.purwanto96,"kl menurut sy sih ga papa,,, enjoy aja selam duit yg buat beli bkn hasil dr korupsi 3-5",0
"mobil dinas gubernur kaltim 8,5 miliar",https://www.tiktok.com/@morrodin88/video/7611104729929747733,@morrodin88,@usercwqucm36gm,https://www.tiktok.com/@usercwqucm36gm,"kan cuma wakil rakyat,rakyatnya aja naik Mio second STNK doank,,, wakilnya range Rover autobiograpy 3-9",0
"mobil dinas gubernur kaltim 8,5 miliar",https://www.tiktok.com/@morrodin88/video/7611104729929747733,@morrodin88,@masagus130888,https://www.tiktok.com/@masagus130888,klo dana pribadi nya sendiri ya gpp. yg penting jangan uang dari korupsi 3-24,0
"mobil dinas gubernur kaltim 8,5 miliar",https://www.tiktok.com/@morrodin88/video/7611104729929747733,@morrodin88,@lila99951,https://www.tiktok.com/@lila99951,jangan donk sambil senyum2😁 bikin gemess 2-26,0
"mobil dinas gubernur kaltim 8,5 miliar",https://www.tiktok.com/@morrodin88/video/7611104729929747733,@morrodin88,@rizal.rizal4096,https://www.tiktok.com/@rizal.rizal4096,"Marwan itu banyak istilah, jangan di salah artikan 😁 2-26",2
"mobil dinas gubernur kaltim 8,5 miliar",https://www.tiktok.com/@morrodin88/video/7611104729929747733,@morrodin88,@kangali071,https://www.tiktok.com/@kangali071,[Stiker] 4-20,0
"mobil dinas gubernur kaltim 8,5 miliar",https://www.tiktok.com/@morrodin88/video/7611104729929747733,@morrodin88,@user395437434597,https://www.tiktok.com/@user395437434597,itu egois bos 3-21,0
"mobil dinas gubernur kaltim 8,5 miliar",https://www.tiktok.com/@morrodin88/video/7611104729929747733,@morrodin88,@user364899351,https://www.tiktok.com/@user364899351,marwah itu spa sij arti dan tujuannya 2-28,0
"mobil dinas gubernur kaltim 8,5 miliar",https://www.tiktok.com/@morrodin88/video/7611104729929747733,@morrodin88,@putralasak3,https://www.tiktok.com/@putralasak3,jangan sampai KDM tau... 😅😅😅 3-3,0
"mobil dinas gubernur kaltim 8,5 miliar",https://www.tiktok.com/@morrodin88/video/7611104729929747733,@morrodin88,@hilm4255,https://www.tiktok.com/@hilm4255,klo ariel sih punya mobil ini pke duit pribadi 3-30,0
"mobil dinas gubernur kaltim 8,5 miliar",https://www.tiktok.com/@morrodin88/video/7611104729929747733,@morrodin88,@aming3203,https://www.tiktok.com/@aming3203,susah di omong 2-26,1
"mobil dinas gubernur kaltim 8,5 miliar",https://www.tiktok.com/@morrodin88/video/7611104729929747733,@morrodin88,@sammpras,https://www.tiktok.com/@sammpras,gubernur keren nii 2-27,0
"mobil dinas gubernur kaltim 8,5 miliar",https://www.tiktok.com/@morrodin88/video/7611104729929747733,@morrodin88,@rosid.wijaya42,https://www.tiktok.com/@rosid.wijaya42,mukanya polos 3-5,0
"mobil dinas gub kaltim 8,5 miliar",https://www.tiktok.com/@aryo.g1/video/7611001576907427090,@aryo.g1,@aileen.550,https://www.tiktok.com/@aileen.550,logika pejabat jalan rusak bukannya diperbaiki malah beli mobil biar bisa lewat di jalan rusak 🤣✨ 2-26,0
"mobil dinas gub kaltim 8,5 miliar",https://www.tiktok.com/@aryo.g1/video/7611001576907427090,@aryo.g1,@dionc615,https://www.tiktok.com/@dionc615,KPK dipersilahkan 2-26,0
"mobil dinas gub kaltim 8,5 miliar",https://www.tiktok.com/@aryo.g1/video/7611001576907427090,@aryo.g1,@safari.ari4,https://www.tiktok.com/@safari.ari4,"katanya demi Marwah,,harusnya demi sawah ,itu baru masukk bos,,🤣🤣 2-26",0
"mobil dinas gub kaltim 8,5 miliar",https://www.tiktok.com/@aryo.g1/video/7611001576907427090,@aryo.g1,@ugidamarpalang,https://www.tiktok.com/@ugidamarpalang,giliran kita bnyar pajak mhal bnar 2-26,0
"mobil dinas gub kaltim 8,5 miliar",https://www.tiktok.com/@tyasmira81/video/7610723179446783252,@tyasmira81,@bembeng.mario,https://www.tiktok.com/@bembeng.mario,sama kaya anis manis di awal pahit di akhir 2-28,0
"mobil dinas gub kaltim 8,5 miliar",https://www.tiktok.com/@tyasmira81/video/7610723179446783252,@tyasmira81,@henaasaefa97_,https://www.tiktok.com/@henaasaefa97_,"pa 8,5M mending buat perbiki jalan atau apa kek malah mau buat beli mobil gimana sih 2-26",0
"mobil dinas gub kaltim 8,5 miliar",https://www.tiktok.com/@tyasmira81/video/7610723179446783252,@tyasmira81,@dei8787,https://www.tiktok.com/@dei8787,"We ❤️U Mas WaPres yg Rendah Hati tapi SAT SET kerjanya... Bismillah, Semoga Allah senantiasa karuniakan Barokah, kesehat, Perlindungan, Kesuksesan & Kebahagiaan. Aamiin YRA🤲🤲🤲🙏🙏🙏🥰🥰🥰❤️❤️❤️🇮🇩🇮🇩🇮🇩🇮🇩🇮🇩🇮🇩🇮🇩🇮🇩🇮🇩 2-28",0
"mobil dinas gub kaltim 8,5 miliar",https://www.tiktok.com/@tyasmira81/video/7610723179446783252,@tyasmira81,@rendyalzamaini,https://www.tiktok.com/@rendyalzamaini,😂 5-23,0
"mobil dinas gub kaltim 8,5 miliar",https://www.tiktok.com/@tyasmira81/video/7610723179446783252,@tyasmira81,@sukardi196842,https://www.tiktok.com/@sukardi196842,👍👍👍 4-27,0
"mobil dinas gub kaltim 8,5 miliar",https://www.tiktok.com/@tyasmira81/video/7610723179446783252,@tyasmira81,@bagiox391,https://www.tiktok.com/@bagiox391,😂 4-27,0
"mobil dinas gub kaltim 8,5 miliar",https://www.tiktok.com/@tyasmira81/video/7610723179446783252,@tyasmira81,@bagiox391,https://www.tiktok.com/@bagiox391,🥰 4-27,0
"mobil dinas gub kaltim 8,5 miliar",https://www.tiktok.com/@ip.alphawolf/video/7629140462753926420,@ip.alphawolf,@imelkristin472,https://www.tiktok.com/@imelkristin472,"bilang aja mau fasilitas mewah, walaupun jln msih bnyak yg rusak 4-16",489
"mobil dinas gub kaltim 8,5 miliar",https://www.tiktok.com/@ip.alphawolf/video/7629140462753926420,@ip.alphawolf,@baitabung_14,https://www.tiktok.com/@baitabung_14,"masa mobil nya mewah,yg naikin biasa aja jngan dong jaga dong marwah mobilnya 4-18",37
"mobil dinas gub kaltim 8,5 miliar",https://www.tiktok.com/@ip.alphawolf/video/7629140462753926420,@ip.alphawolf,@lindaibrahim06,https://www.tiktok.com/@lindaibrahim06,jln yg rusak parah itu hrs cpt di perbaiki itu yg penting 4-16,108
"mobil dinas gub kaltim 8,5 miliar",https://www.tiktok.com/@ip.alphawolf/video/7629140462753926420,@ip.alphawolf,@faisalanwar011,https://www.tiktok.com/@faisalanwar011,Mulut manis nih orang jgn percaya... 4-16,157
"mobil dinas gub kaltim 8,5 miliar",https://www.tiktok.com/@ip.alphawolf/video/7629140462753926420,@ip.alphawolf,@libraa_93.0,https://www.tiktok.com/@libraa_93.0,JALAN KALTIM KAPAN DI BAIKIN PAK 4-17,4
"mobil dinas gub kaltim 8,5 miliar",https://www.tiktok.com/@ip.alphawolf/video/7629140462753926420,@ip.alphawolf,@banyak.angkrem_,https://www.tiktok.com/@banyak.angkrem_,gubernur ga bener nih 4-17,16
"mobil dinas gub kaltim 8,5 miliar",https://www.tiktok.com/@ip.alphawolf/video/7629140462753926420,@ip.alphawolf,@bglesmana6,https://www.tiktok.com/@bglesmana6,apa hubungan nya dengan kemewahan kendaraan pak? sesungguh nya marwah kaltim ekonomi rakyat nya meningkat jalan di kaltim bagus semua dan kesederhanaan pejabat nya itu marwah sesungguh nya.. 4-16,46
"mobil dinas gub kaltim 8,5 miliar",https://www.tiktok.com/@ip.alphawolf/video/7629140462753926420,@ip.alphawolf,@asiaanur96,https://www.tiktok.com/@asiaanur96,Blunder terus ya gubernur kaltim ini 😅 4-16,4
"mobil dinas gub kaltim 8,5 miliar",https://www.tiktok.com/@ip.alphawolf/video/7629140462753926420,@ip.alphawolf,@heyseptianm,https://www.tiktok.com/@heyseptianm,4-17,19
"mobil dinas gub kaltim 8,5 miliar",https://www.tiktok.com/@ip.alphawolf/video/7629140462753926420,@ip.alphawolf,@lordjemboed,https://www.tiktok.com/@lordjemboed,udah jan banyak basa basi ganti gak bener ni 4-17,7
"mobil dinas gub kaltim 8,5 miliar",https://www.tiktok.com/@ip.alphawolf/video/7629140462753926420,@ip.alphawolf,@baru2596,https://www.tiktok.com/@baru2596,bnyak omng kinerja zonk 4-16,28
"mobil dinas gub kaltim 8,5 miliar",https://www.tiktok.com/@ip.alphawolf/video/7629140462753926420,@ip.alphawolf,@igris210,https://www.tiktok.com/@igris210,Marwah Kaltim mobil mewah tapi jalan banyak rusak dimana letak titik marwahnya?? 4-17,4
"mobil dinas gub kaltim 8,5 miliar",https://www.tiktok.com/@ip.alphawolf/video/7629140462753926420,@ip.alphawolf,@arjunasatya01,https://www.tiktok.com/@arjunasatya01,"perbaiki dulu jalananmu bro,..biar Marwah jalannya Kaltim di kenal secara Global,.. 4-22",0
"mobil dinas gub kaltim 8,5 miliar",https://www.tiktok.com/@ip.alphawolf/video/7629140462753926420,@ip.alphawolf,@xtensy79,https://www.tiktok.com/@xtensy79,du5ta 4-21,0
"mobil dinas gub kaltim 8,5 miliar",https://www.tiktok.com/@ip.alphawolf/video/7629140462753926420,@ip.alphawolf,@dominicus.vita,https://www.tiktok.com/@dominicus.vita,masa iya dealer mau di kembalikan gitu saja mobil.... semua org pasti tau itu gk mungkin di kembalikan 4-17,3
"mobil dinas gub kaltim 8,5 miliar",https://www.tiktok.com/@ip.alphawolf/video/7629140462753926420,@ip.alphawolf,@ipzzaja0210,https://www.tiktok.com/@ipzzaja0210,4-29,0
"mobil dinas gub kaltim 8,5 miliar",https://www.tiktok.com/@ip.alphawolf/video/7629140462753926420,@ip.alphawolf,@dwardana86,https://www.tiktok.com/@dwardana86,masa iya jalannya ga di perbaiki jaga donk marwahnya 😂 4-26,0
"mobil dinas gub kaltim 8,5 miliar",https://www.tiktok.com/@ip.alphawolf/video/7629140462753926420,@ip.alphawolf,@yantokhan2026,https://www.tiktok.com/@yantokhan2026,kpk tolong ini org di audit 5-4,0
"mobil dinas gub kaltim 8,5 miliar",https://www.tiktok.com/@ip.alphawolf/video/7629140462753926420,@ip.alphawolf,@elbaf_loki,https://www.tiktok.com/@elbaf_loki,emg jalan rusak gamalu? 4-17,1
"mobil dinas gub kaltim 8,5 miliar",https://www.tiktok.com/@ip.alphawolf/video/7629140462753926420,@ip.alphawolf,@jieeeeebon,https://www.tiktok.com/@jieeeeebon,jangan mikirin mobil dulu pak jalan aja benerin 4-18,9
pengadaan mobil dinas gubernur kaltim,https://www.tiktok.com/@balikpapantv_official/video/7612479352479026453,@balikpapantv_official,@paceeinstein21,https://www.tiktok.com/@paceeinstein21,3-2,0
pengadaan mobil dinas gubernur kaltim,https://www.tiktok.com/@balikpapantv_official/video/7612479352479026453,@balikpapantv_official,@d14nberau,https://www.tiktok.com/@d14nberau,"ktua dprd anda itu wakil rakyat, liat rakyat anda, klau mobil tdak kuat smpai teduduk jalannya ksih bgus, bukan bli mobil mhal 5-5",1
pengadaan mobil dinas gubernur kaltim,https://www.tiktok.com/@balikpapantv_official/video/7612479352479026453,@balikpapantv_official,@jumatia.sirampe,https://www.tiktok.com/@jumatia.sirampe,presiden saja pakai mobil 7 rts jt 5-2,0
pengadaan mobil dinas gubernur kaltim,https://www.tiktok.com/@balikpapantv_official/video/7612479352479026453,@balikpapantv_official,@erdedy1965,https://www.tiktok.com/@erdedy1965,bersaudara ingin hidup mewahan 3-3,0
pengadaan mobil dinas gubernur kaltim,https://www.tiktok.com/@balikpapantv_official/video/7612479352479026453,@balikpapantv_official,@grbalaborneo5,https://www.tiktok.com/@grbalaborneo5,adek kakak sama saja 3-2,0
pengadaan mobil dinas gubernur kaltim,https://www.tiktok.com/@balikpapantv_official/video/7612479352479026453,@balikpapantv_official,@muhamat.endy,https://www.tiktok.com/@muhamat.endy,😂😂😂 3-2,0
pengadaan mobil dinas gubernur kaltim,https://www.tiktok.com/@yanzyyy.affiliate3/video/7613986074703973652,@yanzyyy.affiliate3,@laila9764,https://www.tiktok.com/@laila9764,🤣🤣🤣 3-6,0
pengadaan mobil dinas gubernur kaltim,https://www.tiktok.com/@wakandatalks_id/video/7610767646996368661,@wakandatalks_id,@ayah.athar8,https://www.tiktok.com/@ayah.athar8,oi oi oi oi oooooii 2-28,0
pengadaan mobil dinas gubernur kaltim,https://www.tiktok.com/@wakandatalks_id/video/7610767646996368661,@wakandatalks_id,@unyilsyalala,https://www.tiktok.com/@unyilsyalala,Marwah nya jalan di alusin pak 2-25,0
pengadaan mobil dinas gubernur kaltim,https://www.tiktok.com/@wakandatalks_id/video/7610767646996368661,@wakandatalks_id,@iamjadenhokuowei,https://www.tiktok.com/@iamjadenhokuowei,Gubenur syampachhh😅😅😅 2-25,1
pengadaan mobil dinas gubernur kaltim,https://www.tiktok.com/@wakandatalks_id/video/7610767646996368661,@wakandatalks_id,@nuryanto.to,https://www.tiktok.com/@nuryanto.to,karyawan outsourcing g ngerasa 5-24,0
pengadaan mobil dinas gubernur kaltim,https://www.tiktok.com/@wakandatalks_id/video/7610767646996368661,@wakandatalks_id,@shilia920,https://www.tiktok.com/@shilia920,🤣 4-23,0
pengadaan mobil dinas gubernur kaltim,https://www.tiktok.com/@beritaenamdua/video/7612139610507873557,@beritaenamdua,@irvanvansk,https://www.tiktok.com/@irvanvansk,malah bahas mobil 🤣 3-1,0
pengadaan mobil dinas gubernur kaltim,https://www.tiktok.com/@beritaenamdua/video/7612139610507873557,@beritaenamdua,@pwn_garage1,https://www.tiktok.com/@pwn_garage1,pinter omong 3-1,8
pengadaan mobil dinas gubernur kaltim,https://www.tiktok.com/@beritaenamdua/video/7612139610507873557,@beritaenamdua,@andriastutimuria3,https://www.tiktok.com/@andriastutimuria3,HOOOYYY ITU... UANG RAKYAT.. LEBIH BAIK UNTUK MEMPERBAIKI JALAN JEMBATAN YANG BERMANFA'AT UNTUK RAKYATNYA 3-1,3
pengadaan mobil dinas gubernur kaltim,https://www.tiktok.com/@beritaenamdua/video/7612139610507873557,@beritaenamdua,@darmawandarmawan04,https://www.tiktok.com/@darmawandarmawan04,"tapi nda usah beli mobil yg harganya 8' 5 untuk di pake mininjau bos , mobil masih ada harganya 3 m bos 3-1",1
pengadaan mobil dinas gubernur kaltim,https://www.tiktok.com/@beritaenamdua/video/7612139610507873557,@beritaenamdua,@changliya,https://www.tiktok.com/@changliya,waduhh mobil mewah .jalan nya rusak nanti monil cepat rusak 3-1,1
pengadaan mobil dinas gubernur kaltim,https://www.tiktok.com/@beritaenamdua/video/7612139610507873557,@beritaenamdua,@incess.99,https://www.tiktok.com/@incess.99,mobil dia di beli pakek dana angaran😆 3-1,0
pengadaan mobil dinas gubernur kaltim,https://www.tiktok.com/@beritaenamdua/video/7612139610507873557,@beritaenamdua,@anakdhieke,https://www.tiktok.com/@anakdhieke,yg ditunjang tuh jalannyaa woiiii 3-1,2
pengadaan mobil dinas gubernur kaltim,https://www.tiktok.com/@beritaenamdua/video/7612139610507873557,@beritaenamdua,@dimas_f37,https://www.tiktok.com/@dimas_f37,matane 3-1,2
pengadaan mobil dinas gubernur kaltim,https://www.tiktok.com/@beritaenamdua/video/7612139610507873557,@beritaenamdua,@nugraha_818,https://www.tiktok.com/@nugraha_818,Lah 3-1,0
pengadaan mobil dinas gubernur kaltim,https://www.tiktok.com/@beritaenamdua/video/7612139610507873557,@beritaenamdua,@yusuf.setiawan89,https://www.tiktok.com/@yusuf.setiawan89,beli hilux aja kenapa harus yg miliaran 3-1,1
pengadaan mobil dinas gubernur kaltim,https://www.tiktok.com/@beritaenamdua/video/7612139610507873557,@beritaenamdua,@tt.diecast1,https://www.tiktok.com/@tt.diecast1,3-1,0
pengadaan mobil dinas gubernur kaltim,https://www.tiktok.com/@beritaenamdua/video/7612139610507873557,@beritaenamdua,@.hartanto,https://www.tiktok.com/@.hartanto,maklum saja dulu waktu Pilgub habis banyak wajarlah mintak fasilitas yg mewah 3-1,1
pengadaan mobil dinas gubernur kaltim,https://www.tiktok.com/@beritaenamdua/video/7612139610507873557,@beritaenamdua,@delott62,https://www.tiktok.com/@delott62,kayak kerja aja 3-2,0
pengadaan mobil dinas gubernur kaltim,https://www.tiktok.com/@beritaenamdua/video/7612139610507873557,@beritaenamdua,@ade.hilap,https://www.tiktok.com/@ade.hilap,berak 3-1,0
pengadaan mobil dinas gubernur kaltim,https://www.tiktok.com/@beritaenamdua/video/7612139610507873557,@beritaenamdua,@erlintari0,https://www.tiktok.com/@erlintari0,preeeeeettttttttttttt 3-1,0
pengadaan mobil dinas gubernur kaltim,https://www.tiktok.com/@beritaenamdua/video/7612139610507873557,@beritaenamdua,@user364521719,https://www.tiktok.com/@user364521719,jalan nya ancur tub 😂😂 3-1,0
pengadaan mobil dinas gubernur kaltim,https://www.tiktok.com/@beritaenamdua/video/7612139610507873557,@beritaenamdua,@chandra_dwi,https://www.tiktok.com/@chandra_dwi,Kaya MLM 😅 3-1,0
pengadaan mobil dinas gubernur kaltim,https://www.tiktok.com/@beritaenamdua/video/7612139610507873557,@beritaenamdua,@ham0724,https://www.tiktok.com/@ham0724,"lamis...lamis... menjaga marwah itu, bgmn mensejahterakan rakyatnya, memperbaiki infrastruktur yang baik. 😡😡 3-1",0
pengadaan mobil dinas gubernur kaltim,https://www.tiktok.com/@beritaenamdua/video/7612139610507873557,@beritaenamdua,@triwahyu0678,https://www.tiktok.com/@triwahyu0678,4000cc.pakai truk aja 4x4 lebih cocok 3-1,3
pengadaan mobil dinas gubernur kaltim,https://www.tiktok.com/@sindonews/video/7611810371535375633,@sindonews,@irma_01012,https://www.tiktok.com/@irma_01012,Aku kesini gara gara nonton di rizky riplay😭,51
pengadaan mobil dinas gubernur kaltim,https://www.tiktok.com/@sindonews/video/7611810371535375633,@sindonews,@dellassi,https://www.tiktok.com/@dellassi,"tampilannya familiar kek siapa ya, ternyata kek lady dimitrescu #izin 🙂‍↕️🙏🏼 3-2",91
pengadaan mobil dinas gubernur kaltim,https://www.tiktok.com/@sindonews/video/7611810371535375633,@sindonews,@blokirr_7,https://www.tiktok.com/@blokirr_7,"asyik2 saja busana, yg penting orgnya ramah dan baik",0
pengadaan mobil dinas gubernur kaltim,https://www.tiktok.com/@sindonews/video/7611810371535375633,@sindonews,@lukmanhakim_007,https://www.tiktok.com/@lukmanhakim_007,aku kesini karna ada lagunya 🗿😭 5-8,191
pengadaan mobil dinas gubernur kaltim,https://www.tiktok.com/@sindonews/video/7611810371535375633,@sindonews,@lia47208,https://www.tiktok.com/@lia47208,penampilannya ga penting. yg penting dia dekat dan bbagi dgn rakyatnya,4
pengadaan mobil dinas gubernur kaltim,https://www.tiktok.com/@sindonews/video/7611810371535375633,@sindonews,@hasni.raihan,https://www.tiktok.com/@hasni.raihan,penampilannya bagus dan wibawa,0
pengadaan mobil dinas gubernur kaltim,https://www.tiktok.com/@sindonews/video/7611810371535375633,@sindonews,@ree_aree_,https://www.tiktok.com/@ree_aree_,Rudy Mas'ud - Gubernur Kaltim.. Hasanuddin Mas'ud (kakak nya) - ketua DPRD Kaltim.. Rahmad Mas'ud (kakak nya) - walikota Balikpapan.. Sarifah Suraidah (istri nya) - komisi VI DPR RI (Golkar).. Abdul Gafur Mas'ud (adik nya) - bupati Penajam Paser Utara (OTT KPK 2022 nih) 2-28,85
pengadaan mobil dinas gubernur kaltim,https://www.tiktok.com/@sindonews/video/7611810371535375633,@sindonews,@6tripel5,https://www.tiktok.com/@6tripel5,kalau menurutku yg penting dia baik sih... mau dia pakai apa itu hak dia...yg pnting trttp ngk pakai baju renang trs turut dalan ... aku aja kl pakai baju suka2 aku penting terttp aku nymn dan seneng ...,3
pengadaan mobil dinas gubernur kaltim,https://www.tiktok.com/@sindonews/video/7611810371535375633,@sindonews,@public_dark_system,https://www.tiktok.com/@public_dark_system,KPK mana KPK 2-28,258
pengadaan mobil dinas gubernur kaltim,https://www.tiktok.com/@sindonews/video/7611810371535375633,@sindonews,@meltri4321,https://www.tiktok.com/@meltri4321,keren laah ibu gubernuku.. 2-28,12
pengadaan mobil dinas gubernur kaltim,https://www.tiktok.com/@sindonews/video/7611810371535375633,@sindonews,@paracetamol_ctm,https://www.tiktok.com/@paracetamol_ctm,"klo menurutq, selama beliau kerja nya udh bener, soal gaya dan stylist bebas aja sih, py ciri khas sndr 3-3",50
pengadaan mobil dinas gubernur kaltim,https://www.tiktok.com/@sindonews/video/7611810371535375633,@sindonews,@nestripurwanti,https://www.tiktok.com/@nestripurwanti,aku kesini gara gara lewat lagu gurbernur Kaltim 🤭 5-11,11
pengadaan mobil dinas gubernur kaltim,https://www.tiktok.com/@sindonews/video/7611810371535375633,@sindonews,@user985588728,https://www.tiktok.com/@user985588728,orangnya unik nyentrik kalo baik gak papa sih.. duit2 dia sendiri yg penting gak korupsi sih bagiku aman2 saja.. pakaiannya wlpun agak lain tp sopan. 3-19,27
pengadaan mobil dinas gubernur kaltim,https://www.tiktok.com/@sindonews/video/7611810371535375633,@sindonews,@rini.shandi,https://www.tiktok.com/@rini.shandi,Betul soal gaya mah bebas tak jdi soal 5-6,17
pengadaan mobil dinas gubernur kaltim,https://www.tiktok.com/@sindonews/video/7611810371535375633,@sindonews,@wahyu.tri.larasat1,https://www.tiktok.com/@wahyu.tri.larasat1,"fashionable itu hak beliau,tp ngga pas di situasi ekonomi global yg baru hancur saat ini,plgi TDK pas pemakaian dng kondisi tempat yg di kunjungi 3-3",5
pengadaan mobil dinas gubernur kaltim,https://www.tiktok.com/@sindonews/video/7611810371535375633,@sindonews,@miracletiktok91,https://www.tiktok.com/@miracletiktok91,njir kek bos di residen evil 8 3-4,36
pengadaan mobil dinas gubernur kaltim,https://www.tiktok.com/@sindonews/video/7611810371535375633,@sindonews,@aninani26_,https://www.tiktok.com/@aninani26_,apapun yng terlalu berlebihan itu kurang baiik... pesennya terlalu mewah ... tidak sesuai dengan keadaan rakyatnya .... 3-3,29
pengadaan mobil dinas gubernur kaltim,https://www.tiktok.com/@sindonews/video/7611810371535375633,@sindonews,@bocorhalus_.00,https://www.tiktok.com/@bocorhalus_.00,Menurut aku itu wajar ah seorang istri gubernur. Mungkin sebelom nya punya usaha yng belom pernah orang tau 🙏 maaf klau salah 5-11,1
pengadaan mobil dinas gubernur kaltim,https://www.tiktok.com/@sindonews/video/7611810371535375633,@sindonews,@i.fawaz0,https://www.tiktok.com/@i.fawaz0,gara2 lagu q kesini krn penasaran..😬 5-10,8
pengadaan mobil dinas gubernur kaltim,https://www.tiktok.com/@sindonews/video/7611810371535375633,@sindonews,@alitapena0,https://www.tiktok.com/@alitapena0,kalo di tempatku suka banyak di sawah pas padi udah berbuah biasaNya buat nakutin burung 3-7,6
pengadaan mobil dinas gubernur kaltim,https://www.tiktok.com/@beritakukar/video/7612310183590530324,@beritakukar,@azzamgemul55,https://www.tiktok.com/@azzamgemul55,yaqin ta semua daerah kaltim pernah d kunjungi 4-13,28
pengadaan mobil dinas gubernur kaltim,https://www.tiktok.com/@beritakukar/video/7612310183590530324,@beritakukar,@tubagus783,https://www.tiktok.com/@tubagus783,4-22,32
pengadaan mobil dinas gubernur kaltim,https://www.tiktok.com/@beritakukar/video/7612310183590530324,@beritakukar,@tiktokerkece7,https://www.tiktok.com/@tiktokerkece7,medannya berat karena ga bangun jalannya makanya makin banyak lumpur 4-12,0
pengadaan mobil dinas gubernur kaltim,https://www.tiktok.com/@beritakukar/video/7612310183590530324,@beritakukar,@dennykopi1,https://www.tiktok.com/@dennykopi1,bukan untuk kepentingan pribadi tp di pakai pribadi 😂 3-3,6
pengadaan mobil dinas gubernur kaltim,https://www.tiktok.com/@beritakukar/video/7612310183590530324,@beritakukar,@zambudisusilo42,https://www.tiktok.com/@zambudisusilo42,yg udah tau cara lapor ada dugaan gratifikasi atau korupsi ayo lapor ke KPK... biar cpat di usut .... 3-6,11
pengadaan mobil dinas gubernur kaltim,https://www.tiktok.com/@beritakukar/video/7612310183590530324,@beritakukar,@indra_s61,https://www.tiktok.com/@indra_s61,"pake Triton aja cukup, segala minta yg harga 8,5m mau di buat iclik kah🤣🤣 3-3",12
pengadaan mobil dinas gubernur kaltim,https://www.tiktok.com/@beritakukar/video/7612310183590530324,@beritakukar,@haryonoanwar07,https://www.tiktok.com/@haryonoanwar07,Triton itu double gardan .. 4-23,2
pengadaan mobil dinas gubernur kaltim,https://www.tiktok.com/@beritakukar/video/7612310183590530324,@beritakukar,@rhanputra07,https://www.tiktok.com/@rhanputra07,mantap ini la salah satu contoh manfaat uang pajak 3-3,0
pengadaan mobil dinas gubernur kaltim,https://www.tiktok.com/@beritakukar/video/7612310183590530324,@beritakukar,@petrus77.kuwer21,https://www.tiktok.com/@petrus77.kuwer21,kroni nyavya tetap bela dia lah 3-3,0
pengadaan mobil dinas gubernur kaltim,https://www.tiktok.com/@beritakukar/video/7612310183590530324,@beritakukar,@m.mahful,https://www.tiktok.com/@m.mahful,staff ahli tapi udah kaya jubir/wagub. 4-17,0
pengadaan mobil dinas gubernur kaltim,https://www.tiktok.com/@beritakukar/video/7612310183590530324,@beritakukar,@user9875935317875,https://www.tiktok.com/@user9875935317875,"perlu diusut semua proyek, pasti ada indikasi tim sukses 3-3",0
pengadaan mobil dinas gubernur kaltim,https://www.tiktok.com/@beritakukar/video/7612310183590530324,@beritakukar,@lidi4774,https://www.tiktok.com/@lidi4774,udah ketakutan sama KPK. 3-2,0
pengadaan mobil dinas gubernur kaltim,https://www.tiktok.com/@beritakukar/video/7612310183590530324,@beritakukar,@parianto.anto0,https://www.tiktok.com/@parianto.anto0,Darno no.nda usah dibela no 3-9,0
pengadaan mobil dinas gubernur kaltim,https://www.tiktok.com/@beritakukar/video/7612310183590530324,@beritakukar,@pasoepati69,https://www.tiktok.com/@pasoepati69,ini lucu juga seharusnya jalanya di perbaiki kalau jalan bagus pake mobil grenmax ajah terasa pake perari 😏,0
pengadaan mobil dinas gubernur kaltim,https://www.tiktok.com/@beritakukar/video/7612310183590530324,@beritakukar,@julakdalapan,https://www.tiktok.com/@julakdalapan,padahal sadar medannya luar biasa berat 🗿 4-17,0
pengadaan mobil dinas gubernur kaltim,https://www.tiktok.com/@beritakukar/video/7612310183590530324,@beritakukar,@wongtsugie2,https://www.tiktok.com/@wongtsugie2,"jadi Mobil 8,5M lebih penting ketimbang mengaspal akses jalan² yg rusak.??? 3-2",1
pengadaan mobil dinas gubernur kaltim,https://www.tiktok.com/@beritakukar/video/7612310183590530324,@beritakukar,@sonyakhbar5,https://www.tiktok.com/@sonyakhbar5,"Ngapo di pulangke, mana KPK usut tuntas 3-2",1
pengadaan mobil dinas gubernur kaltim,https://www.tiktok.com/@beritakukar/video/7612310183590530324,@beritakukar,@y_noooke,https://www.tiktok.com/@y_noooke,kalau bukan untuk kepentingan pribadi lha trus untuk kepentingan siapa😄 3-3,0
pengadaan mobil dinas gubernur kaltim,https://www.tiktok.com/@beritakukar/video/7612310183590530324,@beritakukar,@p.edy.dipo,https://www.tiktok.com/@p.edy.dipo,Rakyat kecil perlu jalan yg mulus untuk menunjang ekonomi rakyat kecil lebih bergairah 3-2,0
pengadaan mobil dinas gubernur kaltim,https://www.tiktok.com/@beritakukar/video/7612310183590530324,@beritakukar,@ubur.ubur.ikan.le62,https://www.tiktok.com/@ubur.ubur.ikan.le62,MENDINGAN ASES JALANNYA SAJA DI PERBAIKI 4-25,0
pengadaan mobil dinas gub kaltim,https://www.tiktok.com/@mata_publik_/video/7608632050790239495,@mata_publik_,@bang_roy_89,https://www.tiktok.com/@bang_roy_89,perbaiki jalannya bossku biar tdk perlu beli mobil yg mahal. coba dana 8 milyar itu digunakan untuk perbaikan jalan pasti lbh manfaat. sisanya 500 Juta utk mobil Bpk Gubernur. yang komen setuju... mana jempolnya ??? 2-24,14
pengadaan mobil dinas gub kaltim,https://www.tiktok.com/@mata_publik_/video/7608632050790239495,@mata_publik_,@adi_permadi,https://www.tiktok.com/@adi_permadi,"kan gratis kalo sdh tdk menjabat mobilnya lsng untuk dia kan semua begitu,bupati wlikota dikalimantan mobil dinasnya paling rendah LC crk aja kalo tdk percya seluruh kalimantan,walaupun jalan nya banyak yg rusak yg penting saingan mobil,iyakan fakta 2-20",6
pengadaan mobil dinas gub kaltim,https://www.tiktok.com/@mata_publik_/video/7608632050790239495,@mata_publik_,@itox84._ae,https://www.tiktok.com/@itox84._ae,stop bayar Pajak 2-26,1
pengadaan mobil dinas gub kaltim,https://www.tiktok.com/@mata_publik_/video/7608632050790239495,@mata_publik_,@ha041443,https://www.tiktok.com/@ha041443,"gini kalau gubernur nya hnya memikirkan diri sendiri ,bukan rakyat nya 2-21",2
pengadaan mobil dinas gub kaltim,https://www.tiktok.com/@mata_publik_/video/7608632050790239495,@mata_publik_,@meidiah_saputri,https://www.tiktok.com/@meidiah_saputri,"Penasaran gaji pppk pemprov disana, brapa ya,,, klw mobilnya aja sgitu. Pasti lumayan gajinya disanaa. Kan apbd besar tuhhhhh😁 2-27",1
pengadaan mobil dinas gub kaltim,https://www.tiktok.com/@mata_publik_/video/7608632050790239495,@mata_publik_,@ahmad.gafin6,https://www.tiktok.com/@ahmad.gafin6,aduhh bukannya benerin jalan ya malah beli mobil yg harganya bisa benerin jalan 2-26,2
pengadaan mobil dinas gub kaltim,https://www.tiktok.com/@mata_publik_/video/7608632050790239495,@mata_publik_,@lufiluv,https://www.tiktok.com/@lufiluv,"contoh nyari pemimpin rakyat bukan untuk mementingkan rakyatnya,😂 2-22",1
pengadaan mobil dinas gub kaltim,https://www.tiktok.com/@mata_publik_/video/7608632050790239495,@mata_publik_,@zidansempoi,https://www.tiktok.com/@zidansempoi,untuk kepentingan rakyat ❌ Untuk kepentingan diri sendiri ✅ 2-26,3
pengadaan mobil dinas gub kaltim,https://www.tiktok.com/@mata_publik_/video/7608632050790239495,@mata_publik_,@renis_2410,https://www.tiktok.com/@renis_2410,Jalanan rusak =beli mobil baru 😂 2-23,1
pengadaan mobil dinas gub kaltim,https://www.tiktok.com/@mata_publik_/video/7608632050790239495,@mata_publik_,@godok698,https://www.tiktok.com/@godok698,ciri korop 2-26,1
pengadaan mobil dinas gub kaltim,https://www.tiktok.com/@mata_publik_/video/7608632050790239495,@mata_publik_,@satria53337,https://www.tiktok.com/@satria53337,Beli ford kan bsa 1m an yg gampang dijalan tanah 2-21,1
pengadaan mobil dinas gub kaltim,https://www.tiktok.com/@mata_publik_/video/7608632050790239495,@mata_publik_,@ezracoy76,https://www.tiktok.com/@ezracoy76,Sopir ya simya ambil di kelurahan pang 2-23,1
pengadaan mobil dinas gub kaltim,https://www.tiktok.com/@mata_publik_/video/7608632050790239495,@mata_publik_,@ca780112,https://www.tiktok.com/@ca780112,bukannya lebih baik anggaran mevvvah mobil utk bangun perbaiki jalan jalan ya.. 2-22,3
pengadaan mobil dinas gub kaltim,https://www.tiktok.com/@mata_publik_/video/7608632050790239495,@mata_publik_,@nununghatta,https://www.tiktok.com/@nununghatta,"salut warganya berani demo 👍👍👍 padahal ketika bencana banjir si gub. telat respon, bnyak lokasi tambang liar ""adem ayem"" 2-25",0
pengadaan mobil dinas gub kaltim,https://www.tiktok.com/@mata_publik_/video/7608632050790239495,@mata_publik_,@joniornuryusuf,https://www.tiktok.com/@joniornuryusuf,klu beli mobil semahal tu lebih baik bagusin tu jalan 2-25,1
pengadaan mobil dinas gub kaltim,https://www.tiktok.com/@mata_publik_/video/7608632050790239495,@mata_publik_,@amsprochannel,https://www.tiktok.com/@amsprochannel,jalannya di benerin bukan mobil y ganti yg mewah 2-28,0
pengadaan mobil dinas gub kaltim,https://www.tiktok.com/@mata_publik_/video/7608632050790239495,@mata_publik_,@lifeian,https://www.tiktok.com/@lifeian,"jalannya yang harus dibagusin, bukan malah mobilnya yang diganti bagus 😂 2-21",0
pengadaan mobil dinas gub kaltim,https://www.tiktok.com/@mata_publik_/video/7608632050790239495,@mata_publik_,@travellagenggong,https://www.tiktok.com/@travellagenggong,seandainya dana 8.5 M untuk perbaiki jalan pasti tercukupi itu 2-21,0
pengadaan mobil dinas gub kaltim,https://www.tiktok.com/@mata_publik_/video/7608632050790239495,@mata_publik_,@MS4wLjABAAAAgzWQayqcPftcnPe8T6H1LkUsAwhElNHBMm2rEiaYq99Qj9PbFrc0YEaYSEak0bHA,https://www.tiktok.com/@MS4wLjABAAAAgzWQayqcPftcnPe8T6H1LkUsAwhElNHBMm2rEiaYq99Qj9PbFrc0YEaYSEak0bHA,masuk angin ini gubernur... 2-24,1
pengadaan mobil dinas gub kaltim,https://www.tiktok.com/@mata_publik_/video/7608632050790239495,@mata_publik_,@qisyabidobido,https://www.tiktok.com/@qisyabidobido,Astagfirullahaladzim..... negeri ku kok hampir semua pejabatnya kek Gini ya😭 2-26,0
pengadaan mobil dinas kaltim,https://www.tiktok.com/@arnews91/video/7612104540015414548,@arnews91,@irfanudin217,https://www.tiktok.com/@irfanudin217,cukup satu kali saja 3-1,3
pengadaan mobil dinas kaltim,https://www.tiktok.com/@arnews91/video/7612104540015414548,@arnews91,@ahi25734,https://www.tiktok.com/@ahi25734,mobil presiden aja ngak segitu 3-1,1
pengadaan mobil dinas kaltim,https://www.tiktok.com/@arnews91/video/7612104540015414548,@arnews91,@landa.pa2,https://www.tiktok.com/@landa.pa2,Lanjut pilih ya🤣🤣🤣🤣 3-1,0
pengadaan mobil dinas kaltim,https://www.tiktok.com/@arnews91/video/7612104540015414548,@arnews91,@konphensen,https://www.tiktok.com/@konphensen,🤣🤣🤣 3-1,0
pengadaan mobil dinas kaltim,https://www.tiktok.com/@arnews91/video/7612104540015414548,@arnews91,@wayan.suartika63,https://www.tiktok.com/@wayan.suartika63,"marwah kaltim hrs nya rakyt nya sejahtera dan infrastruktur nya bagus ,,itu baru good job 3-1",1
pengadaan mobil dinas kaltim,https://www.tiktok.com/@arnews91/video/7612104540015414548,@arnews91,@jhon.andes6,https://www.tiktok.com/@jhon.andes6,POLITIKUS harus seperti itu.... 3-1,1
pengadaan mobil dinas kaltim,https://www.tiktok.com/@relung.id/video/7611773381997890833,@relung.id,@repyy5,https://www.tiktok.com/@repyy5,malah foya foya..... 2-28,1
pengadaan mobil dinas kaltim,https://www.tiktok.com/@relung.id/video/7611773381997890833,@relung.id,@ukan122,https://www.tiktok.com/@ukan122,pantas aja jln ini gk baik kerena uang negara di belikan mobil usur kpk ☺️ 3-6,0
pengadaan mobil dinas kaltim,https://www.tiktok.com/@relung.id/video/7611773381997890833,@relung.id,@zakariazakra,https://www.tiktok.com/@zakariazakra,serakah. 3-16,0
pengadaan mobil dinas kaltim,https://www.tiktok.com/@relung.id/video/7611773381997890833,@relung.id,@usripc13,https://www.tiktok.com/@usripc13,usut kpk 3-4,0
pengadaan mobil dinas kaltim,https://www.tiktok.com/@relung.id/video/7611773381997890833,@relung.id,@panglima_kijang_kencana,https://www.tiktok.com/@panglima_kijang_kencana,"Assalamualaikum buat kita semua. Wajar aja dia menikmati peselitas itu. Kerna dia juga berjuang berdarah darah berkorban harta benda"" baru bisa duduk jadi gubernur kaltim. KERNA ITU PILIHAN KALIAN JUGA DIA JADI PEJABAT DAN GUBERNUR KALTIM. LEBIH BAIK KITA SENERGI MEMBANGUN KALTIM. Jadi kita jangan membuli' menghujat dan gibahnya ya kawan. Seharusnya kita dukung program beliau agar maksimal membangun kaltim. Ingat kawan manusia itu tidak ada yang sempurna. DIA JUGA BERBUAT SEPERTI ITU. BUAT MASRAKAT KITA KALTIM. MENG""ANGKAT MARWAH WIBAWA DAN MENGENALKAN KALTIM ITU MEMANG KAYA. Santun lah kita ber tutur kata bahasa di sosial media sosmed. Kita tunjukkan ke dunia orang Kaltim punya ahlak adab dan sopan santun kawan...... 3-1",0
pengadaan mobil dinas kaltim,https://www.tiktok.com/@relung.id/video/7611773381997890833,@relung.id,@ukiesandy3,https://www.tiktok.com/@ukiesandy3,lacau kaltim penentu kebijakan gub bersaudara 3-9,0
pengadaan mobil dinas kaltim,https://www.tiktok.com/@relung.id/video/7611773381997890833,@relung.id,@arilsamsung778,https://www.tiktok.com/@arilsamsung778,korop 1 kluarga pjbat nys 3-9,0
pengadaan mobil dinas gubernur kaltim 8 5 miliar,https://www.tiktok.com/@kumparan/video/7626011966401694997,@kumparan,@rival.ristiawan,https://www.tiktok.com/@rival.ristiawan,ga logis dong rumah dinasnya cakep yg nempatin jelek 4-7 27.4K,
pengadaan mobil dinas gubernur kaltim 8 5 miliar,https://www.tiktok.com/@kumparan/video/7626011966401694997,@kumparan,@rheiiiio,https://www.tiktok.com/@rheiiiio,ini serius KPK gak curiga??? 4-7 12.2K,
pengadaan mobil dinas gubernur kaltim 8 5 miliar,https://www.tiktok.com/@kumparan/video/7626011966401694997,@kumparan,@gamashhh,https://www.tiktok.com/@gamashhh,cara ngomongnya ngeselin sumpah 4-8,2739
pengadaan mobil dinas gubernur kaltim 8 5 miliar,https://www.tiktok.com/@kumparan/video/7626011966401694997,@kumparan,@raja_sate_1922,https://www.tiktok.com/@raja_sate_1922,Gubernur tertaik di indonesia 4-8,1771
pengadaan mobil dinas gubernur kaltim 8 5 miliar,https://www.tiktok.com/@kumparan/video/7626011966401694997,@kumparan,@sudarsongaurifa,https://www.tiktok.com/@sudarsongaurifa,"25M ?,ga masuk logika 4-7",4884
pengadaan mobil dinas gubernur kaltim 8 5 miliar,https://www.tiktok.com/@kumparan/video/7626011966401694997,@kumparan,@jangkrikbos555,https://www.tiktok.com/@jangkrikbos555,apa kerja nya orang ini? 4-7,727
pengadaan mobil dinas gubernur kaltim 8 5 miliar,https://www.tiktok.com/@kumparan/video/7626011966401694997,@kumparan,@yoandi.to,https://www.tiktok.com/@yoandi.to,kesel bgt liat dia ngomong 4-7,4547
pengadaan mobil dinas gubernur kaltim 8 5 miliar,https://www.tiktok.com/@kumparan/video/7626011966401694997,@kumparan,@rrhmynttii,https://www.tiktok.com/@rrhmynttii,Tapi serius lo ngomong nya manis tertata dan sopan 😂 4-8,368
pengadaan mobil dinas gubernur kaltim 8 5 miliar,https://www.tiktok.com/@kumparan/video/7626011966401694997,@kumparan,@hahyy003,https://www.tiktok.com/@hahyy003,1. mobil 8M 2. renovasi rumah 25M 3. ponakannya di angkat jd ketua note : SEMUA BISA DI PERTANGGUNG JAWABKAN KARNA SEMUA SESUAI DENGAN S.O.P the reall menjalankan s.o.p demi menjaga marwah sesuai kebutuhan keluarga pribadi 4-8,360
pengadaan mobil dinas gubernur kaltim 8 5 miliar,https://www.tiktok.com/@kumparan/video/7626011966401694997,@kumparan,@afifahgzl,https://www.tiktok.com/@afifahgzl,"masa rumah dinas bagus2 yg nempatin jelek, jangan donk.. 4-7",256
pengadaan mobil dinas gubernur kaltim 8 5 miliar,https://www.tiktok.com/@kumparan/video/7626011966401694997,@kumparan,@capekcuy5,https://www.tiktok.com/@capekcuy5,dia dari partai mana 4-7,12
pengadaan mobil dinas gubernur kaltim 8 5 miliar,https://www.tiktok.com/@kumparan/video/7626011966401694997,@kumparan,@yudiaja____,https://www.tiktok.com/@yudiaja____,tiap dia ngmong kiamat maju 1 menit 4-7,162
pengadaan mobil dinas gubernur kaltim 8 5 miliar,https://www.tiktok.com/@kumparan/video/7626011966401694997,@kumparan,@calak_gb,https://www.tiktok.com/@calak_gb,tangannya biasa aja dong pak😁 4-8,2
pengadaan mobil dinas gubernur kaltim 8 5 miliar,https://www.tiktok.com/@kumparan/video/7626011966401694997,@kumparan,@jopann42,https://www.tiktok.com/@jopann42,lama lama mirip sahroni dahh 4-7,363
pengadaan mobil dinas gubernur kaltim 8 5 miliar,https://www.tiktok.com/@kumparan/video/7626011966401694997,@kumparan,@jujuresubun,https://www.tiktok.com/@jujuresubun,"2M aja uda segede,gaban apa lagi 25 biji 4-7",6
pengadaan mobil dinas gubernur kaltim 8 5 miliar,https://www.tiktok.com/@kumparan/video/7626011966401694997,@kumparan,@empiphapipah13,https://www.tiktok.com/@empiphapipah13,Ntah knpa gue liat dari cara dia ngmng dan mimik nya nyebelin bgt 4-21,8
pengadaan mobil dinas gubernur kaltim 8 5 miliar,https://www.tiktok.com/@kumparan/video/7626011966401694997,@kumparan,@ky62281,https://www.tiktok.com/@ky62281,setiap dia bicara kiamat maju 2 hari 4-9,18
pengadaan mobil dinas gubernur kaltim 8 5 miliar,https://www.tiktok.com/@kumparan/video/7626011966401694997,@kumparan,@bulllynxx,https://www.tiktok.com/@bulllynxx,cukup 1 periode 4-8,23
pengadaan mobil dinas gubernur kaltim 8 5 miliar,https://www.tiktok.com/@kumparan/video/7626011966401694997,@kumparan,@amsyari,https://www.tiktok.com/@amsyari,yg milih dia siapa sih 4-22,4
pengadaan mobil dinas gubernur kaltim 8 5 miliar,https://www.tiktok.com/@kumparan/video/7626011966401694997,@kumparan,@ikieardian,https://www.tiktok.com/@ikieardian,mulanya ngeselin banget si 4-23,6
"pengadaan mobil dinas gubernur kaltim 8,5 miliar",https://www.tiktok.com/@kompastv_jateng/video/7613321888445615381,@kompastv_jateng,@rindu_dikalasenja,https://www.tiktok.com/@rindu_dikalasenja,kok dikembalikan jangan dooong😂😂😂 3-5,1362
"pengadaan mobil dinas gubernur kaltim 8,5 miliar",https://www.tiktok.com/@kompastv_jateng/video/7613321888445615381,@kompastv_jateng,@yummiiii521,https://www.tiktok.com/@yummiiii521,tombol reset Kaltim 3-5,2629
"pengadaan mobil dinas gubernur kaltim 8,5 miliar",https://www.tiktok.com/@kompastv_jateng/video/7613321888445615381,@kompastv_jateng,@platkt9999,https://www.tiktok.com/@platkt9999,Masa sih 🤣 3-6,759
"pengadaan mobil dinas gubernur kaltim 8,5 miliar",https://www.tiktok.com/@kompastv_jateng/video/7613321888445615381,@kompastv_jateng,@ernandez212,https://www.tiktok.com/@ernandez212,Serius ini ga di edit 3-6,172
"pengadaan mobil dinas gubernur kaltim 8,5 miliar",https://www.tiktok.com/@kompastv_jateng/video/7613321888445615381,@kompastv_jateng,@jawaselatan5,https://www.tiktok.com/@jawaselatan5,yg repot masyarakat d luar kalti. knp masyarakt kaltim diam? 3-5,220
"pengadaan mobil dinas gubernur kaltim 8,5 miliar",https://www.tiktok.com/@kompastv_jateng/video/7613321888445615381,@kompastv_jateng,@starwowx,https://www.tiktok.com/@starwowx,kpk tolong periksa gubernurnya 👍👍👍👍👍👍👍👍 3-5,587
"pengadaan mobil dinas gubernur kaltim 8,5 miliar",https://www.tiktok.com/@kompastv_jateng/video/7613321888445615381,@kompastv_jateng,@hengkyloem,https://www.tiktok.com/@hengkyloem,takut di periksa kpk 3-5,699
"pengadaan mobil dinas gubernur kaltim 8,5 miliar",https://www.tiktok.com/@kompastv_jateng/video/7613321888445615381,@kompastv_jateng,@storytiktok6077,https://www.tiktok.com/@storytiktok6077,info takjil 3-5,494
"pengadaan mobil dinas gubernur kaltim 8,5 miliar",https://www.tiktok.com/@kompastv_jateng/video/7613321888445615381,@kompastv_jateng,@candra.fahmi,https://www.tiktok.com/@candra.fahmi,"Gubernur kaltim ini org paling kuat se Indonesia, bahkan KpK dan kejaksaan pun g mampu menyentuhnya 3-5",50
"pengadaan mobil dinas gubernur kaltim 8,5 miliar",https://www.tiktok.com/@kompastv_jateng/video/7613321888445615381,@kompastv_jateng,@d0kter.0dgj,https://www.tiktok.com/@d0kter.0dgj,ngusap idung mulu wk 3-6,61
"pengadaan mobil dinas gubernur kaltim 8,5 miliar",https://www.tiktok.com/@kompastv_jateng/video/7613321888445615381,@kompastv_jateng,@satriaraynaldy,https://www.tiktok.com/@satriaraynaldy,demi Marwah kaltim 3-5,67
"pengadaan mobil dinas gubernur kaltim 8,5 miliar",https://www.tiktok.com/@kompastv_jateng/video/7613321888445615381,@kompastv_jateng,@andrebung7,https://www.tiktok.com/@andrebung7,kelian percaya? 3-5,82
"pengadaan mobil dinas gubernur kaltim 8,5 miliar",https://www.tiktok.com/@kompastv_jateng/video/7613321888445615381,@kompastv_jateng,@reskiyantofajar,https://www.tiktok.com/@reskiyantofajar,"apa iya...???🤣🤣🤣 aneh...🤣🤣🤣 mobil baru atau bekas...bisa dibalikin dan uangnya dikembalikan 8,5 M...100% ga percaya🤣🤣🤣 3-5",31
"pengadaan mobil dinas gubernur kaltim 8,5 miliar",https://www.tiktok.com/@kompastv_jateng/video/7613321888445615381,@kompastv_jateng,@akuapalah32,https://www.tiktok.com/@akuapalah32,"8,5 M penunjukkan langsung? 3-4",31
"pengadaan mobil dinas gubernur kaltim 8,5 miliar",https://www.tiktok.com/@kompastv_jateng/video/7613321888445615381,@kompastv_jateng,@peci_logor,https://www.tiktok.com/@peci_logor,ko di kembalikan gmna donk Marwah gubernur Kaltim 3-6,54
"pengadaan mobil dinas gubernur kaltim 8,5 miliar",https://www.tiktok.com/@kompastv_jateng/video/7613321888445615381,@kompastv_jateng,@ereen899,https://www.tiktok.com/@ereen899,aneh gubernur kalian 3-5,21
"pengadaan mobil dinas gubernur kaltim 8,5 miliar",https://www.tiktok.com/@kompastv_jateng/video/7613321888445615381,@kompastv_jateng,@aditya_sukaryo05,https://www.tiktok.com/@aditya_sukaryo05,kenapa mau di kembalikan itu kan marwah kaltim😂😂😂😂. 3-5,6
"pengadaan mobil dinas gubernur kaltim 8,5 miliar",https://www.tiktok.com/@kompastv_jateng/video/7613321888445615381,@kompastv_jateng,@hotman.juntak2,https://www.tiktok.com/@hotman.juntak2,warga Kaltim diam? 3-6,12
"pengadaan mobil dinas gubernur kaltim 8,5 miliar",https://www.tiktok.com/@kompastv_jateng/video/7613321888445615381,@kompastv_jateng,@gassecond,https://www.tiktok.com/@gassecond,JALANMU PERBAIKI WAHAI GUBERNUR OON 3-5,18
"pengadaan mobil dinas gubernur kaltim 8,5 miliar",https://www.tiktok.com/@kompastv_jateng/video/7613321888445615381,@kompastv_jateng,@bobby88828,https://www.tiktok.com/@bobby88828,"pak gibran ae wakil presiden pakainya zenix, paling pol alphard atau land cruiser 300 itupun ga setiap hari pakainya 3-6",4
"pengadaan mobil dinas gubernur kaltim 8,5 miliar",https://www.tiktok.com/@wglobalmedia/video/7610699657475329298,@wglobalmedia,@widjajanto88,https://www.tiktok.com/@widjajanto88,"marwah pejabat ditentukan keberhasilan dia mensejahterakan rakyatnya, bukan mempersolek diri sendiri 2-25",23
"pengadaan mobil dinas gubernur kaltim 8,5 miliar",https://www.tiktok.com/@wglobalmedia/video/7610699657475329298,@wglobalmedia,@rezkiabdulrahman,https://www.tiktok.com/@rezkiabdulrahman,presiden kira kira denger berita gini kh? 3-1,0
"pengadaan mobil dinas gubernur kaltim 8,5 miliar",https://www.tiktok.com/@wglobalmedia/video/7610699657475329298,@wglobalmedia,@novi_sopandi,https://www.tiktok.com/@novi_sopandi,bapak minta aja sekalian pesawat pribadi atau air jet pribadi semakin menyala anggaran nya 2-25,5
"pengadaan mobil dinas gubernur kaltim 8,5 miliar",https://www.tiktok.com/@wglobalmedia/video/7610699657475329298,@wglobalmedia,@kaumangaragebwx,https://www.tiktok.com/@kaumangaragebwx,gilllllaaaaaaaaaaa 2-25,1
"pengadaan mobil dinas gubernur kaltim 8,5 miliar",https://www.tiktok.com/@wglobalmedia/video/7610699657475329298,@wglobalmedia,@papihicamadek,https://www.tiktok.com/@papihicamadek,gak layak dua periode 2-25,0
"pengadaan mobil dinas gubernur kaltim 8,5 miliar",https://www.tiktok.com/@wglobalmedia/video/7610699657475329298,@wglobalmedia,@widodowidodo422,https://www.tiktok.com/@widodowidodo422,owalahh..gengsi di gedein.. 2-27,0
"pengadaan mobil dinas gubernur kaltim 8,5 miliar",https://www.tiktok.com/@wglobalmedia/video/7610699657475329298,@wglobalmedia,@haryan_smith,https://www.tiktok.com/@haryan_smith,"definisi ""alakadar"" nya apa ya? 2-25",0
"pengadaan mobil dinas gubernur kaltim 8,5 miliar",https://www.tiktok.com/@wglobalmedia/video/7610699657475329298,@wglobalmedia,@naurafeniela,https://www.tiktok.com/@naurafeniela,sadar pak.. itu uang rakyat.. 2-26,0
"pengadaan mobil dinas gubernur kaltim 8,5 miliar",https://www.tiktok.com/@wglobalmedia/video/7610699657475329298,@wglobalmedia,@krupukmlemp,https://www.tiktok.com/@krupukmlemp,woiiiii...jalannya yg diperbaiki.malah beli mobil mewah 2-25,1
"pengadaan mobil dinas gubernur kaltim 8,5 miliar",https://www.tiktok.com/@wglobalmedia/video/7610699657475329298,@wglobalmedia,@maga.putra6,https://www.tiktok.com/@maga.putra6,[Stiker] 3-23,0
"pengadaan mobil dinas gubernur kaltim 8,5 miliar",https://www.tiktok.com/@wglobalmedia/video/7610699657475329298,@wglobalmedia,@awi_saputra7,https://www.tiktok.com/@awi_saputra7,pecat 3-2,0
"pengadaan mobil dinas gubernur kaltim 8,5 miliar",https://www.tiktok.com/@wglobalmedia/video/7610699657475329298,@wglobalmedia,@spoiler_filem,https://www.tiktok.com/@spoiler_filem,ini yg pernah ngomong kdm gubernur kontent yah 2-25,1
"pengadaan mobil dinas gubernur kaltim 8,5 miliar",https://www.tiktok.com/@wglobalmedia/video/7610699657475329298,@wglobalmedia,@riki1402,https://www.tiktok.com/@riki1402,tuu dengerin ktA presiden pak. mbil RI 1 AJA 1 m cmn 3-20,0
"pengadaan mobil dinas gubernur kaltim 8,5 miliar",https://www.tiktok.com/@wglobalmedia/video/7610699657475329298,@wglobalmedia,@edyjunedi97,https://www.tiktok.com/@edyjunedi97,kpk ko diem🤣🤣 2-26,0
"pengadaan mobil dinas gubernur kaltim 8,5 miliar",https://www.tiktok.com/@wglobalmedia/video/7610699657475329298,@wglobalmedia,@vio.verdianto,https://www.tiktok.com/@vio.verdianto,marwah yang buat cuman satu orang tapi dibilang seluruh provinsi wkwkw 2-25,0
"pengadaan mobil dinas gubernur kaltim 8,5 miliar",https://www.tiktok.com/@wglobalmedia/video/7610699657475329298,@wglobalmedia,@pandujuansyahcihvu,https://www.tiktok.com/@pandujuansyahcihvu,jam juga mahal itu weded korupsi terossssss 2-25,0
"pengadaan mobil dinas gubernur kaltim 8,5 miliar",https://www.tiktok.com/@wglobalmedia/video/7610699657475329298,@wglobalmedia,@boby_46,https://www.tiktok.com/@boby_46,Entoottt 2-25,0
"pengadaan mobil dinas gubernur kaltim 8,5 miliar",https://www.tiktok.com/@wglobalmedia/video/7610699657475329298,@wglobalmedia,@user6229518541751,https://www.tiktok.com/@user6229518541751,capeeee..gw denger berita pejabat Konoha...ga sensitif sama rakyat nya 😂 2-25,0
"pengadaan mobil dinas gubernur kaltim 8,5 miliar",https://www.tiktok.com/@wglobalmedia/video/7610699657475329298,@wglobalmedia,@wwwiniaku_x,https://www.tiktok.com/@wwwiniaku_x,🤣 2-25,0
"pengadaan mobil dinas gubernur kaltim 8,5 miliar",https://www.tiktok.com/@wglobalmedia/video/7610699657475329298,@wglobalmedia,@black_sizzy,https://www.tiktok.com/@black_sizzy,@KPK RI 2-25,0
"pengadaan mobil dinas gubernur kaltim 8,5 miliar",https://www.tiktok.com/@ompro_autocaree/video/7614061884127317266,@lightson_pasaribu,@ariepriatna6,https://www.tiktok.com/@ariepriatna6,"salpok sm kata2 pak presiden....ini saudara,Ga papa ASAL DIPIMPIN YG BENER😁 3-8",184
"pengadaan mobil dinas gubernur kaltim 8,5 miliar",https://www.tiktok.com/@ompro_autocaree/video/7614061884127317266,@lightson_pasaribu,@mm_.cla812,https://www.tiktok.com/@mm_.cla812,"kata"" pak Presiden, Ga papa asal di pimpin yg bener, 3-10",25
"pengadaan mobil dinas gubernur kaltim 8,5 miliar",https://www.tiktok.com/@ompro_autocaree/video/7614061884127317266,@lightson_pasaribu,@martogi.pandianga,https://www.tiktok.com/@martogi.pandianga,Alasan Indonesia susah MAJU !!! 3-9,121
"pengadaan mobil dinas gubernur kaltim 8,5 miliar",https://www.tiktok.com/@ompro_autocaree/video/7614061884127317266,@lightson_pasaribu,@arifbahaa,https://www.tiktok.com/@arifbahaa,"Siapa pun bisa tau dan ngerti, walau pak presiden engga bilang gitu 3-20",15
"pengadaan mobil dinas gubernur kaltim 8,5 miliar",https://www.tiktok.com/@ompro_autocaree/video/7614061884127317266,@lightson_pasaribu,@desi.gembol,https://www.tiktok.com/@desi.gembol,bener apanya???? pake tepuk tangan lg.... 4-11,1
"pengadaan mobil dinas gubernur kaltim 8,5 miliar",https://www.tiktok.com/@ompro_autocaree/video/7614061884127317266,@lightson_pasaribu,@usripc13,https://www.tiktok.com/@usripc13,keluarga dinasti itu 3-8,106
"pengadaan mobil dinas gubernur kaltim 8,5 miliar",https://www.tiktok.com/@ompro_autocaree/video/7614061884127317266,@lightson_pasaribu,@sarnadi.ahma,https://www.tiktok.com/@sarnadi.ahma,klrga besar 3-9,17
"pengadaan mobil dinas gubernur kaltim 8,5 miliar",https://www.tiktok.com/@ompro_autocaree/video/7614061884127317266,@lightson_pasaribu,@ayahjihad,https://www.tiktok.com/@ayahjihad,ketua DPRD Kaltim Abangnya lagi 3-8,41
"pengadaan mobil dinas gubernur kaltim 8,5 miliar",https://www.tiktok.com/@ompro_autocaree/video/7614061884127317266,@lightson_pasaribu,@rahayurahayuu91,https://www.tiktok.com/@rahayurahayuu91,kacau kacauuu😭 3-9,12
"pengadaan mobil dinas gubernur kaltim 8,5 miliar",https://www.tiktok.com/@ompro_autocaree/video/7614061884127317266,@lightson_pasaribu,@wldnabdan0909,https://www.tiktok.com/@wldnabdan0909,sarkasannya mantep bgt itu 🤣🤣 3-23,4
"pengadaan mobil dinas gubernur kaltim 8,5 miliar",https://www.tiktok.com/@ompro_autocaree/video/7614061884127317266,@lightson_pasaribu,@yanuar_efendi418,https://www.tiktok.com/@yanuar_efendi418,"kluarga yg bruntung dan orang tua yg bruntung tlah melahirkan anak"" yg suskses sperti mreka. orang tua mreka pasti bangga banget memiliki anak"" yg sukses"" seperti mereka👍👍👍 4-25",1
"pengadaan mobil dinas gubernur kaltim 8,5 miliar",https://www.tiktok.com/@ompro_autocaree/video/7614061884127317266,@lightson_pasaribu,@user59705545935216,https://www.tiktok.com/@user59705545935216,dinasti 3-8,5
"pengadaan mobil dinas gubernur kaltim 8,5 miliar",https://www.tiktok.com/@ompro_autocaree/video/7614061884127317266,@lightson_pasaribu,@maniakm257,https://www.tiktok.com/@maniakm257,bener mana y BPK 3-9,2
"pengadaan mobil dinas gubernur kaltim 8,5 miliar",https://www.tiktok.com/@ompro_autocaree/video/7614061884127317266,@lightson_pasaribu,@denierwandierwand,https://www.tiktok.com/@denierwandierwand,dinasti politik 3-9,3
"pengadaan mobil dinas gubernur kaltim 8,5 miliar",https://www.tiktok.com/@ompro_autocaree/video/7614061884127317266,@lightson_pasaribu,@poerpatrawongso,https://www.tiktok.com/@poerpatrawongso,gimana endingnya 3-10,0
"pengadaan mobil dinas gubernur kaltim 8,5 miliar",https://www.tiktok.com/@ompro_autocaree/video/7614061884127317266,@lightson_pasaribu,@helhendra321,https://www.tiktok.com/@helhendra321,"omon"" 3-21",1
"pengadaan mobil dinas gubernur kaltim 8,5 miliar",https://www.tiktok.com/@ompro_autocaree/video/7614061884127317266,@lightson_pasaribu,@mamianeu001,https://www.tiktok.com/@mamianeu001,sodaraan😂 3-8,11
"pengadaan mobil dinas gubernur kaltim 8,5 miliar",https://www.tiktok.com/@ompro_autocaree/video/7614061884127317266,@lightson_pasaribu,@mhdariansyahp,https://www.tiktok.com/@mhdariansyahp,"bisa gak ya setiap pidato para pejabat atau pemerintah , gak usah pake bawa"" partai... mending fokus gimna cara nya buat negara ini maju dan sejahtera... kalau mau cerita partai nanti buat porum sendiri... 3-10",9
"pengadaan mobil dinas gubernur kaltim 8,5 miliar",https://www.tiktok.com/@ompro_autocaree/video/7614061884127317266,@lightson_pasaribu,@hermansaja976,https://www.tiktok.com/@hermansaja976,usut 3-9,3
"pengadaan mobil dinas gubernur kaltim 8,5 miliar",https://www.tiktok.com/@ompro_autocaree/video/7614061884127317266,@lightson_pasaribu,@user7874198281629,https://www.tiktok.com/@user7874198281629,ketua MK pamannya 3-9,2
pengadaan mobil dinas gub kaltim 8 5 miliar,https://www.tiktok.com/@wargawargi2025/video/7619281381293755669,@wargawargi2025,@jefriastaganaga,https://www.tiktok.com/@jefriastaganaga,jalan ga di benerin nyalahin presiden padahal gubernur nya sendiri yng ga bener 3-21 10.9K,
pengadaan mobil dinas gub kaltim 8 5 miliar,https://www.tiktok.com/@wargawargi2025/video/7619281381293755669,@wargawargi2025,@uzunklaten,https://www.tiktok.com/@uzunklaten,Langsung ditegur pusat.... 😭 3-20,6499
pengadaan mobil dinas gub kaltim 8 5 miliar,https://www.tiktok.com/@wargawargi2025/video/7619281381293755669,@wargawargi2025,@dv4zildjian,https://www.tiktok.com/@dv4zildjian,tu 8m buat perbaiki jalan dpt brp km yah 3-21,2280
pengadaan mobil dinas gub kaltim 8 5 miliar,https://www.tiktok.com/@wargawargi2025/video/7619281381293755669,@wargawargi2025,@orang.misterius4614,https://www.tiktok.com/@orang.misterius4614,gw warga Kaltim jujur malu🙏 3-21,620
pengadaan mobil dinas gub kaltim 8 5 miliar,https://www.tiktok.com/@wargawargi2025/video/7619281381293755669,@wargawargi2025,@feridios,https://www.tiktok.com/@feridios,terlalu gengsi 3-20,7232
pengadaan mobil dinas gub kaltim 8 5 miliar,https://www.tiktok.com/@wargawargi2025/video/7619281381293755669,@wargawargi2025,@covodrive.2,https://www.tiktok.com/@covodrive.2,[Stiker] aku yang dari Kaltim aja malu 3-21,1395
pengadaan mobil dinas gub kaltim 8 5 miliar,https://www.tiktok.com/@wargawargi2025/video/7619281381293755669,@wargawargi2025,@7362863sjdiej,https://www.tiktok.com/@7362863sjdiej,sindir tanpa tindakan juga fungsinya apa 3-21,13
pengadaan mobil dinas gub kaltim 8 5 miliar,https://www.tiktok.com/@wargawargi2025/video/7619281381293755669,@wargawargi2025,@zyedik,https://www.tiktok.com/@zyedik,mobil mahal-mahal kinerja kagak ada 😂 3-21,334
pengadaan mobil dinas gub kaltim 8 5 miliar,https://www.tiktok.com/@wargawargi2025/video/7619281381293755669,@wargawargi2025,@cyucswchys,https://www.tiktok.com/@cyucswchys,padahal mah mobil nya b aja😹😭 3-21,484
pengadaan mobil dinas gub kaltim 8 5 miliar,https://www.tiktok.com/@wargawargi2025/video/7619281381293755669,@wargawargi2025,@supersatoru.id.store,https://www.tiktok.com/@supersatoru.id.store,membandingkan 2 hal yang buruk tidak membuat salah satu nya lebih benar 3-21,4
pengadaan mobil dinas gub kaltim 8 5 miliar,https://www.tiktok.com/@wargawargi2025/video/7619281381293755669,@wargawargi2025,@nathan_here21,https://www.tiktok.com/@nathan_here21,700 juta buat presiden ya normal lah buat keamanan nya lah 2m buat apa jir 3-21,15
pengadaan mobil dinas gub kaltim 8 5 miliar,https://www.tiktok.com/@wargawargi2025/video/7619281381293755669,@wargawargi2025,@gabuters1431,https://www.tiktok.com/@gabuters1431,Tapi g bisa apa2 wkwkkwkwkw 3-21,2
pengadaan mobil dinas gub kaltim 8 5 miliar,https://www.tiktok.com/@wargawargi2025/video/7619281381293755669,@wargawargi2025,@masshafizh25,https://www.tiktok.com/@masshafizh25,"anjay maung lagi naik produksi, di pabrik gua bikin partnya seminggu 2x kirim ke bandung 3-21",55
pengadaan mobil dinas gub kaltim 8 5 miliar,https://www.tiktok.com/@wargawargi2025/video/7619281381293755669,@wargawargi2025,@ngaonggg_,https://www.tiktok.com/@ngaonggg_,bukan mikirin jalan didaerah malah mikirin mobil 3-21,31
pengadaan mobil dinas gub kaltim 8 5 miliar,https://www.tiktok.com/@wargawargi2025/video/7619281381293755669,@wargawargi2025,@sujanana0,https://www.tiktok.com/@sujanana0,gw aja pake honda beat 3-21,24
pengadaan mobil dinas gub kaltim 8 5 miliar,https://www.tiktok.com/@wargawargi2025/video/7619281381293755669,@wargawargi2025,@abinka.z,https://www.tiktok.com/@abinka.z,yang di butukan tidakan bukan sandar sindir🙏 3-21,1
pengadaan mobil dinas gub kaltim 8 5 miliar,https://www.tiktok.com/@wargawargi2025/video/7619281381293755669,@wargawargi2025,@ravin.cent,https://www.tiktok.com/@ravin.cent,cuman 700 jt 3-21,0
pengadaan mobil dinas gub kaltim 8 5 miliar,https://www.tiktok.com/@wargawargi2025/video/7619281381293755669,@wargawargi2025,@elssaryn_,https://www.tiktok.com/@elssaryn_,Cuma ditegur???? 3-21,0
pengadaan mobil dinas gub kaltim 8 5 miliar,https://www.tiktok.com/@wargawargi2025/video/7619281381293755669,@wargawargi2025,@justcallmerawr4,https://www.tiktok.com/@justcallmerawr4,lexuss lm 500 aja udh ok lho kenapa hrus range rover njir 😭 3-21,16
pengadaan mobil dinas gub kaltim 8 5 miliar,https://www.tiktok.com/@wargawargi2025/video/7619281381293755669,@wargawargi2025,@chikichubaaa,https://www.tiktok.com/@chikichubaaa,yang pilih dia nyesel si 3-21,10
pengadaan mobil dinas gub kaltim 8 5 miliar,https://www.tiktok.com/@millenialzkece/video/7621132387426061575,@millenialzkece,@bocahtengil833,https://www.tiktok.com/@bocahtengil833,[Stiker] sampe disindir presiden 3-25 14.1K,
pengadaan mobil dinas gub kaltim 8 5 miliar,https://www.tiktok.com/@millenialzkece/video/7621132387426061575,@millenialzkece,@achmadarlin_12,https://www.tiktok.com/@achmadarlin_12,aku aja nggak ada mobil 3-25,5685
pengadaan mobil dinas gub kaltim 8 5 miliar,https://www.tiktok.com/@millenialzkece/video/7621132387426061575,@millenialzkece,@rohimyogisaputra,https://www.tiktok.com/@rohimyogisaputra,apaada pakperabowo♥️♥️♥️♥️,0
pengadaan mobil dinas gub kaltim 8 5 miliar,https://www.tiktok.com/@millenialzkece/video/7621132387426061575,@millenialzkece,@uu1425275182527hsjsh,https://www.tiktok.com/@uu1425275182527hsjsh,gw fokus ke sini 3-26,47
pengadaan mobil dinas gub kaltim 8 5 miliar,https://www.tiktok.com/@millenialzkece/video/7621132387426061575,@millenialzkece,@amiraarowr_,https://www.tiktok.com/@amiraarowr_,singkat aja gubernur kaltim 3-25,531
pengadaan mobil dinas gub kaltim 8 5 miliar,https://www.tiktok.com/@millenialzkece/video/7621132387426061575,@millenialzkece,@r.i.s.k.i55,https://www.tiktok.com/@r.i.s.k.i55,Parobowo ni bosss 3-26,316
pengadaan mobil dinas gub kaltim 8 5 miliar,https://www.tiktok.com/@millenialzkece/video/7621132387426061575,@millenialzkece,@ptrtliaa_,https://www.tiktok.com/@ptrtliaa_,bilang aja bapak iri 3-26,6
pengadaan mobil dinas gub kaltim 8 5 miliar,https://www.tiktok.com/@millenialzkece/video/7621132387426061575,@millenialzkece,@pikirdewesu,https://www.tiktok.com/@pikirdewesu,gadang suka prawowo kadang nggak 3-25,392
pengadaan mobil dinas gub kaltim 8 5 miliar,https://www.tiktok.com/@millenialzkece/video/7621132387426061575,@millenialzkece,@yogi_fauzii,https://www.tiktok.com/@yogi_fauzii,iri si Prabowo 3-27,0
pengadaan mobil dinas gub kaltim 8 5 miliar,https://www.tiktok.com/@millenialzkece/video/7621132387426061575,@millenialzkece,@cahyudin69,https://www.tiktok.com/@cahyudin69,jangan omon omon doang pak wowo 3-25,36
pengadaan mobil dinas gub kaltim 8 5 miliar,https://www.tiktok.com/@millenialzkece/video/7621132387426061575,@millenialzkece,@biekentakii,https://www.tiktok.com/@biekentakii,[Stiker] tidak fantass 3-25,2280
pengadaan mobil dinas gub kaltim 8 5 miliar,https://www.tiktok.com/@millenialzkece/video/7621132387426061575,@millenialzkece,@antonsutanso12,https://www.tiktok.com/@antonsutanso12,gubernur kaltim 3-25,150
pengadaan mobil dinas gub kaltim 8 5 miliar,https://www.tiktok.com/@millenialzkece/video/7621132387426061575,@millenialzkece,@khahut.nyak,https://www.tiktok.com/@khahut.nyak,nyindir doang ga berani berhentikan 🤣 3-27,3
pengadaan mobil dinas gub kaltim 8 5 miliar,https://www.tiktok.com/@millenialzkece/video/7621132387426061575,@millenialzkece,@a.l_277,https://www.tiktok.com/@a.l_277,iri bilang boss 🤣 3-27,0
pengadaan mobil dinas gub kaltim 8 5 miliar,https://www.tiktok.com/@millenialzkece/video/7621132387426061575,@millenialzkece,@haulk_jhon,https://www.tiktok.com/@haulk_jhon,gak nyindir gak makan 3-27,2
pengadaan mobil dinas gub kaltim 8 5 miliar,https://www.tiktok.com/@millenialzkece/video/7621132387426061575,@millenialzkece,@user0888855686655,https://www.tiktok.com/@user0888855686655,700 jt pake hanya🗿 3-26,1
pengadaan mobil dinas gub kaltim 8 5 miliar,https://www.tiktok.com/@millenialzkece/video/7621132387426061575,@millenialzkece,@deo.super6,https://www.tiktok.com/@deo.super6,"""hanyaa"" yaa hanyaaa 3-25",1
pengadaan mobil dinas gub kaltim 8 5 miliar,https://www.tiktok.com/@millenialzkece/video/7621132387426061575,@millenialzkece,@minepack.id,https://www.tiktok.com/@minepack.id,HANYA? 700JT?! 3-28,0
pengadaan mobil dinas gub kaltim 8 5 miliar,https://www.tiktok.com/@millenialzkece/video/7621132387426061575,@millenialzkece,@usernem1097,https://www.tiktok.com/@usernem1097,jpg di belakang🗿 3-25,7
pengadaan mobil dinas gub kaltim 8 5 miliar,https://www.tiktok.com/@millenialzkece/video/7621132387426061575,@millenialzkece,@hidup_priasolo2,https://www.tiktok.com/@hidup_priasolo2,gua malah lihat jpg di belakang nya 😂 3-25,75
"pengadaan mobil dinas gub kaltim 8,5 miliar",https://www.tiktok.com/@ummu.3.anak/video/7613157935157464340,@ummu.3.anak,@dani_wijaya22,https://www.tiktok.com/@dani_wijaya22,gaya elit kinerja sulit 3-5,3
"pengadaan mobil dinas gub kaltim 8,5 miliar",https://www.tiktok.com/@ummu.3.anak/video/7613157935157464340,@ummu.3.anak,@wahyu_mxking2,https://www.tiktok.com/@wahyu_mxking2,gk butuh mobil dinas yang bgus yang kita semunya butuh kn itu jln yng bgus aku anak kaltim malu 🙏 3-7,1
"pengadaan mobil dinas gub kaltim 8,5 miliar",https://www.tiktok.com/@ummu.3.anak/video/7613157935157464340,@ummu.3.anak,@mas.ganteng.13,https://www.tiktok.com/@mas.ganteng.13,gayang elite jalan sulit dibenerin 🤣🤣🤣😂😂 3-6,2
"pengadaan mobil dinas gub kaltim 8,5 miliar",https://www.tiktok.com/@ummu.3.anak/video/7613157935157464340,@ummu.3.anak,@kang_ajat2,https://www.tiktok.com/@kang_ajat2,Kenapa bisa jadi kepala daerah?? 🙏🙏🙏 3-6,2
"pengadaan mobil dinas gub kaltim 8,5 miliar",https://www.tiktok.com/@ummu.3.anak/video/7613157935157464340,@ummu.3.anak,@blie235,https://www.tiktok.com/@blie235,Marwahnya Kaltim Jalan Masih Tanah😂😂😂 3-6,2
"pengadaan mobil dinas gub kaltim 8,5 miliar",https://www.tiktok.com/@ummu.3.anak/video/7613157935157464340,@ummu.3.anak,@marsin.4g,https://www.tiktok.com/@marsin.4g,mobil mahal...andai biaya buat jln.buat pasilitas.buat sekolah2.buat tmpt ibadah...... andai bkn di buat pakai sendiri🤣🤣 3-5,1
"pengadaan mobil dinas gub kaltim 8,5 miliar",https://www.tiktok.com/@ummu.3.anak/video/7613157935157464340,@ummu.3.anak,@imelrudynst,https://www.tiktok.com/@imelrudynst,gaya istri gubernur elit jalan nya sulit 3-5,1
"pengadaan mobil dinas gub kaltim 8,5 miliar",https://www.tiktok.com/@ummu.3.anak/video/7613157935157464340,@ummu.3.anak,@kamasutr,https://www.tiktok.com/@kamasutr,kaltim menuju generasi cemass 3-5,1
"pengadaan mobil dinas gub kaltim 8,5 miliar",https://www.tiktok.com/@ummu.3.anak/video/7613157935157464340,@ummu.3.anak,@novi.anti906,https://www.tiktok.com/@novi.anti906,nah yang gitu jangan di pilih lagi masarakat 3-7,1
"pengadaan mobil dinas gub kaltim 8,5 miliar",https://www.tiktok.com/@ummu.3.anak/video/7613157935157464340,@ummu.3.anak,@joker4343567,https://www.tiktok.com/@joker4343567,Marwah Kaltim jalan hampir jadi sawah😁😁😁 3-7,1
"pengadaan mobil dinas gub kaltim 8,5 miliar",https://www.tiktok.com/@ummu.3.anak/video/7613157935157464340,@ummu.3.anak,@acengtea030,https://www.tiktok.com/@acengtea030,marwah jalan benrin 3-6,1
"pengadaan mobil dinas gub kaltim 8,5 miliar",https://www.tiktok.com/@ummu.3.anak/video/7613157935157464340,@ummu.3.anak,@yaaaaa_625,https://www.tiktok.com/@yaaaaa_625,ayo SP yg kemaren pilih dia 3-5,1
"pengadaan mobil dinas gub kaltim 8,5 miliar",https://www.tiktok.com/@ummu.3.anak/video/7613157935157464340,@ummu.3.anak,@drsonodarno,https://www.tiktok.com/@drsonodarno,marwah jalan lumpur 3-6,1
"pengadaan mobil dinas gub kaltim 8,5 miliar",https://www.tiktok.com/@ummu.3.anak/video/7613157935157464340,@ummu.3.anak,@jenal.abidin108,https://www.tiktok.com/@jenal.abidin108,masa iya jalannya kaya gitu masih lumpur ini 2026 bos bukan taun 1975😁😁😁😁🤭🤭🤭 3-5,1
"pengadaan mobil dinas gub kaltim 8,5 miliar",https://www.tiktok.com/@ummu.3.anak/video/7613157935157464340,@ummu.3.anak,@fairuz_yeni,https://www.tiktok.com/@fairuz_yeni,marwah marwah 3-6,1
"pengadaan mobil dinas gub kaltim 8,5 miliar",https://www.tiktok.com/@ummu.3.anak/video/7613157935157464340,@ummu.3.anak,@hofibiadap,https://www.tiktok.com/@hofibiadap,"masarakat di bawa"" 3-5",1
"pengadaan mobil dinas gub kaltim 8,5 miliar",https://www.tiktok.com/@ummu.3.anak/video/7613157935157464340,@ummu.3.anak,@galihresa3,https://www.tiktok.com/@galihresa3,mungkin jalannya buat rute mobilnya 😂😂😂😂 3-6,0
"pengadaan mobil dinas gub kaltim 8,5 miliar",https://www.tiktok.com/@ummu.3.anak/video/7613157935157464340,@ummu.3.anak,@refankaalgazi586,https://www.tiktok.com/@refankaalgazi586,😂😂😂😂😂Marwah kaltim 3-6,1
"pengadaan mobil dinas gub kaltim 8,5 miliar",https://www.tiktok.com/@ummu.3.anak/video/7613157935157464340,@ummu.3.anak,@nur.habiba5,https://www.tiktok.com/@nur.habiba5,marwa weeee😁😁😁😁 3-5,1
"pengadaan mobil dinas gub kaltim 8,5 miliar",https://www.tiktok.com/@ummu.3.anak/video/7613157935157464340,@ummu.3.anak,@paisallubis327,https://www.tiktok.com/@paisallubis327,masyarakat nya pada kaya tuh 3-6,1
isu mobil dinas gubernur kaltim,https://www.tiktok.com/@aimambandung/video/7611327878239620372,@aimambandung,@17.junimbm.mbm,https://www.tiktok.com/@17.junimbm.mbm,usahanya bayar pajak gak? 2-27,17
isu mobil dinas gubernur kaltim,https://www.tiktok.com/@aimambandung/video/7611327878239620372,@aimambandung,@nendysiskandar,https://www.tiktok.com/@nendysiskandar,terlalu tinggi gaya hidupnya 2-27,33
isu mobil dinas gubernur kaltim,https://www.tiktok.com/@aimambandung/video/7611327878239620372,@aimambandung,@amai_882,https://www.tiktok.com/@amai_882,Tolong KPK kemana 2-27,12
isu mobil dinas gubernur kaltim,https://www.tiktok.com/@aimambandung/video/7611327878239620372,@aimambandung,@ahmad.riduansyah4,https://www.tiktok.com/@ahmad.riduansyah4,periksa KPK gubernur kaltim 2-27,29
isu mobil dinas gubernur kaltim,https://www.tiktok.com/@aimambandung/video/7611327878239620372,@aimambandung,@user4917255918830,https://www.tiktok.com/@user4917255918830,Audit segera 👍 2-27,11
isu mobil dinas gubernur kaltim,https://www.tiktok.com/@aimambandung/video/7611327878239620372,@aimambandung,@hijauflorist,https://www.tiktok.com/@hijauflorist,Ajg aing mah 500rb juga ga punya 3-20,1
isu mobil dinas gubernur kaltim,https://www.tiktok.com/@aimambandung/video/7611327878239620372,@aimambandung,@enzu544,https://www.tiktok.com/@enzu544,salah pilih 2-27,1
isu mobil dinas gubernur kaltim,https://www.tiktok.com/@aimambandung/video/7611327878239620372,@aimambandung,@fendyiskandar578,https://www.tiktok.com/@fendyiskandar578,Hebaaat mobil Gubernur termewah dan termahal di seluruh Indonesia. 2-28,4
isu mobil dinas gubernur kaltim,https://www.tiktok.com/@aimambandung/video/7611327878239620372,@aimambandung,@embohdopo02,https://www.tiktok.com/@embohdopo02,"what,137 miliar,sedangkan yang di tulis 127 miliar, 10 miliarnya kemana.😳 2-28",1
isu mobil dinas gubernur kaltim,https://www.tiktok.com/@aimambandung/video/7611327878239620372,@aimambandung,@mamakhitzzz,https://www.tiktok.com/@mamakhitzzz,HELLO KPK 2-27,1
isu mobil dinas gubernur kaltim,https://www.tiktok.com/@aimambandung/video/7611327878239620372,@aimambandung,@ww.tiktok.com.bskara,https://www.tiktok.com/@ww.tiktok.com.bskara,ada sekitar tiga kilo yg sama sekali belum di sentuh oleh pemerintah jembatan. belum ada jalan masih jalan setapak 2-28,0
isu mobil dinas gubernur kaltim,https://www.tiktok.com/@aimambandung/video/7611327878239620372,@aimambandung,@ekothegell,https://www.tiktok.com/@ekothegell,"klo untuk medan berat harusnya beli double cabbin, sprti strada, offroad itu yg khusus medan berat, 2-27",0
isu mobil dinas gubernur kaltim,https://www.tiktok.com/@aimambandung/video/7611327878239620372,@aimambandung,@heru4989,https://www.tiktok.com/@heru4989,c gaya 2-27,2
isu mobil dinas gubernur kaltim,https://www.tiktok.com/@aimambandung/video/7611327878239620372,@aimambandung,@jenal.abidin108,https://www.tiktok.com/@jenal.abidin108,8.5 m padahal buat bangun jln 2-28,1
isu mobil dinas gubernur kaltim,https://www.tiktok.com/@aimambandung/video/7611327878239620372,@aimambandung,@nedi_ana96,https://www.tiktok.com/@nedi_ana96,Bahaya ni klo bnyak utang pasti cari uang untuk bayar 3-4,0
isu mobil dinas gubernur kaltim,https://www.tiktok.com/@aimambandung/video/7611327878239620372,@aimambandung,@sevven06,https://www.tiktok.com/@sevven06,kpk mana 4-8,0
isu mobil dinas gubernur kaltim,https://www.tiktok.com/@aimambandung/video/7611327878239620372,@aimambandung,@thuama73,https://www.tiktok.com/@thuama73,hanya KPK harapan kita 2-27,2
isu mobil dinas gubernur kaltim,https://www.tiktok.com/@aimambandung/video/7611327878239620372,@aimambandung,@mustam79,https://www.tiktok.com/@mustam79,orang kaya bagi saya orang yg tdk punya hutang 2-27,6
isu mobil dinas gubernur kaltim,https://www.tiktok.com/@aimambandung/video/7611327878239620372,@aimambandung,@waktovan,https://www.tiktok.com/@waktovan,usaha apa ya utang segituu 3-4,0
isu mobil dinas gubernur kaltim,https://www.tiktok.com/@aimambandung/video/7611327878239620372,@aimambandung,@firmansyah90221,https://www.tiktok.com/@firmansyah90221,harus transparan 2-28,0
isu mobil dinas gubernur kaltim,https://www.tiktok.com/@bonekanegara.in/video/7631481627989839105,@bonekanegara.in,@urlove7482,https://www.tiktok.com/@urlove7482,gubernur yg paling bener kdm gk sih? 4-23,3865
isu mobil dinas gubernur kaltim,https://www.tiktok.com/@bonekanegara.in/video/7631481627989839105,@bonekanegara.in,@kacang_lidi,https://www.tiktok.com/@kacang_lidi,gue cuma binggung kok bisa di approve renovasi 25m? 😳 4-23,1666
isu mobil dinas gubernur kaltim,https://www.tiktok.com/@bonekanegara.in/video/7631481627989839105,@bonekanegara.in,@gaktu98,https://www.tiktok.com/@gaktu98,padahal gua yg orang Samarinda tapi enggak tau ada kabar ginian 😭 4-22,620
isu mobil dinas gubernur kaltim,https://www.tiktok.com/@bonekanegara.in/video/7631481627989839105,@bonekanegara.in,@cpi.yg.ke.2,https://www.tiktok.com/@cpi.yg.ke.2,pantes es nya jadi tambah 2rb 4-23,541
isu mobil dinas gubernur kaltim,https://www.tiktok.com/@bonekanegara.in/video/7631481627989839105,@bonekanegara.in,@anyeongyerobunn,https://www.tiktok.com/@anyeongyerobunn,tapi kok tidak ada video yaaa 4-23,9
isu mobil dinas gubernur kaltim,https://www.tiktok.com/@bonekanegara.in/video/7631481627989839105,@bonekanegara.in,@alee_140197,https://www.tiktok.com/@alee_140197,"bukan 2ribu, tp 4ribu lebih ya 4-23",15
isu mobil dinas gubernur kaltim,https://www.tiktok.com/@bonekanegara.in/video/7631481627989839105,@bonekanegara.in,@gumball22darwin07,https://www.tiktok.com/@gumball22darwin07,kami hanya perlu kinerja yang bijak.. bukan kemewahan 4-22,1100
isu mobil dinas gubernur kaltim,https://www.tiktok.com/@bonekanegara.in/video/7631481627989839105,@bonekanegara.in,@rosmitasinuraya,https://www.tiktok.com/@rosmitasinuraya,ganti dgn yg baru yg lebih peduli dgn rakyat 4-23,125
isu mobil dinas gubernur kaltim,https://www.tiktok.com/@bonekanegara.in/video/7631481627989839105,@bonekanegara.in,@zilva_adadisini9495,https://www.tiktok.com/@zilva_adadisini9495,astaghfirullah 4-22,65
isu mobil dinas gubernur kaltim,https://www.tiktok.com/@bonekanegara.in/video/7631481627989839105,@bonekanegara.in,@suhartini.hamsar,https://www.tiktok.com/@suhartini.hamsar,"KASIHAN RAKYAT KALTIM, SEMOGA DAPAT PEMIMPIN AMANAH SEPERTI KDM 4-23",402
isu mobil dinas gubernur kaltim,https://www.tiktok.com/@bonekanegara.in/video/7631481627989839105,@bonekanegara.in,@skincare_thatsimple,https://www.tiktok.com/@skincare_thatsimple,Dinegara ini apa sih yg di dengar 🥺 4-24,8
isu mobil dinas gubernur kaltim,https://www.tiktok.com/@bonekanegara.in/video/7631481627989839105,@bonekanegara.in,@pretynai,https://www.tiktok.com/@pretynai,yang nonton hari jumat aku fb😁 4-24,21
isu mobil dinas gubernur kaltim,https://www.tiktok.com/@bonekanegara.in/video/7631481627989839105,@bonekanegara.in,@gadis.penandak,https://www.tiktok.com/@gadis.penandak,yg nonton hari Sabtu aku fb 4-25,1
isu mobil dinas gubernur kaltim,https://www.tiktok.com/@bonekanegara.in/video/7631481627989839105,@bonekanegara.in,@samdony91,https://www.tiktok.com/@samdony91,"ya Allah 8,5 M tk gawe tuku omah 2 M wes apik 😩 4-23",50
isu mobil dinas gubernur kaltim,https://www.tiktok.com/@bonekanegara.in/video/7631481627989839105,@bonekanegara.in,@achmad.kamalludin,https://www.tiktok.com/@achmad.kamalludin,ga jelas itu dia 4-23,21
isu mobil dinas gubernur kaltim,https://www.tiktok.com/@bonekanegara.in/video/7631481627989839105,@bonekanegara.in,@felisiya255,https://www.tiktok.com/@felisiya255,gubernur paling gila sih 🙄 4-24,1
isu mobil dinas gubernur kaltim,https://www.tiktok.com/@bonekanegara.in/video/7631481627989839105,@bonekanegara.in,@echannahceah_10,https://www.tiktok.com/@echannahceah_10,Stop membuli..!! kalian TDK tau tentang rudi mas’ud kalian hanya melihat sisi buruknya saja..padahal sisi baiknya tidak ada... 5-3,1
isu mobil dinas gubernur kaltim,https://www.tiktok.com/@bonekanegara.in/video/7631481627989839105,@bonekanegara.in,@riyani0877,https://www.tiktok.com/@riyani0877,semangt warga kaltim kami selalu mendoaknmuu 4-23,141
isu mobil dinas gubernur kaltim,https://www.tiktok.com/@bonekanegara.in/video/7631481627989839105,@bonekanegara.in,@halimanurs,https://www.tiktok.com/@halimanurs,up 4-23,2
isu mobil dinas gubernur kaltim,https://www.tiktok.com/@bonekanegara.in/video/7631481627989839105,@bonekanegara.in,@rafbzzzedit,https://www.tiktok.com/@rafbzzzedit,nyesel aku coblos dia😌 4-23,7
isu mobil dinas gubernur kaltim,https://www.tiktok.com/@prabsri1/video/7631102459582336277,@prabsri1,@abunahawabuben,https://www.tiktok.com/@abunahawabuben,"maaf min, gubernur kaltim kader partai apa 4-22",8
isu mobil dinas gubernur kaltim,https://www.tiktok.com/@prabsri1/video/7631102459582336277,@prabsri1,@aldo_nababan,https://www.tiktok.com/@aldo_nababan,[Stiker] 4-22,8
isu mobil dinas gubernur kaltim,https://www.tiktok.com/@prabsri1/video/7631102459582336277,@prabsri1,@yakob_djeliran25,https://www.tiktok.com/@yakob_djeliran25,Tv nasional mana ? 4-23,1
isu mobil dinas gubernur kaltim,https://www.tiktok.com/@prabsri1/video/7631102459582336277,@prabsri1,@elcorleonee_ff,https://www.tiktok.com/@elcorleonee_ff,[Stiker] 4-25,2
isu mobil dinas gubernur kaltim,https://www.tiktok.com/@prabsri1/video/7631102459582336277,@prabsri1,@hengkie_kage,https://www.tiktok.com/@hengkie_kage,[Stiker] 4-24,1
isu mobil dinas gubernur kaltim,https://www.tiktok.com/@prabsri1/video/7631102459582336277,@prabsri1,@manusiapendosa160,https://www.tiktok.com/@manusiapendosa160,[Stiker] 4-24,0
isu mobil dinas gubernur kaltim,https://www.tiktok.com/@prabsri1/video/7631102459582336277,@prabsri1,@yazid_hazeeq,https://www.tiktok.com/@yazid_hazeeq,wowo ngomong doang.inti nya kgk ada disidak🤣 4-21,8
isu mobil dinas gubernur kaltim,https://www.tiktok.com/@prabsri1/video/7631102459582336277,@prabsri1,@emielnasution,https://www.tiktok.com/@emielnasution,"yang kaya gini nyindir kdm?, kok orang kek gini bisa jadi gubernur ya, bukan nya saling support saling apresiasi apalagi kita 1 negara, padahal kdm gapernah tuh nyinyir ke gubernur lain, adem ayem aja, apa emang gubernur Kaltim menolak maju?🤔 4-22",36
isu mobil dinas gubernur kaltim,https://www.tiktok.com/@prabsri1/video/7631102459582336277,@prabsri1,@rendirandi741,https://www.tiktok.com/@rendirandi741,mundur dri jabatanmu dn mundur dinastimu 4-21,17
isu mobil dinas gubernur kaltim,https://www.tiktok.com/@prabsri1/video/7631102459582336277,@prabsri1,@dewivirgo4233,https://www.tiktok.com/@dewivirgo4233,baru 1 tahun jadi gub petatang peteteng hadeeh nyenggol KDM lagi 4-21,10
isu mobil dinas gubernur kaltim,https://www.tiktok.com/@prabsri1/video/7631102459582336277,@prabsri1,@boss.tebu7,https://www.tiktok.com/@boss.tebu7,pecat aja gubenur kaya gt 4-22,16
isu mobil dinas gubernur kaltim,https://www.tiktok.com/@prabsri1/video/7631102459582336277,@prabsri1,@alxsebastian1,https://www.tiktok.com/@alxsebastian1,kok bisa jadi gubernur ya 4-22,3
isu mobil dinas gubernur kaltim,https://www.tiktok.com/@prabsri1/video/7631102459582336277,@prabsri1,@kang.asep.abah.an,https://www.tiktok.com/@kang.asep.abah.an,jateng kapan nih? 4-22,1
isu mobil dinas gubernur kaltim,https://www.tiktok.com/@prabsri1/video/7631102459582336277,@prabsri1,@user6193932300077,https://www.tiktok.com/@user6193932300077,sumber dana Prabowo Subianto 4-22,1
isu mobil dinas gubernur kaltim,https://www.tiktok.com/@prabsri1/video/7631102459582336277,@prabsri1,@bengkelcustomcirebontimu,https://www.tiktok.com/@bengkelcustomcirebontimu,kalo punya anggaran sgtu😂masa buat perbaiki jalan gada pak🤣 4-22,4
isu mobil dinas gubernur kaltim,https://www.tiktok.com/@prabsri1/video/7631102459582336277,@prabsri1,@erhamsyah3,https://www.tiktok.com/@erhamsyah3,@copot aja jabatan nya 4-22,3
isu mobil dinas gubernur kaltim,https://www.tiktok.com/@prabsri1/video/7631102459582336277,@prabsri1,@iiiiiibbbbbbbkkkkkkk,https://www.tiktok.com/@iiiiiibbbbbbbkkkkkkk,GUBERNUR DINASTI. DUIT MILIYARAN ORAK GAWE DANDAN DALAN MALAH GAWE TUKU MOBIL. 4-23,1
isu mobil dinas gubernur kaltim,https://www.tiktok.com/@prabsri1/video/7631102459582336277,@prabsri1,@erni_852,https://www.tiktok.com/@erni_852,"punya harta banyak mending sumbangin buat jalan pak,di kenang sepanjang masa kaya gubernur aku BPK aing 4-23",1
isu mobil dinas gubernur kaltim,https://www.tiktok.com/@prabsri1/video/7631102459582336277,@prabsri1,@paul07116,https://www.tiktok.com/@paul07116,punya harta 166M dari mana aja tuh? 😅 4-23,1
isu mobil dinas gubernur kaltim,https://www.tiktok.com/@prabsri1/video/7631102459582336277,@prabsri1,@planetsy59,https://www.tiktok.com/@planetsy59,makan yang kenyang suatu saat akan di pertanggung jawab same allah. 4-23,1
isu pengadaan mobil dinas kaltim,https://www.tiktok.com/@ibarat_azra/video/7631776481781271826,@ibarat_azra,@azyyt8,https://www.tiktok.com/@azyyt8,mobil elit jalan sulit 4-23,108
isu pengadaan mobil dinas kaltim,https://www.tiktok.com/@ibarat_azra/video/7631776481781271826,@ibarat_azra,@epep_emel23,https://www.tiktok.com/@epep_emel23,Liat story ku plss ga mau ga papa 🥺 4-23,0
isu pengadaan mobil dinas kaltim,https://www.tiktok.com/@ibarat_azra/video/7631776481781271826,@ibarat_azra,@azkakhairielazzam,https://www.tiktok.com/@azkakhairielazzam,[Stiker] gubernur nya lagi foya foya🗿 4-23,44
isu pengadaan mobil dinas kaltim,https://www.tiktok.com/@ibarat_azra/video/7631776481781271826,@ibarat_azra,@muhammadjalalrumi,https://www.tiktok.com/@muhammadjalalrumi,🫥🫥🫥🫥🫥🫥🫥 minimal 4-23,1
isu pengadaan mobil dinas kaltim,https://www.tiktok.com/@ibarat_azra/video/7631776481781271826,@ibarat_azra,@andrimulyadi110,https://www.tiktok.com/@andrimulyadi110,untung gua jabar bapak aing🤭 4-23,8
isu pengadaan mobil dinas kaltim,https://www.tiktok.com/@ibarat_azra/video/7631776481781271826,@ibarat_azra,@reyhanrevalin,https://www.tiktok.com/@reyhanrevalin,[Stiker] Gubernur 4-23,5
isu pengadaan mobil dinas kaltim,https://www.tiktok.com/@ibarat_azra/video/7631776481781271826,@ibarat_azra,@clgstjff,https://www.tiktok.com/@clgstjff,sama Jateng juga,0
isu pengadaan mobil dinas kaltim,https://www.tiktok.com/@ibarat_azra/video/7631776481781271826,@ibarat_azra,@falih..03,https://www.tiktok.com/@falih..03,mungkin anggaran buat vidio doang 300 miliyar hehhe 4-23,2
isu pengadaan mobil dinas kaltim,https://www.tiktok.com/@ibarat_azra/video/7631776481781271826,@ibarat_azra,@nando_pleengerr,https://www.tiktok.com/@nando_pleengerr,kalo jalan ancur ya di baikin bukan beli mobil 4-23,6
isu pengadaan mobil dinas kaltim,https://www.tiktok.com/@ibarat_azra/video/7631776481781271826,@ibarat_azra,@vanzzreal31,https://www.tiktok.com/@vanzzreal31,Pasti anggaran buat tuh video nya tembus 30 m 4-23,2
isu pengadaan mobil dinas kaltim,https://www.tiktok.com/@ibarat_azra/video/7631776481781271826,@ibarat_azra,@fathiaayudiaqueen,https://www.tiktok.com/@fathiaayudiaqueen,maksudnya apasih 4-24,0
isu pengadaan mobil dinas kaltim,https://www.tiktok.com/@ibarat_azra/video/7631776481781271826,@ibarat_azra,@bayuslebew176,https://www.tiktok.com/@bayuslebew176,gimana gak panas cobak karena kipas nya belum di hidupin😄 4-23,0
isu pengadaan mobil dinas kaltim,https://www.tiktok.com/@ibarat_azra/video/7631776481781271826,@ibarat_azra,@kepo.banget.sih756,https://www.tiktok.com/@kepo.banget.sih756,[Stiker] Marwah nama aing 4-23,2
isu pengadaan mobil dinas kaltim,https://www.tiktok.com/@ibarat_azra/video/7631776481781271826,@ibarat_azra,@rafz3791,https://www.tiktok.com/@rafz3791,[Stiker] semangat pak Rusdy mas'ud 4-23,0
isu pengadaan mobil dinas kaltim,https://www.tiktok.com/@ibarat_azra/video/7631776481781271826,@ibarat_azra,@destiadaily,https://www.tiktok.com/@destiadaily,"orang mah klo buat ngelewatin jalan kaltim yang hancur bukan beli mobil 8.5m, tapi benerin tuh jalan kaltim jalan aman&damai,rakyat aman tentram juga berguna untuk semua, untung aku di jabar 4-24",0
isu pengadaan mobil dinas kaltim,https://www.tiktok.com/@ibarat_azra/video/7631776481781271826,@ibarat_azra,@fahddinazhadi130,https://www.tiktok.com/@fahddinazhadi130,untuk apa mobil di beli kalo di beli tetap sama gak ada yg berubah tetap sama yg berubah gurbenur yg menjadi jadi 5-11,0
isu pengadaan mobil dinas kaltim,https://www.tiktok.com/@ibarat_azra/video/7631776481781271826,@ibarat_azra,@winsendid,https://www.tiktok.com/@winsendid,[Stiker] mana ni jir mobilnya udah keliling belum 4-28,0
isu pengadaan mobil dinas kaltim,https://www.tiktok.com/@ibarat_azra/video/7631776481781271826,@ibarat_azra,@greciaaaja,https://www.tiktok.com/@greciaaaja,seharus nya kan beneein jalan dulu baru beli mobil ya ini malah beli mobil dulu benerin jalan nya kapan kapan 4-23,0
isu pengadaan mobil dinas kaltim,https://www.tiktok.com/@ibarat_azra/video/7631776481781271826,@ibarat_azra,@kuyasamasi,https://www.tiktok.com/@kuyasamasi,nanti anggaran video klarifikasinya berapa ya🗿 4-23,0
isu pengadaan mobil dinas kaltim,https://www.tiktok.com/@ibarat_azra/video/7631776481781271826,@ibarat_azra,@mas.zulvi3,https://www.tiktok.com/@mas.zulvi3,pilih gua aja 4-23,0
mobil dinas baru gubernur kaltim,https://www.tiktok.com/@harianda19/video/7611777664621350164,@harianda19,@asep.sujana778,https://www.tiktok.com/@asep.sujana778,"kuropsi besar besaran buat beli mobil,,, 3-2",0
mobil dinas baru gubernur kaltim,https://www.tiktok.com/@harianda19/video/7611777664621350164,@harianda19,@myusuf740,https://www.tiktok.com/@myusuf740,betol.... pak terlalu mewah mobil nya 2-28,0
mobil dinas baru gubernur kaltim,https://www.tiktok.com/@harianda19/video/7611777664621350164,@harianda19,@daenganto_738,https://www.tiktok.com/@daenganto_738,yang penting jaga maruwa 2-28,0
mobil dinas baru gubernur kaltim,https://www.tiktok.com/@harianda19/video/7611777664621350164,@harianda19,@panglima_kijang_kencana,https://www.tiktok.com/@panglima_kijang_kencana,"Assalamualaikum buat pencerahan buat yang komen negatif di sosmed media sosial tentang gubernur Kaltim. Wajar aja dia menikmati peselitas itu. Kerna dia juga berjuang berdarah darah berkorban harta benda"" baru bisa duduk jadi gubernur kaltim. KERNA ITU PILIHAN KALIAN JUGA DIA JADI PEJABAT DAN GUBERNUR KALTIM. LEBIH BAIK KITA SENERGI MEMBANGUN KALTIM. Jadi kita jangan membuli' menghujat dan gibahnya ya kawan. Seharusnya kita dukung program beliau agar maksimal membangun kaltim. Ingat kawan manusia itu tidak ada yang sempurna. DIA JUGA BERBUAT SEPERTI ITU. BUAT MASRAKAT KITA KALTIM. MENG""ANGKAT MARWAH WIBAWA DAN MENGENALKAN KALTIM ITU MEMANG KAYA. Santun lah kita ber tutur kata bahasa di sosial media sosmed. Kita tunjukkan ke dunia orang Kaltim punya ahlak adab dan sopan santun kawan...... 3-1",0
mobil dinas baru gubernur kaltim,https://www.tiktok.com/@sewaktu.com/video/7611114459628571920,@sewaktu.com,@rsstw__,https://www.tiktok.com/@rsstw__,KATAKAN??? 2-26,0
mobil dinas baru gubernur kaltim,https://www.tiktok.com/@sewaktu.com/video/7611114459628571920,@sewaktu.com,@fajar_beronza,https://www.tiktok.com/@fajar_beronza,lain marwah nu jlas mah eta duit rakyat 😂😂 2-26,0
mobil dinas baru gubernur kaltim,https://www.tiktok.com/@sewaktu.com/video/7611114459628571920,@sewaktu.com,@nurubell,https://www.tiktok.com/@nurubell,🥰 2-26,0
mobil dinas baru gubernur kaltim,https://www.tiktok.com/@sewaktu.com/video/7611114459628571920,@sewaktu.com,@nurubell,https://www.tiktok.com/@nurubell,😂 2-26,0
mobil dinas baru gubernur kaltim,https://www.tiktok.com/@robi.plur/video/7611168030877322514,@robi.plur,@qrontll,https://www.tiktok.com/@qrontll,JANGAN SURUH SAYA PAKAI KIJANG DEK 🤣 2-27,1636
mobil dinas baru gubernur kaltim,https://www.tiktok.com/@robi.plur/video/7611168030877322514,@robi.plur,@baaybaa,https://www.tiktok.com/@baaybaa,"harus presiden 2029 ,Hidup.gubernur kaltim 🥰 2-27",17
mobil dinas baru gubernur kaltim,https://www.tiktok.com/@robi.plur/video/7611168030877322514,@robi.plur,@tuanmudaabimana25,https://www.tiktok.com/@tuanmudaabimana25,"kalimantan pakai triton, strada, hylux double cabin 4x4 sudah aman pak. jangan maksain pakai mobil mewah. 2-27",234
mobil dinas baru gubernur kaltim,https://www.tiktok.com/@robi.plur/video/7611168030877322514,@robi.plur,@d3ddy26,https://www.tiktok.com/@d3ddy26,"..pak gubernur kalau mau mengangkat marwah Kaltim, tingkatkan kemajuan daerah bukan beli mobil mewah...ingat pak, jadi gubernur itu atas keinginan bapak & dipilih rakyat. 2-27",653
mobil dinas baru gubernur kaltim,https://www.tiktok.com/@robi.plur/video/7611168030877322514,@robi.plur,@callmeucups,https://www.tiktok.com/@callmeucups,"sebenernya 8,5M itu wajar wajar aja kalo untuk 7-8 mobil, karena di tiap provinsi mobil dinas gubernur nya minimal land cruiser dan alphard 2-27",4
mobil dinas baru gubernur kaltim,https://www.tiktok.com/@robi.plur/video/7611168030877322514,@robi.plur,@lovebyzed,https://www.tiktok.com/@lovebyzed,Omongan nya ga masuk di logika 🙏🏻 2-28,23
mobil dinas baru gubernur kaltim,https://www.tiktok.com/@robi.plur/video/7611168030877322514,@robi.plur,@kikikiwwwk,https://www.tiktok.com/@kikikiwwwk,kaltim 2-28,94
mobil dinas baru gubernur kaltim,https://www.tiktok.com/@robi.plur/video/7611168030877322514,@robi.plur,@pujharani25,https://www.tiktok.com/@pujharani25,"jalan tuh benerin dulu harus nya, biar sesuai sama mobil 3-1",32
mobil dinas baru gubernur kaltim,https://www.tiktok.com/@robi.plur/video/7611168030877322514,@robi.plur,@toko.kak.uwa,https://www.tiktok.com/@toko.kak.uwa,pinter ngomong 2-27,13
mobil dinas baru gubernur kaltim,https://www.tiktok.com/@robi.plur/video/7611168030877322514,@robi.plur,@indra.prtama7,https://www.tiktok.com/@indra.prtama7,jangan saya suruh pake jalan kaki 😂😂 2-27,7
mobil dinas baru gubernur kaltim,https://www.tiktok.com/@robi.plur/video/7611168030877322514,@robi.plur,@ahmadmughofar,https://www.tiktok.com/@ahmadmughofar,"Kijang kalau jalannya bagus juga enak ,,, 3-1",4
mobil dinas baru gubernur kaltim,https://www.tiktok.com/@robi.plur/video/7611168030877322514,@robi.plur,@endik580,https://www.tiktok.com/@endik580,"sudahlah pak, orang sudah tahu. gak perlu bicara panjang lebar 2-27",696
mobil dinas baru gubernur kaltim,https://www.tiktok.com/@robi.plur/video/7611168030877322514,@robi.plur,@adi.firman.syarif,https://www.tiktok.com/@adi.firman.syarif,pak gubernur.. tolong dicepat kan magrib nya 2-28,3
mobil dinas baru gubernur kaltim,https://www.tiktok.com/@robi.plur/video/7611168030877322514,@robi.plur,@kodokjail,https://www.tiktok.com/@kodokjail,Harusnya kan jalan yg diperbaiki biar tamunya akses gampang 2-27,21
mobil dinas baru gubernur kaltim,https://www.tiktok.com/@robi.plur/video/7611168030877322514,@robi.plur,@arul.0789,https://www.tiktok.com/@arul.0789,",cerita macet,jln propensi dibagusin 2-27",5
mobil dinas baru gubernur kaltim,https://www.tiktok.com/@robi.plur/video/7611168030877322514,@robi.plur,@farrelism1,https://www.tiktok.com/@farrelism1,"Misalnya ni kalau ada orang melintasi suatu daerah itu yang pertama dilihat atau dirasakan ya keadaan jalan bukan seberapa kayanya kepala daerah, kalau jalan nya baguss otomatis lngsung keinget sama siapa pimpinan daerahny 3-2",2
mobil dinas baru gubernur kaltim,https://www.tiktok.com/@robi.plur/video/7611168030877322514,@robi.plur,@proximuscesar,https://www.tiktok.com/@proximuscesar,Kasian kaltim gubernurnya gini 2-27,13
mobil dinas baru gubernur kaltim,https://www.tiktok.com/@robi.plur/video/7611168030877322514,@robi.plur,@irwannedabang,https://www.tiktok.com/@irwannedabang,gpp pake kijang tapi semua jalan bagus.masyarakat gak ngelu soal jln.. itu bru org akui😂🙏 3-7,3
mobil dinas baru gubernur kaltim,https://www.tiktok.com/@robi.plur/video/7611168030877322514,@robi.plur,@just_handoko,https://www.tiktok.com/@just_handoko,termasuk pinter omong 2-27,12
mobil dinas baru gubernur kaltim,https://www.tiktok.com/@robi.plur/video/7611168030877322514,@robi.plur,@tanyaaja555,https://www.tiktok.com/@tanyaaja555,"ingat, jangan sampe logikanya ikut masuk ke logika teman2 mahasiswa, ya jalannya bnerin bukan mobilnya d bagusin. emang yg jalan mobil dia doang. para pencari nafkah loh 3-7",1
mobil dinas baru gubernur kaltim,https://www.tiktok.com/@klikkaltim_/video/7610061418548808967,@klikkaltim_,@aisyahsyifahdavina,https://www.tiktok.com/@aisyahsyifahdavina,jalan nya di perbaiki ketua bkn mobil nya di mewahin 😏 pajero atau fortuner aja di tambang dngan jalan licin atau extream aja lolos aja alhamdullilah . masa iya jembatan putus mau ke seberang hrus beli mobil terbang dlu . perbaiki jembatan nya 2-23,1
mobil dinas baru gubernur kaltim,https://www.tiktok.com/@klikkaltim_/video/7610061418548808967,@klikkaltim_,@baseline49,https://www.tiktok.com/@baseline49,😅😅😅😅😅😇😇😇😇🧠🧠🧠🧠🧠🧠 2-24,0
mobil dinas baru gubernur kaltim,https://www.tiktok.com/@klikkaltim_/video/7610061418548808967,@klikkaltim_,@rydzaprayoga,https://www.tiktok.com/@rydzaprayoga,🤣🤣🤣🤣 2-24,0
mobil dinas baru gubernur kaltim,https://www.tiktok.com/@klikkaltim_/video/7610061418548808967,@klikkaltim_,@user81774052981673,https://www.tiktok.com/@user81774052981673,😁😁😁 2-24,0
mobil dinas baru gubernur kaltim,https://www.tiktok.com/@klikkaltim_/video/7610061418548808967,@klikkaltim_,@rgpan4940,https://www.tiktok.com/@rgpan4940,🤣😂🤣 2-24,0
mobil dinas baru gubernur kaltim,https://www.tiktok.com/@klikkaltim_/video/7610061418548808967,@klikkaltim_,@o.gayoo,https://www.tiktok.com/@o.gayoo,Padahal mobil arak arak an nya mobil biasa tembus tembus aja 🤣🤣🤣🤣 kok mikirin diri nya sendiri itu loh gimna mau mikirin rakyat nya 2-24,1
mobil dinas baru gubernur kaltim,https://www.tiktok.com/@klikkaltim_/video/7610061418548808967,@klikkaltim_,@bijiciwadak,https://www.tiktok.com/@bijiciwadak,"Sejarah mencatat, kekuasaan bukan diukur dari kemewahan fasilitasnya, melainkan dari seberapa kuat ia berpihak pada rakyat kecil. Rp8,5 miliar dari dana Pemprov Kaltim untuk suatu kendaraan adalah angka yang sah untuk dipertanyakan secara moral dan kebijakan. Bukan karena kita anti fasilitas. Tetapi karena prioritas adalah cerminan nurani. Di saat masyarakat membutuhkan akses pendidikan, kesehatan, infrastruktur, keputusan anggaran harus sensitif terhadap rasa keadilan publik. Kritik ini bukan serangan pribadi. Ini panggilan tanggung jawab. Karena dalam demokrasi, yang paling tinggi bukan jabatan — melainkan kedaulatan rakyat.” 2-24",0
mobil dinas baru gubernur kaltim,https://www.tiktok.com/@klikkaltim_/video/7610061418548808967,@klikkaltim_,@agussetiawan2109,https://www.tiktok.com/@agussetiawan2109,sini lah ke bontang lewat darat jngan kau lewat muara badak lewat jalan poros ny🤣🤣🤣 2-23,0
mobil dinas kaltim marwah,https://www.tiktok.com/@asbo.titha/video/7632508094207085842,@asbo.titha,@mrmr.isa,https://www.tiktok.com/@mrmr.isa,Ini bukan manusia Gubernur babi' hutan dasar manusia 🐷🐷🐷🐷 4-25,2
mobil dinas kaltim marwah,https://www.tiktok.com/@asbo.titha/video/7632508094207085842,@asbo.titha,@yuke.sumeru2,https://www.tiktok.com/@yuke.sumeru2,monyet kampung 😂😂😂 4-25,1
mobil dinas kaltim marwah,https://www.tiktok.com/@asbo.titha/video/7632508094207085842,@asbo.titha,@gavisprajalangit,https://www.tiktok.com/@gavisprajalangit,[Stiker] 4-25,0
mobil dinas kaltim marwah,https://www.tiktok.com/@asbo.titha/video/7632508094207085842,@asbo.titha,@bundaningrum66,https://www.tiktok.com/@bundaningrum66,marwah marwah preeetttt 4-25,1
mobil dinas kaltim marwah,https://www.tiktok.com/@asbo.titha/video/7632508094207085842,@asbo.titha,@putra.mahkota6589,https://www.tiktok.com/@putra.mahkota6589,soal Marwah di bicarakan tapi rakyatnya menderita dasar gubernur konoha 4-25,1
mobil dinas kaltim marwah,https://www.tiktok.com/@asbo.titha/video/7632508094207085842,@asbo.titha,@srnryt,https://www.tiktok.com/@srnryt,gk jelas 4-25,1
mobil dinas kaltim marwah,https://www.tiktok.com/@asbo.titha/video/7632508094207085842,@asbo.titha,@user3454613188756,https://www.tiktok.com/@user3454613188756,mikir ojo gawe sempatan kesepitan duwete sopo 5-24,0
mobil dinas kaltim marwah,https://www.tiktok.com/@asbo.titha/video/7632508094207085842,@asbo.titha,@lilis.elyanty,https://www.tiktok.com/@lilis.elyanty,lcopot aja langsung 5-10,0
mobil dinas kaltim marwah,https://www.tiktok.com/@asbo.titha/video/7632508094207085842,@asbo.titha,@novi.lestari777,https://www.tiktok.com/@novi.lestari777,pecat aja turun kan kalau tidak perhatikan rakyat 5-6,0
mobil dinas kaltim marwah,https://www.tiktok.com/@asbo.titha/video/7632508094207085842,@asbo.titha,@messidiego12,https://www.tiktok.com/@messidiego12,bubenur koropsi ituh tdak benar 5-1,0
mobil dinas kaltim marwah,https://www.tiktok.com/@asbo.titha/video/7632508094207085842,@asbo.titha,@rachmat2084,https://www.tiktok.com/@rachmat2084,"Marwah masyarakat Kaltim , jalan berlumpur Tah pak gubernur Rudi 5-1",0
mobil dinas kaltim marwah,https://www.tiktok.com/@asbo.titha/video/7632508094207085842,@asbo.titha,@andrebarbara643,https://www.tiktok.com/@andrebarbara643,masak iya mobil nya bgus yg pakek alakadarnya mcm ini . jngn dong jaga Marwah mobilnya itu ... 4-25,0
mobil dinas kaltim marwah,https://www.tiktok.com/@asbo.titha/video/7632508094207085842,@asbo.titha,@akigalau.55,https://www.tiktok.com/@akigalau.55,Nepal kan bos ku 4-25,0
mobil dinas kaltim marwah,https://www.tiktok.com/@asbo.titha/video/7632508094207085842,@asbo.titha,@khoriati.riati,https://www.tiktok.com/@khoriati.riati,marwah preeeeeeeeeeet 4-25,0
mobil dinas kaltim marwah,https://www.tiktok.com/@asbo.titha/video/7632508094207085842,@asbo.titha,@johanthasmin,https://www.tiktok.com/@johanthasmin,marwah utk pribadi 4-25,0
mobil dinas kaltim marwah,https://www.tiktok.com/@asbo.titha/video/7632508094207085842,@asbo.titha,@usnadinadi871,https://www.tiktok.com/@usnadinadi871,msarzkat yang mana kan ralya kg suka 4-25,0
mobil dinas kaltim marwah,https://www.tiktok.com/@asbo.titha/video/7632508094207085842,@asbo.titha,@sama.rasa202,https://www.tiktok.com/@sama.rasa202,🤣🤣🤣🤣🤣🤣🤣 4-25,1
mobil dinas kaltim marwah,https://www.tiktok.com/@asbo.titha/video/7632508094207085842,@asbo.titha,@andari047,https://www.tiktok.com/@andari047,😆 4-25,0
mobil dinas kaltim marwah,https://www.tiktok.com/@asbo.titha/video/7632508094207085842,@asbo.titha,@sellyfira_,https://www.tiktok.com/@sellyfira_,🥰🥰🥰 4-25,0
mobil dinas kaltim marwah,https://www.tiktok.com/@imprezacover/video/7613576007378816277,@imprezacover,@didinkmahyun06,https://www.tiktok.com/@didinkmahyun06,😳😳😳 3-6,0
mobil dinas kaltim marwah,https://www.tiktok.com/@the_amor70/video/7610666343985138951,@the_amor70,@abdullah1707750099,https://www.tiktok.com/@abdullah1707750099,gubernur ada enggak rasa ibah terhadap rakyat miskin 2-25,13
mobil dinas kaltim marwah,https://www.tiktok.com/@the_amor70/video/7610666343985138951,@the_amor70,@mriam.mriam13,https://www.tiktok.com/@mriam.mriam13,"dah keliatan dari aura nya, aura... tolong diisi titik titiknya gaez 2-26",4
mobil dinas kaltim marwah,https://www.tiktok.com/@the_amor70/video/7610666343985138951,@the_amor70,@didikprasetyo896,https://www.tiktok.com/@didikprasetyo896,"inilah pejabt kita,rakyat akan trs di peras pajak 2-25",4
mobil dinas kaltim marwah,https://www.tiktok.com/@the_amor70/video/7610666343985138951,@the_amor70,@arifdwip,https://www.tiktok.com/@arifdwip,sah puasanya kalo gibahin gubernur begini 3-4,1
mobil dinas kaltim marwah,https://www.tiktok.com/@the_amor70/video/7610666343985138951,@the_amor70,@egizidan4,https://www.tiktok.com/@egizidan4,bergerak turun kan jabatanya 2-25,2
mobil dinas kaltim marwah,https://www.tiktok.com/@the_amor70/video/7610666343985138951,@the_amor70,@buldozer5038,https://www.tiktok.com/@buldozer5038,"beli mobil 8.5 m mau selesai masa jabatan di dum jadi milik pribadi, 😂😂 3-2",4
mobil dinas kaltim marwah,https://www.tiktok.com/@the_amor70/video/7610666343985138951,@the_amor70,@arierahmat832,https://www.tiktok.com/@arierahmat832,iya kah buat masyarakat kaltim bukan buat dompet pribadi kah pak gubernur 2-25,2
mobil dinas kaltim marwah,https://www.tiktok.com/@the_amor70/video/7610666343985138951,@the_amor70,@alindanurfitriani,https://www.tiktok.com/@alindanurfitriani,ohh baru Nemu kalimat Marwah dr Kaltim toh ini mksdnya,0
mobil dinas kaltim marwah,https://www.tiktok.com/@the_amor70/video/7610666343985138951,@the_amor70,@asy..coy,https://www.tiktok.com/@asy..coy,ketahuan ....lah.....telanjur berkuasa...gak apa2 lah 2-25,8
mobil dinas kaltim marwah,https://www.tiktok.com/@the_amor70/video/7610666343985138951,@the_amor70,@teguhharyono64,https://www.tiktok.com/@teguhharyono64,parah ni Gub kaltim 2-27,1
mobil dinas kaltim marwah,https://www.tiktok.com/@the_amor70/video/7610666343985138951,@the_amor70,@jemii897,https://www.tiktok.com/@jemii897,Target Nya Gedung Merah Putih ini 😂😂 2-25,2
mobil dinas kaltim marwah,https://www.tiktok.com/@the_amor70/video/7610666343985138951,@the_amor70,@cappucinomilktea22,https://www.tiktok.com/@cappucinomilktea22,mikirin diri sendiri dongg jatohnya😭🤣 3-5,1
mobil dinas kaltim marwah,https://www.tiktok.com/@the_amor70/video/7610666343985138951,@the_amor70,@kr_tirtowijoyo1,https://www.tiktok.com/@kr_tirtowijoyo1,Gubernur bengek 3-7,1
mobil dinas kaltim marwah,https://www.tiktok.com/@the_amor70/video/7610666343985138951,@the_amor70,@sucipto494,https://www.tiktok.com/@sucipto494,Kalimantan bnyak jln yg rusak parah 3-1,1
mobil dinas kaltim marwah,https://www.tiktok.com/@the_amor70/video/7610666343985138951,@the_amor70,@bakul_cilok86,https://www.tiktok.com/@bakul_cilok86,marwah kaltim / pingin naik mobil bagus 3-3,1
mobil dinas kaltim marwah,https://www.tiktok.com/@the_amor70/video/7610666343985138951,@the_amor70,@utagei6,https://www.tiktok.com/@utagei6,harusnya motor 2-25,2
mobil dinas kaltim marwah,https://www.tiktok.com/@the_amor70/video/7610666343985138951,@the_amor70,@aran1095,https://www.tiktok.com/@aran1095,uda..lagi musim mmng.. 2-25,2
mobil dinas kaltim marwah,https://www.tiktok.com/@the_amor70/video/7610666343985138951,@the_amor70,@dhenokk06,https://www.tiktok.com/@dhenokk06,lha kalau kepala daerah nya seperti inii.. ya rakyat miskin sengsara pak😭 2-25,1
mobil dinas kaltim marwah,https://www.tiktok.com/@the_amor70/video/7610666343985138951,@the_amor70,@jef12315,https://www.tiktok.com/@jef12315,fix...gubernur Marwah... 5-24,0
mobil dinas kaltim marwah,https://www.tiktok.com/@the_amor70/video/7610666343985138951,@the_amor70,@donnygerot6gmail.com,https://www.tiktok.com/@donnygerot6gmail.com,he he em 2-25,2
mobil dinas kaltim marwah,https://www.tiktok.com/@treasuretoysid/video/7642284440391077141,@treasuretoysid,@gregory.finnsean,https://www.tiktok.com/@gregory.finnsean,[Stiker] ponakan datang 5-22,2
mobil dinas kaltim marwah,https://www.tiktok.com/@treasuretoysid/video/7642284440391077141,@treasuretoysid,@dika.hafe,https://www.tiktok.com/@dika.hafe,pertama bg🔥🔥🔥 5-21,2
mobil dinas kaltim marwah,https://www.tiktok.com/@treasuretoysid/video/7642284440391077141,@treasuretoysid,@mariano.koten,https://www.tiktok.com/@mariano.koten,wow 5-22,1
mobil dinas kaltim marwah,https://www.tiktok.com/@treasuretoysid/video/7642284440391077141,@treasuretoysid,@santri.pekok751,https://www.tiktok.com/@santri.pekok751,😁😁😁 5-27,1
mobil dinas kaltim marwah,https://www.tiktok.com/@treasuretoysid/video/7642284440391077141,@treasuretoysid,@orang_just_friend_kok,https://www.tiktok.com/@orang_just_friend_kok,😁😁😁 5-22,1
mobil dinas kaltim marwah,https://www.tiktok.com/@mr.random1945/video/7611212543067213074,@mr.random1945,@vanessia05,https://www.tiktok.com/@vanessia05,"uang siapa 8,5 m pak😁 2-27",1
mobil dinas kaltim marwah,https://www.tiktok.com/@mr.random1945/video/7611212543067213074,@mr.random1945,@user5263123137284,https://www.tiktok.com/@user5263123137284,kerja kerja .yg bener mobil aja yg di pikirin . 2-27,1
mobil dinas kaltim marwah,https://www.tiktok.com/@mr.random1945/video/7611212543067213074,@mr.random1945,@sa_midzi16,https://www.tiktok.com/@sa_midzi16,Knp jgn? Lo manusia2 juga..marwah atau validasi yg lo kejar. 2-27,2
mobil dinas kaltim marwah,https://www.tiktok.com/@aby.drone/video/7631155160395402516,@aby.drone,@asikinsaja22_,https://www.tiktok.com/@asikinsaja22_,loundry... 5-17,0
mobil dinas kaltim marwah,https://www.tiktok.com/@aby.drone/video/7631155160395402516,@aby.drone,@pejuang.rupiah2572,https://www.tiktok.com/@pejuang.rupiah2572,yang penting jaga Marwah😁😁😁 4-21,1
mobil dinas kaltim marwah,https://www.tiktok.com/@aby.drone/video/7631155160395402516,@aby.drone,@tugion1,https://www.tiktok.com/@tugion1,menurut saya pemimpin kaltim pemimpin x royal tp tidak masarakat x pecat aja gass 4-22,2
mobil dinas kaltim marwah,https://www.tiktok.com/@aby.drone/video/7631155160395402516,@aby.drone,@annalulamii,https://www.tiktok.com/@annalulamii,klo di usut gmn dgn org2 yg bersangkutan dgn pengadaan barang ya?? dri jabat sibuk urus marwah bkn urut warga kaltim.. 5-5,0
mobil dinas kaltim marwah,https://www.tiktok.com/@aby.drone/video/7631155160395402516,@aby.drone,@eeendi1132,https://www.tiktok.com/@eeendi1132,kenapa kok gubernur bginan kok g lgsung di pecat saja 5-4,0
mobil dinas kaltim marwah,https://www.tiktok.com/@aby.drone/video/7631155160395402516,@aby.drone,@iwan.diwan2,https://www.tiktok.com/@iwan.diwan2,😡😡😡 4-21,1
mobil dinas kaltim marwah,https://www.tiktok.com/@aby.drone/video/7631155160395402516,@aby.drone,@naga.bonar4229,https://www.tiktok.com/@naga.bonar4229,👍👍👍 4-21,1
mobil dinas gubernur kaltim marwah,https://www.tiktok.com/@balikpapan.aerial/video/7611418293752253703,@balikpapan.aerial,@ahmadhanif171,https://www.tiktok.com/@ahmadhanif171,marwah nya jalan nya di biarin aja wk 2-27,1
mobil dinas gubernur kaltim marwah,https://www.tiktok.com/@balikpapan.aerial/video/7611418293752253703,@balikpapan.aerial,@arieummunisa,https://www.tiktok.com/@arieummunisa,Marwah opo gengsi tho pak 😂 2-27,2
mobil dinas gubernur kaltim marwah,https://www.tiktok.com/@balikpapan.aerial/video/7611418293752253703,@balikpapan.aerial,@m3llong,https://www.tiktok.com/@m3llong,kita jaga marwah Kalimantan Timur🥰 2-27,2
mobil dinas gubernur kaltim marwah,https://www.tiktok.com/@balikpapan.aerial/video/7611418293752253703,@balikpapan.aerial,@qiyu_qiyu_86,https://www.tiktok.com/@qiyu_qiyu_86,si paling Marwah 😩😩😩😩 2-27,2
mobil dinas gubernur kaltim marwah,https://www.tiktok.com/@balikpapan.aerial/video/7611418293752253703,@balikpapan.aerial,@kikiberslin,https://www.tiktok.com/@kikiberslin,🥹🥹🥹🥹 2-27,1
